<?xml version="1.0" encoding="UTF-8"?>
<osm version="0.6" generator="openstreetmap-cgimap 2.1.0 (2768236 spike-08.openstreetmap.org)" copyright="OpenStreetMap and contributors" attribution="http://www.openstreetmap.org/copyright" license="http://opendatacommons.org/licenses/odbl/1-0/">
 <bounds minlat="49.0107630" minlon="8.4368590" maxlat="49.0123970" maxlon="8.4402360"/>
 <node id="25396517" visible="true" version="7" changeset="126630731" timestamp="2022-09-25T21:57:44Z" user="MitteloberrheinischerWaldameisenschreck" uid="5934860" lat="49.0115547" lon="8.4365244"/>
 <node id="25396526" visible="true" version="6" changeset="126630731" timestamp="2022-09-25T21:57:44Z" user="MitteloberrheinischerWaldameisenschreck" uid="5934860" lat="49.0114505" lon="8.4345668"/>
 <node id="25396608" visible="true" version="11" changeset="126630731" timestamp="2022-09-25T21:57:44Z" user="MitteloberrheinischerWaldameisenschreck" uid="5934860" lat="49.0116912" lon="8.4386064"/>
 <node id="25909780" visible="true" version="5" changeset="12267174" timestamp="2012-07-17T15:44:47Z" user="JanTH" uid="42208" lat="49.0120494" lon="8.4383490"/>
 <node id="25909781" visible="true" version="5" changeset="12267174" timestamp="2012-07-17T15:44:47Z" user="JanTH" uid="42208" lat="49.0124067" lon="8.4381807"/>
 <node id="25909783" visible="true" version="5" changeset="12267174" timestamp="2012-07-17T15:44:47Z" user="JanTH" uid="42208" lat="49.0129753" lon="8.4379292"/>
 <node id="25909784" visible="true" version="6" changeset="65681101" timestamp="2018-12-21T21:45:45Z" user="mapper999" uid="165061" lat="49.0133315" lon="8.4377693"/>
 <node id="25909785" visible="true" version="6" changeset="65681101" timestamp="2018-12-21T21:45:45Z" user="mapper999" uid="165061" lat="49.0136118" lon="8.4376249"/>
 <node id="25909787" visible="true" version="5" changeset="65681101" timestamp="2018-12-21T21:45:45Z" user="mapper999" uid="165061" lat="49.0141951" lon="8.4372877"/>
 <node id="25909788" visible="true" version="5" changeset="69372098" timestamp="2019-04-19T10:26:42Z" user="mapper999" uid="165061" lat="49.0145883" lon="8.4370317"/>
 <node id="25909790" visible="true" version="5" changeset="69372098" timestamp="2019-04-19T10:26:42Z" user="mapper999" uid="165061" lat="49.0149702" lon="8.4367642"/>
 <node id="25909793" visible="true" version="11" changeset="112026536" timestamp="2021-10-03T09:44:50Z" user="mapper999" uid="165061" lat="49.0116634" lon="8.4384441">
  <tag k="TMC:cid_58:tabcd_1:Class" v="Point"/>
  <tag k="TMC:cid_58:tabcd_1:Direction" v="negative"/>
  <tag k="TMC:cid_58:tabcd_1:LCLversion" v="9.00"/>
  <tag k="TMC:cid_58:tabcd_1:LocationCode" v="56832"/>
  <tag k="TMC:cid_58:tabcd_1:NextLocationCode" v="56833"/>
  <tag k="TMC:cid_58:tabcd_1:PrevLocationCode" v="56831"/>
 </node>
 <node id="25909794" visible="true" version="7" changeset="22781810" timestamp="2014-06-06T19:50:04Z" user="mapper999" uid="165061" lat="49.0120544" lon="8.4381778"/>
 <node id="25909797" visible="true" version="13" changeset="126630731" timestamp="2022-09-25T21:57:44Z" user="MitteloberrheinischerWaldameisenschreck" uid="5934860" lat="49.0118430" lon="8.4394659"/>
 <node id="25909798" visible="true" version="7" changeset="112026536" timestamp="2021-10-03T09:44:50Z" user="mapper999" uid="165061" lat="49.0118911" lon="8.4393010"/>
 <node id="25909802" visible="true" version="6" changeset="112026536" timestamp="2021-10-03T09:44:50Z" user="mapper999" uid="165061" lat="49.0119818" lon="8.4395118"/>
 <node id="25909804" visible="true" version="9" changeset="131338729" timestamp="2023-01-16T13:37:59Z" user="Scout Jens" uid="12466125" lat="49.0117342" lon="8.4387961">
  <tag k="highway" v="traffic_signals"/>
  <tag k="source" v="Bing 2013"/>
  <tag k="traffic_signals" v="traffic_lights"/>
  <tag k="traffic_signals:direction" v="forward"/>
 </node>
 <node id="25928855" visible="true" version="6" changeset="50308022" timestamp="2017-07-15T15:31:47Z" user="mapper999" uid="165061" lat="49.0112244" lon="8.4366644"/>
 <node id="25928856" visible="true" version="6" changeset="50308022" timestamp="2017-07-15T15:31:47Z" user="mapper999" uid="165061" lat="49.0108715" lon="8.4366979"/>
 <node id="25928867" visible="true" version="10" changeset="126630731" timestamp="2022-09-25T21:57:44Z" user="MitteloberrheinischerWaldameisenschreck" uid="5934860" lat="49.0115143" lon="8.4385621"/>
 <node id="25928868" visible="true" version="10" changeset="126630731" timestamp="2022-09-25T21:57:44Z" user="MitteloberrheinischerWaldameisenschreck" uid="5934860" lat="49.0115438" lon="8.4387232">
  <tag k="TMC:cid_58:tabcd_1:Class" v="Point"/>
  <tag k="TMC:cid_58:tabcd_1:Direction" v="positive"/>
  <tag k="TMC:cid_58:tabcd_1:LCLversion" v="9.00"/>
  <tag k="TMC:cid_58:tabcd_1:LocationCode" v="56832"/>
  <tag k="TMC:cid_58:tabcd_1:NextLocationCode" v="56833"/>
  <tag k="TMC:cid_58:tabcd_1:PrevLocationCode" v="56831"/>
 </node>
 <node id="25928869" visible="true" version="5" changeset="112026536" timestamp="2021-10-03T09:44:50Z" user="mapper999" uid="165061" lat="49.0116179" lon="8.4390242"/>
 <node id="25928870" visible="true" version="3" changeset="112026536" timestamp="2021-10-03T09:44:50Z" user="mapper999" uid="165061" lat="49.0117636" lon="8.4394511"/>
 <node id="25928871" visible="true" version="6" changeset="112026536" timestamp="2021-10-03T09:44:50Z" user="mapper999" uid="165061" lat="49.0119042" lon="8.4397385"/>
 <node id="25928872" visible="true" version="6" changeset="112026536" timestamp="2021-10-03T09:44:50Z" user="mapper999" uid="165061" lat="49.0120626" lon="8.4399880"/>
 <node id="25929526" visible="true" version="4" changeset="41285082" timestamp="2016-08-06T10:43:09Z" user="mapper999" uid="165061" lat="49.0107492" lon="8.4389300">
  <tag k="traffic_sign:backward" v="DE:274.1[30]"/>
  <tag k="traffic_sign:forward" v="DE:274.2[30]"/>
 </node>
 <node id="25929528" visible="true" version="6" changeset="22781810" timestamp="2014-06-06T19:50:04Z" user="mapper999" uid="165061" lat="49.0119575" lon="8.4382355"/>
 <node id="25929971" visible="true" version="7" changeset="50308022" timestamp="2017-07-15T15:31:47Z" user="mapper999" uid="165061" lat="49.0104878" lon="8.4372408"/>
 <node id="25929979" visible="true" version="9" changeset="157681148" timestamp="2024-10-09T16:47:14Z" user="mauriceKA" uid="221817" lat="49.0117658" lon="8.4398678">
  <tag k="amenity" v="recycling"/>
  <tag k="capacity" v="9600l"/>
  <tag k="capacity:brown" v="3200l"/>
  <tag k="capacity:green" v="3200l"/>
  <tag k="capacity:white" v="3200l"/>
  <tag k="check_date" v="2024-10-09"/>
  <tag k="check_date:recycling" v="2024-10-09"/>
  <tag k="description" v="Je 1 Container für Weiß, Braun- und Grünglas"/>
  <tag k="location" v="overground"/>
  <tag k="manufacturer" v="SSI Schäfer AG"/>
  <tag k="model" v="System Grumbach"/>
  <tag k="opening_hours" v="Mo-Sa 07:00-19:00;Su,PH off"/>
  <tag k="operator" v="Knettenbrech + Gurdulic Rhein-Neckar GmbH"/>
  <tag k="recycling:glass_bottles" v="yes"/>
  <tag k="recycling:glass_bottles:colour" v="white;green;brown"/>
  <tag k="recycling:others" v="no"/>
  <tag k="recycling_type" v="container"/>
  <tag k="start_date" v="2018-01"/>
 </node>
 <node id="28139978" visible="true" version="6" changeset="112026536" timestamp="2021-10-03T09:44:50Z" user="mapper999" uid="165061" lat="49.0121563" lon="8.4398360"/>
 <node id="28139979" visible="true" version="12" changeset="167525132" timestamp="2025-06-12T09:35:18Z" user="MrKrisKrisu" uid="1214889" lat="49.0121177" lon="8.4398985">
  <tag k="crossing:activation" v="automatic"/>
  <tag k="crossing:barrier" v="no"/>
  <tag k="crossing:bell" v="no"/>
  <tag k="crossing:chicane" v="no"/>
  <tag k="crossing:light" v="yes"/>
  <tag k="crossing:saltire" v="yes"/>
  <tag k="crossing:supervision" v="no"/>
  <tag k="railway" v="level_crossing"/>
 </node>
 <node id="261668253" visible="true" version="5" changeset="112026536" timestamp="2021-10-03T09:44:50Z" user="mapper999" uid="165061" lat="49.0115959" lon="8.4389485">
  <tag k="traffic_sign:forward" v="DE:274.1[30]"/>
 </node>
 <node id="261668265" visible="true" version="3" changeset="6714452" timestamp="2010-12-20T10:23:41Z" user="drhzbg" uid="6609" lat="49.0111304" lon="8.4393373"/>
 <node id="261668267" visible="true" version="3" changeset="6714452" timestamp="2010-12-20T10:23:42Z" user="drhzbg" uid="6609" lat="49.0108536" lon="8.4397201"/>
 <node id="261668268" visible="true" version="3" changeset="6714452" timestamp="2010-12-20T10:23:42Z" user="drhzbg" uid="6609" lat="49.0106585" lon="8.4400481"/>
 <node id="261668297" visible="true" version="4" changeset="9660245" timestamp="2011-10-26T13:23:55Z" user="dwausr" uid="442210" lat="49.0114937" lon="8.4390246"/>
 <node id="261966310" visible="true" version="4" changeset="65289954" timestamp="2018-12-08T11:03:11Z" user="mapper999" uid="165061" lat="49.0115292" lon="8.4459314"/>
 <node id="261966311" visible="true" version="4" changeset="65289954" timestamp="2018-12-08T11:03:11Z" user="mapper999" uid="165061" lat="49.0120459" lon="8.4459519"/>
 <node id="261966312" visible="true" version="6" changeset="157708047" timestamp="2024-10-10T10:15:53Z" user="Scout Jens" uid="12466125" lat="49.0119928" lon="8.4459644"/>
 <node id="261966314" visible="true" version="5" changeset="65289954" timestamp="2018-12-08T11:03:11Z" user="mapper999" uid="165061" lat="49.0117683" lon="8.4459846"/>
 <node id="261966315" visible="true" version="5" changeset="65289954" timestamp="2018-12-08T11:03:11Z" user="mapper999" uid="165061" lat="49.0117313" lon="8.4459813"/>
 <node id="325166735" visible="true" version="3" changeset="12265320" timestamp="2012-07-17T12:37:25Z" user="OSMF Redaction Account" uid="722137" lat="49.0124630" lon="8.4381086"/>
 <node id="325166856" visible="true" version="5" changeset="12267174" timestamp="2012-07-17T15:37:31Z" user="JanTH" uid="42208" lat="49.0174156" lon="8.4395781"/>
 <node id="325166884" visible="true" version="3" changeset="12266666" timestamp="2012-07-17T13:35:55Z" user="OSMF Redaction Account" uid="722137" lat="49.0137030" lon="8.4374926"/>
 <node id="325167044" visible="true" version="4" changeset="12265303" timestamp="2012-07-17T12:37:14Z" user="OSMF Redaction Account" uid="722137" lat="49.0032568" lon="8.4485630"/>
 <node id="325167119" visible="true" version="4" changeset="12266666" timestamp="2012-07-17T13:36:09Z" user="OSMF Redaction Account" uid="722137" lat="49.0156783" lon="8.4361570"/>
 <node id="325167311" visible="true" version="3" changeset="12265320" timestamp="2012-07-17T12:37:33Z" user="OSMF Redaction Account" uid="722137" lat="49.0179928" lon="8.4407237"/>
 <node id="325167344" visible="true" version="3" changeset="12266666" timestamp="2012-07-17T13:36:05Z" user="OSMF Redaction Account" uid="722137" lat="49.0147723" lon="8.4368067"/>
 <node id="325168251" visible="true" version="3" changeset="12265320" timestamp="2012-07-17T12:37:24Z" user="OSMF Redaction Account" uid="722137" lat="49.0117725" lon="8.4384962"/>
 <node id="325168575" visible="true" version="4" changeset="12388332" timestamp="2012-07-20T19:23:59Z" user="JanTH" uid="42208" lat="49.0058131" lon="8.4387125"/>
 <node id="325168683" visible="true" version="4" changeset="12265303" timestamp="2012-07-17T12:37:13Z" user="OSMF Redaction Account" uid="722137" lat="49.0028806" lon="8.4507260"/>
 <node id="325169299" visible="true" version="7" changeset="168764472" timestamp="2025-07-10T23:34:04Z" user="welzheimerwald" uid="4454169" lat="49.0028416" lon="8.4510429"/>
 <node id="366105581" visible="true" version="14" changeset="77489581" timestamp="2019-11-24T18:31:21Z" user="mapper999" uid="165061" lat="49.0113333" lon="8.4382234">
  <tag k="entrance" v="yes"/>
  <tag k="level" v="0"/>
  <tag k="steps" v="yes"/>
 </node>
 <node id="523633895" visible="true" version="4" changeset="83837144" timestamp="2020-04-20T18:18:02Z" user="mapper999" uid="165061" lat="49.0105809" lon="8.4371931"/>
 <node id="523633896" visible="true" version="4" changeset="83837144" timestamp="2020-04-20T18:18:02Z" user="mapper999" uid="165061" lat="49.0105550" lon="8.4365563"/>
 <node id="523633897" visible="true" version="4" changeset="83837144" timestamp="2020-04-20T18:18:02Z" user="mapper999" uid="165061" lat="49.0106689" lon="8.4365456"/>
 <node id="523633898" visible="true" version="4" changeset="50308022" timestamp="2017-07-15T15:31:47Z" user="mapper999" uid="165061" lat="49.0112346" lon="8.4369149"/>
 <node id="523633900" visible="true" version="4" changeset="83837144" timestamp="2020-04-20T18:18:02Z" user="mapper999" uid="165061" lat="49.0107799" lon="8.4364632"/>
 <node id="523633901" visible="true" version="4" changeset="83837144" timestamp="2020-04-20T18:18:02Z" user="mapper999" uid="165061" lat="49.0108058" lon="8.4370992"/>
 <node id="523633905" visible="true" version="4" changeset="83837144" timestamp="2020-04-20T18:18:02Z" user="mapper999" uid="165061" lat="49.0106660" lon="8.4364741"/>
 <node id="527256374" visible="true" version="4" changeset="50308022" timestamp="2017-07-15T15:31:47Z" user="mapper999" uid="165061" lat="49.0112623" lon="8.4365359"/>
 <node id="527256379" visible="true" version="5" changeset="65681876" timestamp="2018-12-21T22:29:14Z" user="mapper999" uid="165061" lat="49.0113201" lon="8.4372011"/>
 <node id="528297987" visible="true" version="7" changeset="70600445" timestamp="2019-05-24T22:02:46Z" user="mapper999" uid="165061" lat="49.0114114" lon="8.4373787">
  <tag k="brand" v="Deutsche Post"/>
  <tag k="operator" v="Deutsche Post"/>
  <tag k="removed:amenity" v="post_box"/>
 </node>
 <node id="688680801" visible="true" version="6" changeset="129129048" timestamp="2022-11-19T15:45:35Z" user="mapper999" uid="165061" lat="49.0161547" lon="8.4374842"/>
 <node id="688680812" visible="true" version="2" changeset="135330496" timestamp="2023-04-25T07:39:55Z" user="Scout Jens" uid="12466125" lat="49.0120783" lon="8.4401509"/>
 <node id="688680814" visible="true" version="3" changeset="135330496" timestamp="2023-04-25T07:39:55Z" user="Scout Jens" uid="12466125" lat="49.0129502" lon="8.4414349"/>
 <node id="688680815" visible="true" version="3" changeset="135330496" timestamp="2023-04-25T07:39:55Z" user="Scout Jens" uid="12466125" lat="49.0127946" lon="8.4416727"/>
 <node id="688680817" visible="true" version="2" changeset="135330496" timestamp="2023-04-25T07:39:55Z" user="Scout Jens" uid="12466125" lat="49.0118068" lon="8.4406505"/>
 <node id="688680818" visible="true" version="2" changeset="8940658" timestamp="2011-08-06T18:33:22Z" user="mapper999" uid="165061" lat="49.0116398" lon="8.4407989"/>
 <node id="688680822" visible="true" version="3" changeset="135330496" timestamp="2023-04-25T07:39:55Z" user="Scout Jens" uid="12466125" lat="49.0140774" lon="8.4413751"/>
 <node id="688680825" visible="true" version="2" changeset="7454993" timestamp="2011-03-04T19:05:24Z" user="mapper999" uid="165061" lat="49.0141434" lon="8.4384380"/>
 <node id="688680828" visible="true" version="3" changeset="135330496" timestamp="2023-04-25T07:39:55Z" user="Scout Jens" uid="12466125" lat="49.0137945" lon="8.4420659"/>
 <node id="688680829" visible="true" version="3" changeset="129129048" timestamp="2022-11-19T15:45:35Z" user="mapper999" uid="165061" lat="49.0144178" lon="8.4382376"/>
 <node id="688680835" visible="true" version="5" changeset="64371291" timestamp="2018-11-11T10:49:37Z" user="mapper999" uid="165061" lat="49.0125568" lon="8.4464738"/>
 <node id="688680839" visible="true" version="4" changeset="87541418" timestamp="2020-07-04T21:07:32Z" user="mapper999" uid="165061" lat="49.0145954" lon="8.4478741"/>
 <node id="688680840" visible="true" version="5" changeset="111984010" timestamp="2021-10-01T22:26:59Z" user="mapper999" uid="165061" lat="49.0165369" lon="8.4382703"/>
 <node id="688680843" visible="true" version="6" changeset="134132506" timestamp="2023-03-26T11:29:02Z" user="mapper999" uid="165061" lat="49.0175160" lon="8.4400587"/>
 <node id="688680844" visible="true" version="5" changeset="89772921" timestamp="2020-08-22T07:45:46Z" user="mapper999" uid="165061" lat="49.0179049" lon="8.4408836"/>
 <node id="688680847" visible="true" version="8" changeset="89772921" timestamp="2020-08-22T07:45:46Z" user="mapper999" uid="165061" lat="49.0179053" lon="8.4415408"/>
 <node id="688680848" visible="true" version="3" changeset="8954174" timestamp="2011-08-08T06:54:27Z" user="drhzbg" uid="6609" lat="49.0184248" lon="8.4420069"/>
 <node id="688680849" visible="true" version="3" changeset="8954174" timestamp="2011-08-08T06:54:27Z" user="drhzbg" uid="6609" lat="49.0187339" lon="8.4422733"/>
 <node id="688680851" visible="true" version="5" changeset="65681101" timestamp="2018-12-21T21:45:46Z" user="mapper999" uid="165061" lat="49.0198378" lon="8.4439736"/>
 <node id="688680852" visible="true" version="5" changeset="64172982" timestamp="2018-11-04T17:37:32Z" user="mapper999" uid="165061" lat="49.0209294" lon="8.4453981"/>
 <node id="688680859" visible="true" version="4" changeset="9155222" timestamp="2011-08-29T09:21:07Z" user="drhzbg" uid="6609" lat="49.0165047" lon="8.4490286"/>
 <node id="688680862" visible="true" version="3" changeset="9155163" timestamp="2011-08-29T09:16:00Z" user="drhzbg" uid="6609" lat="49.0182376" lon="8.4498904"/>
 <node id="688680863" visible="true" version="5" changeset="7345952" timestamp="2011-02-20T18:34:47Z" user="mapper999" uid="165061" lat="49.0198342" lon="8.4492785"/>
 <node id="771330664" visible="true" version="16" changeset="67916107" timestamp="2019-03-08T10:04:28Z" user="b-jazz-bot" uid="9451067" lat="49.0113727" lon="8.4377359">
  <tag k="name" v="Packstation 121"/>
  <tag k="operator" v="DHL"/>
  <tag k="postal_code" v="76131"/>
  <tag k="ref" v="121"/>
  <tag k="removed:amenity" v="vending_machine"/>
  <tag k="type" v="Rondell"/>
  <tag k="vending" v="parcel_pickup;parcel_mail_in"/>
  <tag k="website" v="https://www.packstation.de/"/>
 </node>
 <node id="791258531" visible="true" version="4" changeset="50629866" timestamp="2017-07-27T19:41:56Z" user="mapper999" uid="165061" lat="49.0123097" lon="8.4385790"/>
 <node id="791258534" visible="true" version="4" changeset="50629866" timestamp="2017-07-27T19:41:56Z" user="mapper999" uid="165061" lat="49.0123645" lon="8.4388716"/>
 <node id="791258536" visible="true" version="4" changeset="50629866" timestamp="2017-07-27T19:41:56Z" user="mapper999" uid="165061" lat="49.0119834" lon="8.4390375"/>
 <node id="1035924179" visible="true" version="3" changeset="8808959" timestamp="2011-07-23T18:42:28Z" user="user_212553" uid="212553" lat="49.0113546" lon="8.4401621"/>
 <node id="1035924183" visible="true" version="3" changeset="8808959" timestamp="2011-07-23T18:42:28Z" user="user_212553" uid="212553" lat="49.0111188" lon="8.4406413"/>
 <node id="1035924190" visible="true" version="3" changeset="8808959" timestamp="2011-07-23T18:42:28Z" user="user_212553" uid="212553" lat="49.0109638" lon="8.4397143"/>
 <node id="1035924245" visible="true" version="3" changeset="8808959" timestamp="2011-07-23T18:42:29Z" user="user_212553" uid="212553" lat="49.0107406" lon="8.4401989"/>
 <node id="1043735610" visible="true" version="3" changeset="66866967" timestamp="2019-02-02T23:10:13Z" user="mapper999" uid="165061" lat="49.0110791" lon="8.4383455"/>
 <node id="1043735617" visible="true" version="4" changeset="70835993" timestamp="2019-06-01T13:47:50Z" user="mapper999" uid="165061" lat="49.0105928" lon="8.4373403"/>
 <node id="1043735619" visible="true" version="3" changeset="66866967" timestamp="2019-02-02T23:10:13Z" user="mapper999" uid="165061" lat="49.0107293" lon="8.4386304"/>
 <node id="1043735620" visible="true" version="3" changeset="83837144" timestamp="2020-04-20T18:18:02Z" user="mapper999" uid="165061" lat="49.0106436" lon="8.4371871"/>
 <node id="1043735622" visible="true" version="3" changeset="66866967" timestamp="2019-02-02T23:10:13Z" user="mapper999" uid="165061" lat="49.0110116" lon="8.4384160"/>
 <node id="1043735623" visible="true" version="3" changeset="83837144" timestamp="2020-04-20T18:18:02Z" user="mapper999" uid="165061" lat="49.0107829" lon="8.4365348"/>
 <node id="1043735625" visible="true" version="3" changeset="66866967" timestamp="2019-02-02T23:10:13Z" user="mapper999" uid="165061" lat="49.0111187" lon="8.4384409"/>
 <node id="1043735631" visible="true" version="3" changeset="66866967" timestamp="2019-02-02T23:10:13Z" user="mapper999" uid="165061" lat="49.0107957" lon="8.4387782"/>
 <node id="1043735633" visible="true" version="3" changeset="66866967" timestamp="2019-02-02T23:10:13Z" user="mapper999" uid="165061" lat="49.0109870" lon="8.4383613"/>
 <node id="1048439457" visible="true" version="3" changeset="112762009" timestamp="2021-10-20T20:26:53Z" user="Pamalosebi" uid="14321673" lat="49.0132646" lon="8.4420809"/>
 <node id="1051268911" visible="true" version="3" changeset="17005511" timestamp="2013-07-18T21:58:32Z" user="floscher" uid="470034" lat="49.0102960" lon="8.4411804"/>
 <node id="1051268926" visible="true" version="3" changeset="17005511" timestamp="2013-07-18T21:58:32Z" user="floscher" uid="470034" lat="49.0096902" lon="8.4423637"/>
 <node id="1051268942" visible="true" version="1" changeset="6714452" timestamp="2010-12-20T10:23:39Z" user="drhzbg" uid="6609" lat="49.0113833" lon="8.4390714"/>
 <node id="1052292277" visible="true" version="2" changeset="69749744" timestamp="2019-04-30T19:56:58Z" user="mapper999" uid="165061" lat="49.0122049" lon="8.4404388"/>
 <node id="1052292283" visible="true" version="2" changeset="112026536" timestamp="2021-10-03T09:44:50Z" user="mapper999" uid="165061" lat="49.0126260" lon="8.4416474"/>
 <node id="1052292387" visible="true" version="2" changeset="69749744" timestamp="2019-04-30T19:56:58Z" user="mapper999" uid="165061" lat="49.0122399" lon="8.4403766"/>
 <node id="1052292495" visible="true" version="2" changeset="69749744" timestamp="2019-04-30T19:56:58Z" user="mapper999" uid="165061" lat="49.0121347" lon="8.4403468"/>
 <node id="1052292524" visible="true" version="2" changeset="69749744" timestamp="2019-04-30T19:56:58Z" user="mapper999" uid="165061" lat="49.0121213" lon="8.4402213"/>
 <node id="1056101548" visible="true" version="4" changeset="85043861" timestamp="2020-05-11T20:07:10Z" user="mapper999" uid="165061" lat="49.0140677" lon="8.4419032"/>
 <node id="1056101584" visible="true" version="4" changeset="85043861" timestamp="2020-05-11T20:07:10Z" user="mapper999" uid="165061" lat="49.0141934" lon="8.4420293"/>
 <node id="1082263794" visible="true" version="2" changeset="8807866" timestamp="2011-07-23T16:33:08Z" user="user_212553" uid="212553" lat="49.0119650" lon="8.4373947"/>
 <node id="1082263805" visible="true" version="2" changeset="8807866" timestamp="2011-07-23T16:33:08Z" user="user_212553" uid="212553" lat="49.0119950" lon="8.4375954"/>
 <node id="1082263863" visible="true" version="2" changeset="8807866" timestamp="2011-07-23T16:33:09Z" user="user_212553" uid="212553" lat="49.0120666" lon="8.4373596"/>
 <node id="1082263877" visible="true" version="2" changeset="8807866" timestamp="2011-07-23T16:33:09Z" user="user_212553" uid="212553" lat="49.0119553" lon="8.4367418"/>
 <node id="1082263930" visible="true" version="2" changeset="8807866" timestamp="2011-07-23T16:33:10Z" user="user_212553" uid="212553" lat="49.0118510" lon="8.4367974"/>
 <node id="1082263963" visible="true" version="2" changeset="8807866" timestamp="2011-07-23T16:33:10Z" user="user_212553" uid="212553" lat="49.0120965" lon="8.4375615"/>
 <node id="1130759993" visible="true" version="1" changeset="7152362" timestamp="2011-02-01T08:12:42Z" user="drhzbg" uid="6609" lat="49.0184177" lon="8.4488108"/>
 <node id="1130760024" visible="true" version="1" changeset="7152362" timestamp="2011-02-01T08:12:43Z" user="drhzbg" uid="6609" lat="49.0178282" lon="8.4496536"/>
 <node id="1130760057" visible="true" version="1" changeset="7152362" timestamp="2011-02-01T08:12:44Z" user="drhzbg" uid="6609" lat="49.0178012" lon="8.4496440"/>
 <node id="1130760065" visible="true" version="1" changeset="7152362" timestamp="2011-02-01T08:12:44Z" user="drhzbg" uid="6609" lat="49.0178480" lon="8.4496871"/>
 <node id="1130760122" visible="true" version="1" changeset="7152362" timestamp="2011-02-01T08:12:46Z" user="drhzbg" uid="6609" lat="49.0179079" lon="8.4497084"/>
 <node id="1130760164" visible="true" version="1" changeset="7152362" timestamp="2011-02-01T08:12:47Z" user="drhzbg" uid="6609" lat="49.0178244" lon="8.4496787"/>
 <node id="1137281418" visible="true" version="2" changeset="72031825" timestamp="2019-07-08T22:33:16Z" user="mapper999" uid="165061" lat="49.0206716" lon="8.4475166"/>
 <node id="1137281462" visible="true" version="2" changeset="12515434" timestamp="2012-07-27T19:13:56Z" user="user_7622" uid="7622" lat="49.0204389" lon="8.4481281"/>
 <node id="1137281490" visible="true" version="1" changeset="7191036" timestamp="2011-02-05T11:09:15Z" user="mapper999" uid="165061" lat="49.0203399" lon="8.4483868"/>
 <node id="1139735740" visible="true" version="2" changeset="7345952" timestamp="2011-02-20T18:34:49Z" user="mapper999" uid="165061" lat="49.0201024" lon="8.4486802"/>
 <node id="1143095799" visible="true" version="4" changeset="126630731" timestamp="2022-09-25T21:57:44Z" user="MitteloberrheinischerWaldameisenschreck" uid="5934860" lat="49.0117432" lon="8.4392092"/>
 <node id="1143095801" visible="true" version="4" changeset="126630731" timestamp="2022-09-25T21:57:44Z" user="MitteloberrheinischerWaldameisenschreck" uid="5934860" lat="49.0119526" lon="8.4396859"/>
 <node id="1143095804" visible="true" version="4" changeset="126630731" timestamp="2022-09-25T21:57:44Z" user="MitteloberrheinischerWaldameisenschreck" uid="5934860" lat="49.0117655" lon="8.4391837"/>
 <node id="1143095812" visible="true" version="8" changeset="133786724" timestamp="2023-03-17T12:34:37Z" user="B-Rabbit" uid="952926" lat="49.0115751" lon="8.4385119">
  <tag k="crossing:barrier" v="no"/>
  <tag k="crossing:bell" v="no"/>
  <tag k="crossing:chicane" v="no"/>
  <tag k="crossing:light" v="traffic_signals"/>
  <tag k="crossing:saltire" v="yes"/>
  <tag k="crossing:supervision" v="no"/>
  <tag k="note" v="in Ampelsteuerung der Kreuzung integriert, keine extra Signalanlage für Bahnübergang"/>
  <tag k="railway" v="tram_level_crossing"/>
 </node>
 <node id="1143095817" visible="true" version="4" changeset="126630731" timestamp="2022-09-25T21:57:44Z" user="MitteloberrheinischerWaldameisenschreck" uid="5934860" lat="49.0116547" lon="8.4389152"/>
 <node id="1143095818" visible="true" version="4" changeset="126630731" timestamp="2022-09-25T21:57:44Z" user="MitteloberrheinischerWaldameisenschreck" uid="5934860" lat="49.0117897" lon="8.4393360"/>
 <node id="1143095820" visible="true" version="3" changeset="126630731" timestamp="2022-09-25T21:57:44Z" user="MitteloberrheinischerWaldameisenschreck" uid="5934860" lat="49.0115089" lon="8.4373816"/>
 <node id="1143095823" visible="true" version="7" changeset="133786724" timestamp="2023-03-17T12:34:37Z" user="B-Rabbit" uid="952926" lat="49.0116532" lon="8.4387849">
  <tag k="crossing:activation" v="automatic"/>
  <tag k="crossing:barrier" v="no"/>
  <tag k="crossing:bell" v="no"/>
  <tag k="crossing:chicane" v="no"/>
  <tag k="crossing:light" v="yes"/>
  <tag k="crossing:saltire" v="no"/>
  <tag k="crossing:supervision" v="no"/>
  <tag k="railway" v="tram_crossing"/>
 </node>
 <node id="1143095824" visible="true" version="3" changeset="126630731" timestamp="2022-09-25T21:57:44Z" user="MitteloberrheinischerWaldameisenschreck" uid="5934860" lat="49.0119086" lon="8.4395358"/>
 <node id="1143095832" visible="true" version="4" changeset="126630731" timestamp="2022-09-25T21:57:44Z" user="MitteloberrheinischerWaldameisenschreck" uid="5934860" lat="49.0119061" lon="8.4395972"/>
 <node id="1143095834" visible="true" version="3" changeset="126630731" timestamp="2022-09-25T21:57:44Z" user="MitteloberrheinischerWaldameisenschreck" uid="5934860" lat="49.0115381" lon="8.4380629"/>
 <node id="1143095837" visible="true" version="8" changeset="167525132" timestamp="2025-06-12T09:35:18Z" user="MrKrisKrisu" uid="1214889" lat="49.0120995" lon="8.4399281">
  <tag k="crossing:activation" v="automatic"/>
  <tag k="crossing:barrier" v="no"/>
  <tag k="crossing:bell" v="no"/>
  <tag k="crossing:chicane" v="no"/>
  <tag k="crossing:light" v="yes"/>
  <tag k="crossing:saltire" v="yes"/>
  <tag k="crossing:supervision" v="no"/>
  <tag k="railway" v="level_crossing"/>
 </node>
 <node id="1143095839" visible="true" version="4" changeset="126630731" timestamp="2022-09-25T21:57:44Z" user="MitteloberrheinischerWaldameisenschreck" uid="5934860" lat="49.0117253" lon="8.4390587"/>
 <node id="1143095841" visible="true" version="3" changeset="126630731" timestamp="2022-09-25T21:57:44Z" user="MitteloberrheinischerWaldameisenschreck" uid="5934860" lat="49.0116957" lon="8.4389583"/>
 <node id="1143095843" visible="true" version="4" changeset="126630731" timestamp="2022-09-25T21:57:44Z" user="MitteloberrheinischerWaldameisenschreck" uid="5934860" lat="49.0115774" lon="8.4382597"/>
 <node id="1143095845" visible="true" version="7" changeset="133786724" timestamp="2023-03-17T12:34:37Z" user="B-Rabbit" uid="952926" lat="49.0116270" lon="8.4388040">
  <tag k="crossing:activation" v="automatic"/>
  <tag k="crossing:barrier" v="no"/>
  <tag k="crossing:bell" v="no"/>
  <tag k="crossing:chicane" v="no"/>
  <tag k="crossing:light" v="yes"/>
  <tag k="crossing:saltire" v="no"/>
  <tag k="crossing:supervision" v="no"/>
  <tag k="railway" v="tram_crossing"/>
 </node>
 <node id="1143095851" visible="true" version="7" changeset="133786724" timestamp="2023-03-17T12:34:37Z" user="B-Rabbit" uid="952926" lat="49.0116022" lon="8.4384929">
  <tag k="crossing:barrier" v="no"/>
  <tag k="crossing:bell" v="no"/>
  <tag k="crossing:chicane" v="no"/>
  <tag k="crossing:light" v="traffic_signals"/>
  <tag k="crossing:saltire" v="yes"/>
  <tag k="crossing:supervision" v="no"/>
  <tag k="note" v="in Ampelsteuerung der Kreuzung integriert, keine extra Signalanlage für Bahnübergang"/>
  <tag k="railway" v="tram_level_crossing"/>
 </node>
 <node id="1143095852" visible="true" version="7" changeset="133786724" timestamp="2023-03-17T12:34:37Z" user="B-Rabbit" uid="952926" lat="49.0116269" lon="8.4386562">
  <tag k="crossing:barrier" v="no"/>
  <tag k="crossing:bell" v="no"/>
  <tag k="crossing:chicane" v="no"/>
  <tag k="crossing:light" v="traffic_signals"/>
  <tag k="crossing:saltire" v="yes"/>
  <tag k="crossing:supervision" v="no"/>
  <tag k="note" v="in Ampelsteuerung der Kreuzung integriert, keine extra Signalanlage für Bahnübergang"/>
  <tag k="railway" v="tram_level_crossing"/>
 </node>
 <node id="1143095855" visible="true" version="3" changeset="126630731" timestamp="2022-09-25T21:57:44Z" user="MitteloberrheinischerWaldameisenschreck" uid="5934860" lat="49.0115334" lon="8.4373444"/>
 <node id="1143095859" visible="true" version="8" changeset="133786724" timestamp="2023-03-17T12:34:37Z" user="B-Rabbit" uid="952926" lat="49.0115997" lon="8.4386772">
  <tag k="crossing:barrier" v="no"/>
  <tag k="crossing:bell" v="no"/>
  <tag k="crossing:chicane" v="no"/>
  <tag k="crossing:light" v="traffic_signals"/>
  <tag k="crossing:saltire" v="yes"/>
  <tag k="crossing:supervision" v="no"/>
  <tag k="note" v="in Ampelsteuerung der Kreuzung integriert, keine extra Signalanlage für Bahnübergang"/>
  <tag k="railway" v="tram_level_crossing"/>
 </node>
 <node id="1143095861" visible="true" version="4" changeset="126630731" timestamp="2022-09-25T21:57:44Z" user="MitteloberrheinischerWaldameisenschreck" uid="5934860" lat="49.0116966" lon="8.4390673"/>
 <node id="1143095863" visible="true" version="4" changeset="126630731" timestamp="2022-09-25T21:57:44Z" user="MitteloberrheinischerWaldameisenschreck" uid="5934860" lat="49.0115678" lon="8.4380964"/>
 <node id="1143095865" visible="true" version="3" changeset="126630731" timestamp="2022-09-25T21:57:44Z" user="MitteloberrheinischerWaldameisenschreck" uid="5934860" lat="49.0118552" lon="8.4394191"/>
 <node id="1143095866" visible="true" version="8" changeset="126630731" timestamp="2022-09-25T21:57:44Z" user="MitteloberrheinischerWaldameisenschreck" uid="5934860" lat="49.0116756" lon="8.4388768"/>
 <node id="1143095872" visible="true" version="4" changeset="126630731" timestamp="2022-09-25T21:57:44Z" user="MitteloberrheinischerWaldameisenschreck" uid="5934860" lat="49.0118110" lon="8.4393087"/>
 <node id="1143095873" visible="true" version="3" changeset="126630731" timestamp="2022-09-25T21:57:44Z" user="MitteloberrheinischerWaldameisenschreck" uid="5934860" lat="49.0115475" lon="8.4382503"/>
 <node id="1143095874" visible="true" version="4" changeset="126630731" timestamp="2022-09-25T21:57:44Z" user="MitteloberrheinischerWaldameisenschreck" uid="5934860" lat="49.0119599" lon="8.4396350"/>
 <node id="1146425173" visible="true" version="3" changeset="65681101" timestamp="2018-12-21T21:45:46Z" user="mapper999" uid="165061" lat="49.0192967" lon="8.4431921"/>
 <node id="1148788406" visible="true" version="3" changeset="134132506" timestamp="2023-03-26T11:29:02Z" user="mapper999" uid="165061" lat="49.0180608" lon="8.4411384"/>
 <node id="1149682758" visible="true" version="2" changeset="131338729" timestamp="2023-01-16T13:37:59Z" user="Scout Jens" uid="12466125" lat="49.0136262" lon="8.4374300"/>
 <node id="1149682790" visible="true" version="2" changeset="131338729" timestamp="2023-01-16T13:37:59Z" user="Scout Jens" uid="12466125" lat="49.0150545" lon="8.4366527"/>
 <node id="1149682798" visible="true" version="2" changeset="131338729" timestamp="2023-01-16T13:37:59Z" user="Scout Jens" uid="12466125" lat="49.0122592" lon="8.4382073"/>
 <node id="1149682805" visible="true" version="1" changeset="7269399" timestamp="2011-02-12T21:56:31Z" user="mapper999" uid="165061" lat="49.0148968" lon="8.4366850"/>
 <node id="1149682818" visible="true" version="2" changeset="131338729" timestamp="2023-01-16T13:37:59Z" user="Scout Jens" uid="12466125" lat="49.0130761" lon="8.4377176"/>
 <node id="1149682821" visible="true" version="1" changeset="7269399" timestamp="2011-02-12T21:56:32Z" user="mapper999" uid="165061" lat="49.0153727" lon="8.4364150"/>
 <node id="1149682823" visible="true" version="1" changeset="7269399" timestamp="2011-02-12T21:56:32Z" user="mapper999" uid="165061" lat="49.0141457" lon="8.4372640"/>
 <node id="1149682829" visible="true" version="2" changeset="131338729" timestamp="2023-01-16T13:37:59Z" user="Scout Jens" uid="12466125" lat="49.0119072" lon="8.4383990"/>
 <node id="1149682852" visible="true" version="1" changeset="7269399" timestamp="2011-02-12T21:56:33Z" user="mapper999" uid="165061" lat="49.0149025" lon="8.4366164"/>
 <node id="1149682859" visible="true" version="1" changeset="7269399" timestamp="2011-02-12T21:56:33Z" user="mapper999" uid="165061" lat="49.0155855" lon="8.4362541"/>
 <node id="1149682861" visible="true" version="3" changeset="131338729" timestamp="2023-01-16T13:37:59Z" user="Scout Jens" uid="12466125" lat="49.0117570" lon="8.4384817"/>
 <node id="1149682865" visible="true" version="1" changeset="7269399" timestamp="2011-02-12T21:56:33Z" user="mapper999" uid="165061" lat="49.0152882" lon="8.4363332"/>
 <node id="1149682869" visible="true" version="2" changeset="131338729" timestamp="2023-01-16T13:37:59Z" user="Scout Jens" uid="12466125" lat="49.0119318" lon="8.4383628"/>
 <node id="1149682882" visible="true" version="2" changeset="131338729" timestamp="2023-01-16T13:37:59Z" user="Scout Jens" uid="12466125" lat="49.0121546" lon="8.4382292"/>
 <node id="1149682885" visible="true" version="1" changeset="7269399" timestamp="2011-02-12T21:56:34Z" user="mapper999" uid="165061" lat="49.0142059" lon="8.4370898"/>
 <node id="1149682892" visible="true" version="1" changeset="7269399" timestamp="2011-02-12T21:56:34Z" user="mapper999" uid="165061" lat="49.0130981" lon="8.4378219"/>
 <node id="1149682896" visible="true" version="1" changeset="7269399" timestamp="2011-02-12T21:56:34Z" user="mapper999" uid="165061" lat="49.0146602" lon="8.4369233"/>
 <node id="1149682898" visible="true" version="2" changeset="131338729" timestamp="2023-01-16T13:37:59Z" user="Scout Jens" uid="12466125" lat="49.0124845" lon="8.4381068"/>
 <node id="1149682904" visible="true" version="2" changeset="131338729" timestamp="2023-01-16T13:37:59Z" user="Scout Jens" uid="12466125" lat="49.0139462" lon="8.4372582"/>
 <node id="1149682910" visible="true" version="2" changeset="131338729" timestamp="2023-01-16T13:37:59Z" user="Scout Jens" uid="12466125" lat="49.0124088" lon="8.4380608"/>
 <node id="1149682920" visible="true" version="2" changeset="131338729" timestamp="2023-01-16T13:37:59Z" user="Scout Jens" uid="12466125" lat="49.0127237" lon="8.4378983"/>
 <node id="1149682926" visible="true" version="1" changeset="7269399" timestamp="2011-02-12T21:56:35Z" user="mapper999" uid="165061" lat="49.0147031" lon="8.4368154"/>
 <node id="1149682945" visible="true" version="2" changeset="131338729" timestamp="2023-01-16T13:37:59Z" user="Scout Jens" uid="12466125" lat="49.0120368" lon="8.4383206"/>
 <node id="1149682947" visible="true" version="2" changeset="131338729" timestamp="2023-01-16T13:37:59Z" user="Scout Jens" uid="12466125" lat="49.0122271" lon="8.4381822"/>
 <node id="1149682950" visible="true" version="1" changeset="7269399" timestamp="2011-02-12T21:56:35Z" user="mapper999" uid="165061" lat="49.0145072" lon="8.4368885"/>
 <node id="1149682953" visible="true" version="2" changeset="131338729" timestamp="2023-01-16T13:37:59Z" user="Scout Jens" uid="12466125" lat="49.0150990" lon="8.4364821"/>
 <node id="1149682955" visible="true" version="2" changeset="131338729" timestamp="2023-01-16T13:37:59Z" user="Scout Jens" uid="12466125" lat="49.0133813" lon="8.4375608"/>
 <node id="1149682978" visible="true" version="1" changeset="7269399" timestamp="2011-02-12T21:56:36Z" user="mapper999" uid="165061" lat="49.0147192" lon="8.4367382"/>
 <node id="1149682980" visible="true" version="2" changeset="131338729" timestamp="2023-01-16T13:37:59Z" user="Scout Jens" uid="12466125" lat="49.0128211" lon="8.4379550"/>
 <node id="1149682987" visible="true" version="2" changeset="131338729" timestamp="2023-01-16T13:37:59Z" user="Scout Jens" uid="12466125" lat="49.0134369" lon="8.4376718"/>
 <node id="1149682997" visible="true" version="3" changeset="131338729" timestamp="2023-01-16T13:37:59Z" user="Scout Jens" uid="12466125" lat="49.0117593" lon="8.4384980"/>
 <node id="1149683000" visible="true" version="2" changeset="131338729" timestamp="2023-01-16T13:37:59Z" user="Scout Jens" uid="12466125" lat="49.0138267" lon="8.4374660"/>
 <node id="1149683002" visible="true" version="1" changeset="7269399" timestamp="2011-02-12T21:56:36Z" user="mapper999" uid="165061" lat="49.0155442" lon="8.4361428"/>
 <node id="1179167950" visible="true" version="2" changeset="9190449" timestamp="2011-09-02T06:34:11Z" user="drhzbg" uid="6609" lat="49.0127525" lon="8.4466681"/>
 <node id="1179391239" visible="true" version="2" changeset="12388332" timestamp="2012-07-20T19:23:58Z" user="JanTH" uid="42208" lat="49.0085409" lon="8.4422413"/>
 <node id="1186225241" visible="true" version="1" changeset="7454993" timestamp="2011-03-04T19:05:21Z" user="mapper999" uid="165061" lat="49.0156630" lon="8.4364472"/>
 <node id="1186225252" visible="true" version="1" changeset="7454993" timestamp="2011-03-04T19:05:21Z" user="mapper999" uid="165061" lat="49.0155583" lon="8.4364526"/>
 <node id="1186225278" visible="true" version="1" changeset="7454993" timestamp="2011-03-04T19:05:21Z" user="mapper999" uid="165061" lat="49.0154765" lon="8.4364942"/>
 <node id="1186225281" visible="true" version="1" changeset="7454993" timestamp="2011-03-04T19:05:21Z" user="mapper999" uid="165061" lat="49.0156032" lon="8.4364405"/>
 <node id="1186225298" visible="true" version="2" changeset="89792207" timestamp="2020-08-22T20:33:03Z" user="mapper999" uid="165061" lat="49.0152377" lon="8.4366537"/>
 <node id="1186225311" visible="true" version="2" changeset="89792207" timestamp="2020-08-22T20:33:03Z" user="mapper999" uid="165061" lat="49.0153714" lon="8.4365760"/>
 <node id="1186225313" visible="true" version="1" changeset="7454993" timestamp="2011-03-04T19:05:22Z" user="mapper999" uid="165061" lat="49.0156375" lon="8.4364419"/>
 <node id="1186225316" visible="true" version="4" changeset="156169847" timestamp="2024-09-04T06:12:54Z" user="Scout Jens" uid="12466125" lat="49.0140866" lon="8.4384004"/>
 <node id="1186232762" visible="true" version="1" changeset="7454993" timestamp="2011-03-04T19:08:39Z" user="mapper999" uid="165061" lat="49.0142046" lon="8.4382001"/>
 <node id="1186232784" visible="true" version="2" changeset="89792207" timestamp="2020-08-22T20:33:03Z" user="mapper999" uid="165061" lat="49.0145780" lon="8.4371077"/>
 <node id="1186232787" visible="true" version="2" changeset="89792207" timestamp="2020-08-22T20:33:03Z" user="mapper999" uid="165061" lat="49.0148854" lon="8.4368965"/>
 <node id="1186232789" visible="true" version="1" changeset="7454993" timestamp="2011-03-04T19:08:40Z" user="mapper999" uid="165061" lat="49.0124076" lon="8.4382403"/>
 <node id="1186232797" visible="true" version="1" changeset="7454993" timestamp="2011-03-04T19:08:40Z" user="mapper999" uid="165061" lat="49.0158679" lon="8.4368482"/>
 <node id="1186232802" visible="true" version="1" changeset="7454993" timestamp="2011-03-04T19:08:40Z" user="mapper999" uid="165061" lat="49.0157219" lon="8.4364915"/>
 <node id="1186232805" visible="true" version="1" changeset="7454993" timestamp="2011-03-04T19:08:40Z" user="mapper999" uid="165061" lat="49.0157474" lon="8.4365398"/>
 <node id="1186232818" visible="true" version="1" changeset="7454993" timestamp="2011-03-04T19:08:40Z" user="mapper999" uid="165061" lat="49.0158547" lon="8.4368818"/>
 <node id="1186232820" visible="true" version="3" changeset="89792207" timestamp="2020-08-22T20:33:03Z" user="mapper999" uid="165061" lat="49.0140606" lon="8.4382172"/>
 <node id="1186232844" visible="true" version="2" changeset="50629866" timestamp="2017-07-27T19:41:56Z" user="mapper999" uid="165061" lat="49.0123935" lon="8.4390289"/>
 <node id="1186232847" visible="true" version="1" changeset="7454993" timestamp="2011-03-04T19:08:41Z" user="mapper999" uid="165061" lat="49.0152909" lon="8.4373954"/>
 <node id="1186232851" visible="true" version="4" changeset="166086644" timestamp="2025-05-10T21:19:14Z" user="gerjor" uid="22883170" lat="49.0136777" lon="8.4376951"/>
 <node id="1186232853" visible="true" version="1" changeset="7454993" timestamp="2011-03-04T19:08:41Z" user="mapper999" uid="165061" lat="49.0156885" lon="8.4364660"/>
 <node id="1186232863" visible="true" version="1" changeset="7454993" timestamp="2011-03-04T19:08:41Z" user="mapper999" uid="165061" lat="49.0156251" lon="8.4370869"/>
 <node id="1186232870" visible="true" version="2" changeset="50629866" timestamp="2017-07-27T19:41:56Z" user="mapper999" uid="165061" lat="49.0122616" lon="8.4383154"/>
 <node id="1186232872" visible="true" version="1" changeset="7454993" timestamp="2011-03-04T19:08:41Z" user="mapper999" uid="165061" lat="49.0125888" lon="8.4381491"/>
 <node id="1186232878" visible="true" version="1" changeset="7454993" timestamp="2011-03-04T19:08:41Z" user="mapper999" uid="165061" lat="49.0147843" lon="8.4378246"/>
 <node id="1227755163" visible="true" version="2" changeset="64371291" timestamp="2018-11-11T10:49:37Z" user="mapper999" uid="165061" lat="49.0124938" lon="8.4459871"/>
 <node id="1227755210" visible="true" version="3" changeset="64371291" timestamp="2018-11-11T10:49:37Z" user="mapper999" uid="165061" lat="49.0124061" lon="8.4458960"/>
 <node id="1247740724" visible="true" version="3" changeset="50308022" timestamp="2017-07-15T15:31:47Z" user="mapper999" uid="165061" lat="49.0113201" lon="8.4365305"/>
 <node id="1247740771" visible="true" version="2" changeset="8940658" timestamp="2011-08-06T18:27:33Z" user="mapper999" uid="165061" lat="49.0113541" lon="8.4372761"/>
 <node id="1285403372" visible="true" version="2" changeset="8808959" timestamp="2011-07-23T18:42:33Z" user="user_212553" uid="212553" lat="49.0107123" lon="8.4374533"/>
 <node id="1285437075" visible="true" version="2" changeset="8808959" timestamp="2011-07-23T18:42:33Z" user="user_212553" uid="212553" lat="49.0113249" lon="8.4377454"/>
 <node id="1285437078" visible="true" version="2" changeset="8808959" timestamp="2011-07-23T18:42:33Z" user="user_212553" uid="212553" lat="49.0108537" lon="8.4378326"/>
 <node id="1285437080" visible="true" version="2" changeset="8808959" timestamp="2011-07-23T18:42:34Z" user="user_212553" uid="212553" lat="49.0110202" lon="8.4377741"/>
 <node id="1285437082" visible="true" version="2" changeset="8808959" timestamp="2011-07-23T18:42:34Z" user="user_212553" uid="212553" lat="49.0109901" lon="8.4378173"/>
 <node id="1285437084" visible="true" version="2" changeset="8808959" timestamp="2011-07-23T18:42:34Z" user="user_212553" uid="212553" lat="49.0110266" lon="8.4373703"/>
 <node id="1285437088" visible="true" version="2" changeset="8808959" timestamp="2011-07-23T18:42:34Z" user="user_212553" uid="212553" lat="49.0109730" lon="8.4374285"/>
 <node id="1285437100" visible="true" version="2" changeset="8808959" timestamp="2011-07-23T18:42:34Z" user="user_212553" uid="212553" lat="49.0113086" lon="8.4373437"/>
 <node id="1285437102" visible="true" version="2" changeset="8808959" timestamp="2011-07-23T18:42:34Z" user="user_212553" uid="212553" lat="49.0108364" lon="8.4374425"/>
 <node id="1293662797" visible="true" version="3" changeset="67049774" timestamp="2019-02-09T13:56:43Z" user="mapper999" uid="165061" lat="49.0107609" lon="8.4379923"/>
 <node id="1293662799" visible="true" version="3" changeset="70600445" timestamp="2019-05-24T22:02:47Z" user="mapper999" uid="165061" lat="49.0112704" lon="8.4380898"/>
 <node id="1293662802" visible="true" version="3" changeset="70600445" timestamp="2019-05-24T22:02:47Z" user="mapper999" uid="165061" lat="49.0112819" lon="8.4377904"/>
 <node id="1293662805" visible="true" version="3" changeset="70600445" timestamp="2019-05-24T22:02:47Z" user="mapper999" uid="165061" lat="49.0113335" lon="8.4377863"/>
 <node id="1293662810" visible="true" version="3" changeset="70600445" timestamp="2019-05-24T22:02:47Z" user="mapper999" uid="165061" lat="49.0111674" lon="8.4378785"/>
 <node id="1293662812" visible="true" version="3" changeset="67049774" timestamp="2019-02-09T13:56:43Z" user="mapper999" uid="165061" lat="49.0108219" lon="8.4379866"/>
 <node id="1293662818" visible="true" version="3" changeset="67049774" timestamp="2019-02-09T13:56:43Z" user="mapper999" uid="165061" lat="49.0107387" lon="8.4380220"/>
 <node id="1293662819" visible="true" version="3" changeset="67049774" timestamp="2019-02-09T13:56:43Z" user="mapper999" uid="165061" lat="49.0107481" lon="8.4382586"/>
 <node id="1293662822" visible="true" version="3" changeset="67049774" timestamp="2019-02-09T13:56:43Z" user="mapper999" uid="165061" lat="49.0106659" lon="8.4382213"/>
 <node id="1293662824" visible="true" version="3" changeset="67049774" timestamp="2019-02-09T13:56:43Z" user="mapper999" uid="165061" lat="49.0107707" lon="8.4382393"/>
 <node id="1293662825" visible="true" version="3" changeset="70600445" timestamp="2019-05-24T22:02:47Z" user="mapper999" uid="165061" lat="49.0113362" lon="8.4378652"/>
 <node id="1293662831" visible="true" version="3" changeset="70600445" timestamp="2019-05-24T22:02:47Z" user="mapper999" uid="165061" lat="49.0113102" lon="8.4378673"/>
 <node id="1293662834" visible="true" version="3" changeset="67049774" timestamp="2019-02-09T13:56:43Z" user="mapper999" uid="165061" lat="49.0108318" lon="8.4382336"/>
 <node id="1293662835" visible="true" version="3" changeset="67049774" timestamp="2019-02-09T13:56:43Z" user="mapper999" uid="165061" lat="49.0107624" lon="8.4380314"/>
 <node id="1293662838" visible="true" version="3" changeset="70600445" timestamp="2019-05-24T22:02:47Z" user="mapper999" uid="165061" lat="49.0113176" lon="8.4380861"/>
 <node id="1293662846" visible="true" version="3" changeset="70600445" timestamp="2019-05-24T22:02:47Z" user="mapper999" uid="165061" lat="49.0113173" lon="8.4380776"/>
 <node id="1293662849" visible="true" version="3" changeset="70600445" timestamp="2019-05-24T22:02:47Z" user="mapper999" uid="165061" lat="49.0112845" lon="8.4378693"/>
 <node id="1293662850" visible="true" version="3" changeset="67049774" timestamp="2019-02-09T13:56:43Z" user="mapper999" uid="165061" lat="49.0107392" lon="8.4380335"/>
 <node id="1293662851" visible="true" version="3" changeset="67049774" timestamp="2019-02-09T13:56:43Z" user="mapper999" uid="165061" lat="49.0107463" lon="8.4382139"/>
 <node id="1293662855" visible="true" version="3" changeset="70600445" timestamp="2019-05-24T22:02:47Z" user="mapper999" uid="165061" lat="49.0112022" lon="8.4380951"/>
 <node id="1293662859" visible="true" version="3" changeset="67049774" timestamp="2019-02-09T13:56:43Z" user="mapper999" uid="165061" lat="49.0107714" lon="8.4382565"/>
 <node id="1316120031" visible="true" version="1" changeset="8379298" timestamp="2011-06-08T12:49:59Z" user="mapper999" uid="165061" lat="49.0175947" lon="8.4399122"/>
 <node id="1371280809" visible="true" version="1" changeset="8807866" timestamp="2011-07-23T16:32:31Z" user="user_212553" uid="212553" lat="49.0118513" lon="8.4368551"/>
 <node id="1371280814" visible="true" version="1" changeset="8807866" timestamp="2011-07-23T16:32:31Z" user="user_212553" uid="212553" lat="49.0118627" lon="8.4368490"/>
 <node id="1371280838" visible="true" version="1" changeset="8807866" timestamp="2011-07-23T16:32:32Z" user="user_212553" uid="212553" lat="49.0118811" lon="8.4369849"/>
 <node id="1371280857" visible="true" version="1" changeset="8807866" timestamp="2011-07-23T16:32:32Z" user="user_212553" uid="212553" lat="49.0118912" lon="8.4369795"/>
 <node id="1371280863" visible="true" version="1" changeset="8807866" timestamp="2011-07-23T16:32:32Z" user="user_212553" uid="212553" lat="49.0118957" lon="8.4370696"/>
 <node id="1371280882" visible="true" version="1" changeset="8807866" timestamp="2011-07-23T16:32:33Z" user="user_212553" uid="212553" lat="49.0119055" lon="8.4370415"/>
 <node id="1371280886" visible="true" version="1" changeset="8807866" timestamp="2011-07-23T16:32:33Z" user="user_212553" uid="212553" lat="49.0119101" lon="8.4370620"/>
 <node id="1371280892" visible="true" version="1" changeset="8807866" timestamp="2011-07-23T16:32:33Z" user="user_212553" uid="212553" lat="49.0119293" lon="8.4372172"/>
 <node id="1371280897" visible="true" version="1" changeset="8807866" timestamp="2011-07-23T16:32:33Z" user="user_212553" uid="212553" lat="49.0119440" lon="8.4372094"/>
 <node id="1371280909" visible="true" version="1" changeset="8807866" timestamp="2011-07-23T16:32:33Z" user="user_212553" uid="212553" lat="49.0119499" lon="8.4372350"/>
 <node id="1371280923" visible="true" version="1" changeset="8807866" timestamp="2011-07-23T16:32:33Z" user="user_212553" uid="212553" lat="49.0119663" lon="8.4374444"/>
 <node id="1371280944" visible="true" version="1" changeset="8807866" timestamp="2011-07-23T16:32:34Z" user="user_212553" uid="212553" lat="49.0119720" lon="8.4374424"/>
 <node id="1371280946" visible="true" version="1" changeset="8807866" timestamp="2011-07-23T16:32:34Z" user="user_212553" uid="212553" lat="49.0119725" lon="8.4374863"/>
 <node id="1371280950" visible="true" version="1" changeset="8807866" timestamp="2011-07-23T16:32:34Z" user="user_212553" uid="212553" lat="49.0119786" lon="8.4374842"/>
 <node id="1371280956" visible="true" version="1" changeset="8807866" timestamp="2011-07-23T16:32:34Z" user="user_212553" uid="212553" lat="49.0119821" lon="8.4375562"/>
 <node id="1371280961" visible="true" version="1" changeset="8807866" timestamp="2011-07-23T16:32:34Z" user="user_212553" uid="212553" lat="49.0119875" lon="8.4375921"/>
 <node id="1371280973" visible="true" version="1" changeset="8807866" timestamp="2011-07-23T16:32:34Z" user="user_212553" uid="212553" lat="49.0119889" lon="8.4375539"/>
 <node id="1371280975" visible="true" version="1" changeset="8807866" timestamp="2011-07-23T16:32:34Z" user="user_212553" uid="212553" lat="49.0119943" lon="8.4375898"/>
 <node id="1371280976" visible="true" version="1" changeset="8807866" timestamp="2011-07-23T16:32:34Z" user="user_212553" uid="212553" lat="49.0119966" lon="8.4376598"/>
 <node id="1371280983" visible="true" version="1" changeset="8807866" timestamp="2011-07-23T16:32:34Z" user="user_212553" uid="212553" lat="49.0120032" lon="8.4377057"/>
 <node id="1371280985" visible="true" version="1" changeset="8807866" timestamp="2011-07-23T16:32:34Z" user="user_212553" uid="212553" lat="49.0120039" lon="8.4376574"/>
 <node id="1371280987" visible="true" version="1" changeset="8807866" timestamp="2011-07-23T16:32:34Z" user="user_212553" uid="212553" lat="49.0120072" lon="8.4377327"/>
 <node id="1371280997" visible="true" version="1" changeset="8807866" timestamp="2011-07-23T16:32:35Z" user="user_212553" uid="212553" lat="49.0120096" lon="8.4377036"/>
 <node id="1371281000" visible="true" version="1" changeset="8807866" timestamp="2011-07-23T16:32:35Z" user="user_212553" uid="212553" lat="49.0120112" lon="8.4369850"/>
 <node id="1371281002" visible="true" version="1" changeset="8807866" timestamp="2011-07-23T16:32:35Z" user="user_212553" uid="212553" lat="49.0120135" lon="8.4377306"/>
 <node id="1371281003" visible="true" version="1" changeset="8807866" timestamp="2011-07-23T16:32:35Z" user="user_212553" uid="212553" lat="49.0120136" lon="8.4377779"/>
 <node id="1371281005" visible="true" version="1" changeset="8807866" timestamp="2011-07-23T16:32:35Z" user="user_212553" uid="212553" lat="49.0120166" lon="8.4364488"/>
 <node id="1371281006" visible="true" version="1" changeset="8807866" timestamp="2011-07-23T16:32:35Z" user="user_212553" uid="212553" lat="49.0120213" lon="8.4377753"/>
 <node id="1371281020" visible="true" version="1" changeset="8807866" timestamp="2011-07-23T16:32:35Z" user="user_212553" uid="212553" lat="49.0120316" lon="8.4378466"/>
 <node id="1371281022" visible="true" version="1" changeset="8807866" timestamp="2011-07-23T16:32:35Z" user="user_212553" uid="212553" lat="49.0120556" lon="8.4371791"/>
 <node id="1371281031" visible="true" version="1" changeset="8807866" timestamp="2011-07-23T16:32:35Z" user="user_212553" uid="212553" lat="49.0120688" lon="8.4364218"/>
 <node id="1371281046" visible="true" version="1" changeset="8807866" timestamp="2011-07-23T16:32:36Z" user="user_212553" uid="212553" lat="49.0121326" lon="8.4378129"/>
 <node id="1371281067" visible="true" version="1" changeset="8807866" timestamp="2011-07-23T16:32:36Z" user="user_212553" uid="212553" lat="49.0121784" lon="8.4371770"/>
 <node id="1371281076" visible="true" version="1" changeset="8807866" timestamp="2011-07-23T16:32:36Z" user="user_212553" uid="212553" lat="49.0121975" lon="8.4372663"/>
 <node id="1371281095" visible="true" version="1" changeset="8807866" timestamp="2011-07-23T16:32:36Z" user="user_212553" uid="212553" lat="49.0122306" lon="8.4371500"/>
 <node id="1371281097" visible="true" version="1" changeset="8807866" timestamp="2011-07-23T16:32:36Z" user="user_212553" uid="212553" lat="49.0122329" lon="8.4375122"/>
 <node id="1371281103" visible="true" version="1" changeset="8807866" timestamp="2011-07-23T16:32:37Z" user="user_212553" uid="212553" lat="49.0122480" lon="8.4372494"/>
 <node id="1371281132" visible="true" version="1" changeset="8807866" timestamp="2011-07-23T16:32:37Z" user="user_212553" uid="212553" lat="49.0122834" lon="8.4374953"/>
 <node id="1371434930" visible="true" version="2" changeset="67049774" timestamp="2019-02-09T13:56:44Z" user="mapper999" uid="165061" lat="49.0106694" lon="8.4380284"/>
 <node id="1371434932" visible="true" version="2" changeset="67049774" timestamp="2019-02-09T13:56:44Z" user="mapper999" uid="165061" lat="49.0106715" lon="8.4380798"/>
 <node id="1371434943" visible="true" version="2" changeset="67049774" timestamp="2019-02-09T13:56:44Z" user="mapper999" uid="165061" lat="49.0106603" lon="8.4380808"/>
 <node id="1371434989" visible="true" version="1" changeset="8808959" timestamp="2011-07-23T18:41:44Z" user="user_212553" uid="212553" lat="49.0107077" lon="8.4373347"/>
 <node id="1371435068" visible="true" version="1" changeset="8808959" timestamp="2011-07-23T18:41:45Z" user="user_212553" uid="212553" lat="49.0107931" lon="8.4400927"/>
 <node id="1371435097" visible="true" version="1" changeset="8808959" timestamp="2011-07-23T18:41:46Z" user="user_212553" uid="212553" lat="49.0108122" lon="8.4403409"/>
 <node id="1371435102" visible="true" version="1" changeset="8808959" timestamp="2011-07-23T18:41:46Z" user="user_212553" uid="212553" lat="49.0108166" lon="8.4401196"/>
 <node id="1371435120" visible="true" version="1" changeset="8808959" timestamp="2011-07-23T18:41:46Z" user="user_212553" uid="212553" lat="49.0108311" lon="8.4403028"/>
 <node id="1371435135" visible="true" version="1" changeset="8808959" timestamp="2011-07-23T18:41:46Z" user="user_212553" uid="212553" lat="49.0108504" lon="8.4403849"/>
 <node id="1371435138" visible="true" version="3" changeset="66866967" timestamp="2019-02-02T23:10:14Z" user="mapper999" uid="165061" lat="49.0108617" lon="8.4387092"/>
 <node id="1371435155" visible="true" version="1" changeset="8808959" timestamp="2011-07-23T18:41:46Z" user="user_212553" uid="212553" lat="49.0108568" lon="8.4378964"/>
 <node id="1371435157" visible="true" version="3" changeset="66866967" timestamp="2019-02-02T23:10:14Z" user="mapper999" uid="165061" lat="49.0108842" lon="8.4387954"/>
 <node id="1371435161" visible="true" version="1" changeset="8808959" timestamp="2011-07-23T18:41:47Z" user="user_212553" uid="212553" lat="49.0108789" lon="8.4398859"/>
 <node id="1371435181" visible="true" version="3" changeset="66866967" timestamp="2019-02-02T23:10:14Z" user="mapper999" uid="165061" lat="49.0108953" lon="8.4387839"/>
 <node id="1371435185" visible="true" version="3" changeset="66866967" timestamp="2019-02-02T23:10:14Z" user="mapper999" uid="165061" lat="49.0108962" lon="8.4386732"/>
 <node id="1371435211" visible="true" version="1" changeset="8808959" timestamp="2011-07-23T18:41:47Z" user="user_212553" uid="212553" lat="49.0109128" lon="8.4399249"/>
 <node id="1371435229" visible="true" version="3" changeset="66866967" timestamp="2019-02-02T23:10:14Z" user="mapper999" uid="165061" lat="49.0109286" lon="8.4388942"/>
 <node id="1371435234" visible="true" version="3" changeset="66866967" timestamp="2019-02-02T23:10:14Z" user="mapper999" uid="165061" lat="49.0109297" lon="8.4387479"/>
 <node id="1371435286" visible="true" version="1" changeset="8808959" timestamp="2011-07-23T18:41:49Z" user="user_212553" uid="212553" lat="49.0109731" lon="8.4374139"/>
 <node id="1371435297" visible="true" version="1" changeset="8808959" timestamp="2011-07-23T18:41:49Z" user="user_212553" uid="212553" lat="49.0109818" lon="8.4376284"/>
 <node id="1371435309" visible="true" version="1" changeset="8808959" timestamp="2011-07-23T18:41:49Z" user="user_212553" uid="212553" lat="49.0109932" lon="8.4378811"/>
 <node id="1371435311" visible="true" version="1" changeset="8808959" timestamp="2011-07-23T18:41:49Z" user="user_212553" uid="212553" lat="49.0109957" lon="8.4373087"/>
 <node id="1371435315" visible="true" version="1" changeset="8808959" timestamp="2011-07-23T18:41:49Z" user="user_212553" uid="212553" lat="49.0109997" lon="8.4374119"/>
 <node id="1371435316" visible="true" version="1" changeset="8808959" timestamp="2011-07-23T18:41:49Z" user="user_212553" uid="212553" lat="49.0110005" lon="8.4397564"/>
 <node id="1371435318" visible="true" version="1" changeset="8808959" timestamp="2011-07-23T18:41:49Z" user="user_212553" uid="212553" lat="49.0110007" lon="8.4405575"/>
 <node id="1371435325" visible="true" version="1" changeset="8808959" timestamp="2011-07-23T18:41:50Z" user="user_212553" uid="212553" lat="49.0110025" lon="8.4376263"/>
 <node id="1371435327" visible="true" version="1" changeset="8808959" timestamp="2011-07-23T18:41:50Z" user="user_212553" uid="212553" lat="49.0110095" lon="8.4397382"/>
 <node id="1371435328" visible="true" version="1" changeset="8808959" timestamp="2011-07-23T18:41:50Z" user="user_212553" uid="212553" lat="49.0110107" lon="8.4378152"/>
 <node id="1371435342" visible="true" version="1" changeset="8808959" timestamp="2011-07-23T18:41:50Z" user="user_212553" uid="212553" lat="49.0110143" lon="8.4376291"/>
 <node id="1371435343" visible="true" version="1" changeset="8808959" timestamp="2011-07-23T18:41:50Z" user="user_212553" uid="212553" lat="49.0110171" lon="8.4405244"/>
 <node id="1371435346" visible="true" version="3" changeset="66866967" timestamp="2019-02-02T23:10:14Z" user="mapper999" uid="165061" lat="49.0110275" lon="8.4385361"/>
 <node id="1371435347" visible="true" version="1" changeset="8808959" timestamp="2011-07-23T18:41:50Z" user="user_212553" uid="212553" lat="49.0110371" lon="8.4376270"/>
 <node id="1371435378" visible="true" version="3" changeset="66866967" timestamp="2019-02-02T23:10:14Z" user="mapper999" uid="165061" lat="49.0110610" lon="8.4386108"/>
 <node id="1371435429" visible="true" version="1" changeset="8808959" timestamp="2011-07-23T18:41:52Z" user="user_212553" uid="212553" lat="49.0110992" lon="8.4398413"/>
 <node id="1371435433" visible="true" version="1" changeset="8808959" timestamp="2011-07-23T18:41:52Z" user="user_212553" uid="212553" lat="49.0111083" lon="8.4398228"/>
 <node id="1371435438" visible="true" version="1" changeset="8808959" timestamp="2011-07-23T18:41:52Z" user="user_212553" uid="212553" lat="49.0111233" lon="8.4398705"/>
 <node id="1371435441" visible="true" version="1" changeset="8808959" timestamp="2011-07-23T18:41:52Z" user="user_212553" uid="212553" lat="49.0111329" lon="8.4398511"/>
 <node id="1371435459" visible="true" version="1" changeset="8808959" timestamp="2011-07-23T18:41:53Z" user="user_212553" uid="212553" lat="49.0111471" lon="8.4405004"/>
 <node id="1371435461" visible="true" version="3" changeset="66866967" timestamp="2019-02-02T23:10:14Z" user="mapper999" uid="165061" lat="49.0111522" lon="8.4385155"/>
 <node id="1371435472" visible="true" version="1" changeset="8808959" timestamp="2011-07-23T18:41:53Z" user="user_212553" uid="212553" lat="49.0111735" lon="8.4405307"/>
 <node id="1371435473" visible="true" version="3" changeset="66866967" timestamp="2019-02-02T23:10:14Z" user="mapper999" uid="165061" lat="49.0111633" lon="8.4385040"/>
 <node id="1371435489" visible="true" version="1" changeset="8808959" timestamp="2011-07-23T18:41:53Z" user="user_212553" uid="212553" lat="49.0112073" lon="8.4399669"/>
 <node id="1371435490" visible="true" version="1" changeset="8808959" timestamp="2011-07-23T18:41:53Z" user="user_212553" uid="212553" lat="49.0112075" lon="8.4384811"/>
 <node id="1371435494" visible="true" version="1" changeset="8808959" timestamp="2011-07-23T18:41:53Z" user="user_212553" uid="212553" lat="49.0112167" lon="8.4399478"/>
 <node id="1371435497" visible="true" version="3" changeset="66866967" timestamp="2019-02-02T23:10:14Z" user="mapper999" uid="165061" lat="49.0112077" lon="8.4386028"/>
 <node id="1371435506" visible="true" version="1" changeset="8808959" timestamp="2011-07-23T18:41:54Z" user="user_212553" uid="212553" lat="49.0112334" lon="8.4399985"/>
 <node id="1371435508" visible="true" version="1" changeset="8808959" timestamp="2011-07-23T18:41:54Z" user="user_212553" uid="212553" lat="49.0112386" lon="8.4384227"/>
 <node id="1371435509" visible="true" version="1" changeset="8808959" timestamp="2011-07-23T18:41:54Z" user="user_212553" uid="212553" lat="49.0112434" lon="8.4399784"/>
 <node id="1371435510" visible="true" version="1" changeset="8808959" timestamp="2011-07-23T18:41:54Z" user="user_212553" uid="212553" lat="49.0112450" lon="8.4385299"/>
 <node id="1371435512" visible="true" version="1" changeset="8808959" timestamp="2011-07-23T18:41:54Z" user="user_212553" uid="212553" lat="49.0112486" lon="8.4384000"/>
 <node id="1371435513" visible="true" version="1" changeset="8808959" timestamp="2011-07-23T18:41:54Z" user="user_212553" uid="212553" lat="49.0112487" lon="8.4402948"/>
 <node id="1371435514" visible="true" version="1" changeset="8808959" timestamp="2011-07-23T18:41:54Z" user="user_212553" uid="212553" lat="49.0112589" lon="8.4383691"/>
 <node id="1371435526" visible="true" version="1" changeset="8808959" timestamp="2011-07-23T18:41:54Z" user="user_212553" uid="212553" lat="49.0112744" lon="8.4403243"/>
 <node id="1371435527" visible="true" version="2" changeset="70600445" timestamp="2019-05-24T22:02:47Z" user="mapper999" uid="165061" lat="49.0112703" lon="8.4382283"/>
 <node id="1371435529" visible="true" version="1" changeset="8808959" timestamp="2011-07-23T18:41:54Z" user="user_212553" uid="212553" lat="49.0112810" lon="8.4382736"/>
 <node id="1371435530" visible="true" version="1" changeset="8808959" timestamp="2011-07-23T18:41:54Z" user="user_212553" uid="212553" lat="49.0112824" lon="8.4384605"/>
 <node id="1371435532" visible="true" version="1" changeset="8808959" timestamp="2011-07-23T18:41:54Z" user="user_212553" uid="212553" lat="49.0112954" lon="8.4384289"/>
 <node id="1371435533" visible="true" version="1" changeset="8808959" timestamp="2011-07-23T18:41:54Z" user="user_212553" uid="212553" lat="49.0113061" lon="8.4383925"/>
 <node id="1371435534" visible="true" version="1" changeset="8808959" timestamp="2011-07-23T18:41:54Z" user="user_212553" uid="212553" lat="49.0113230" lon="8.4401258"/>
 <node id="1371435537" visible="true" version="1" changeset="8808959" timestamp="2011-07-23T18:41:55Z" user="user_212553" uid="212553" lat="49.0113267" lon="8.4382969"/>
 <node id="1371435538" visible="true" version="1" changeset="8808959" timestamp="2011-07-23T18:41:55Z" user="user_212553" uid="212553" lat="49.0113307" lon="8.4401103"/>
 <node id="1371435540" visible="true" version="2" changeset="70600445" timestamp="2019-05-24T22:02:47Z" user="mapper999" uid="165061" lat="49.0113442" lon="8.4380755"/>
 <node id="1371435541" visible="true" version="2" changeset="70600445" timestamp="2019-05-24T22:02:47Z" user="mapper999" uid="165061" lat="49.0113385" lon="8.4382230"/>
 <node id="1371435543" visible="true" version="2" changeset="70600445" timestamp="2019-05-24T22:02:47Z" user="mapper999" uid="165061" lat="49.0113447" lon="8.4381868"/>
 <node id="1371435545" visible="true" version="2" changeset="70600445" timestamp="2019-05-24T22:02:47Z" user="mapper999" uid="165061" lat="49.0113476" lon="8.4381131"/>
 <node id="1371435547" visible="true" version="2" changeset="70600445" timestamp="2019-05-24T22:02:47Z" user="mapper999" uid="165061" lat="49.0113478" lon="8.4381501"/>
 <node id="1371512835" visible="true" version="1" changeset="8809611" timestamp="2011-07-23T20:06:37Z" user="user_212553" uid="212553" lat="49.0123341" lon="8.4384346"/>
 <node id="1371512838" visible="true" version="1" changeset="8809611" timestamp="2011-07-23T20:06:37Z" user="user_212553" uid="212553" lat="49.0123565" lon="8.4385375"/>
 <node id="1371512844" visible="true" version="1" changeset="8809611" timestamp="2011-07-23T20:06:37Z" user="user_212553" uid="212553" lat="49.0123617" lon="8.4385605"/>
 <node id="1371512846" visible="true" version="1" changeset="8809611" timestamp="2011-07-23T20:06:37Z" user="user_212553" uid="212553" lat="49.0123806" lon="8.4386462"/>
 <node id="1371512850" visible="true" version="3" changeset="53508936" timestamp="2017-11-04T16:43:24Z" user="mapper999" uid="165061" lat="49.0124608" lon="8.4394554"/>
 <node id="1371512858" visible="true" version="3" changeset="53508936" timestamp="2017-11-04T16:43:24Z" user="mapper999" uid="165061" lat="49.0125337" lon="8.4394554"/>
 <node id="1371512865" visible="true" version="1" changeset="8809611" timestamp="2011-07-23T20:06:38Z" user="user_212553" uid="212553" lat="49.0125543" lon="8.4383233"/>
 <node id="1371512871" visible="true" version="1" changeset="8809611" timestamp="2011-07-23T20:06:38Z" user="user_212553" uid="212553" lat="49.0125767" lon="8.4384262"/>
 <node id="1371512876" visible="true" version="1" changeset="8809611" timestamp="2011-07-23T20:06:38Z" user="user_212553" uid="212553" lat="49.0126092" lon="8.4384336"/>
 <node id="1371512879" visible="true" version="1" changeset="8809611" timestamp="2011-07-23T20:06:38Z" user="user_212553" uid="212553" lat="49.0126205" lon="8.4384278"/>
 <node id="1371512888" visible="true" version="1" changeset="8809611" timestamp="2011-07-23T20:06:38Z" user="user_212553" uid="212553" lat="49.0126394" lon="8.4385135"/>
 <node id="1371512899" visible="true" version="2" changeset="65681101" timestamp="2018-12-21T21:45:46Z" user="mapper999" uid="165061" lat="49.0127859" lon="8.4380155"/>
 <node id="1371512966" visible="true" version="2" changeset="65681101" timestamp="2018-12-21T21:45:46Z" user="mapper999" uid="165061" lat="49.0138513" lon="8.4374931"/>
 <node id="1373098962" visible="true" version="2" changeset="64371291" timestamp="2018-11-11T10:49:37Z" user="mapper999" uid="165061" lat="49.0132000" lon="8.4469506"/>
 <node id="1373098971" visible="true" version="2" changeset="64371291" timestamp="2018-11-11T10:49:37Z" user="mapper999" uid="165061" lat="49.0132344" lon="8.4469809"/>
 <node id="1373309960" visible="true" version="1" changeset="8822510" timestamp="2011-07-25T00:36:32Z" user="user_212553" uid="212553" lat="49.0182626" lon="8.4497884"/>
 <node id="1373309962" visible="true" version="2" changeset="9155163" timestamp="2011-08-29T09:16:00Z" user="drhzbg" uid="6609" lat="49.0183071" lon="8.4499327"/>
 <node id="1373309964" visible="true" version="1" changeset="8822510" timestamp="2011-07-25T00:36:32Z" user="user_212553" uid="212553" lat="49.0183321" lon="8.4498281"/>
 <node id="1388682873" visible="true" version="2" changeset="131338729" timestamp="2023-01-16T13:37:59Z" user="Scout Jens" uid="12466125" lat="49.0113454" lon="8.4385644"/>
 <node id="1388682879" visible="true" version="1" changeset="8940658" timestamp="2011-08-06T18:27:13Z" user="mapper999" uid="165061" lat="49.0114316" lon="8.4367411"/>
 <node id="1388682880" visible="true" version="3" changeset="131338729" timestamp="2023-01-16T13:37:59Z" user="Scout Jens" uid="12466125" lat="49.0115223" lon="8.4383915"/>
 <node id="1388682881" visible="true" version="1" changeset="8940658" timestamp="2011-08-06T18:27:13Z" user="mapper999" uid="165061" lat="49.0112358" lon="8.4390778"/>
 <node id="1388682882" visible="true" version="1" changeset="8940658" timestamp="2011-08-06T18:27:13Z" user="mapper999" uid="165061" lat="49.0113872" lon="8.4390315"/>
 <node id="1388682894" visible="true" version="1" changeset="8940658" timestamp="2011-08-06T18:27:13Z" user="mapper999" uid="165061" lat="49.0127330" lon="8.4377494"/>
 <node id="1388682895" visible="true" version="1" changeset="8940658" timestamp="2011-08-06T18:27:13Z" user="mapper999" uid="165061" lat="49.0103633" lon="8.4402036"/>
 <node id="1388682896" visible="true" version="2" changeset="131338729" timestamp="2023-01-16T13:37:59Z" user="Scout Jens" uid="12466125" lat="49.0110069" lon="8.4391464"/>
 <node id="1388682897" visible="true" version="1" changeset="8940658" timestamp="2011-08-06T18:27:14Z" user="mapper999" uid="165061" lat="49.0103563" lon="8.4402237"/>
 <node id="1388682898" visible="true" version="2" changeset="131338729" timestamp="2023-01-16T13:37:59Z" user="Scout Jens" uid="12466125" lat="49.0111498" lon="8.4389716"/>
 <node id="1388682900" visible="true" version="3" changeset="131338729" timestamp="2023-01-16T13:37:59Z" user="Scout Jens" uid="12466125" lat="49.0114488" lon="8.4382830"/>
 <node id="1388682911" visible="true" version="3" changeset="131338729" timestamp="2023-01-16T13:37:59Z" user="Scout Jens" uid="12466125" lat="49.0114511" lon="8.4384411"/>
 <node id="1388682913" visible="true" version="3" changeset="131338729" timestamp="2023-01-16T13:37:59Z" user="Scout Jens" uid="12466125" lat="49.0114092" lon="8.4385180"/>
 <node id="1388682914" visible="true" version="3" changeset="131338729" timestamp="2023-01-16T13:37:59Z" user="Scout Jens" uid="12466125" lat="49.0114408" lon="8.4384457"/>
 <node id="1388682915" visible="true" version="3" changeset="131338729" timestamp="2023-01-16T13:37:59Z" user="Scout Jens" uid="12466125" lat="49.0114319" lon="8.4384356"/>
 <node id="1388682916" visible="true" version="2" changeset="131338729" timestamp="2023-01-16T13:37:59Z" user="Scout Jens" uid="12466125" lat="49.0114041" lon="8.4385200"/>
 <node id="1388682917" visible="true" version="2" changeset="131338729" timestamp="2023-01-16T13:37:59Z" user="Scout Jens" uid="12466125" lat="49.0112892" lon="8.4386606"/>
 <node id="1388682928" visible="true" version="1" changeset="8940658" timestamp="2011-08-06T18:27:14Z" user="mapper999" uid="165061" lat="49.0116687" lon="8.4378285"/>
 <node id="1388682929" visible="true" version="3" changeset="131338729" timestamp="2023-01-16T13:37:59Z" user="Scout Jens" uid="12466125" lat="49.0114258" lon="8.4385551"/>
 <node id="1388682930" visible="true" version="3" changeset="131338729" timestamp="2023-01-16T13:37:59Z" user="Scout Jens" uid="12466125" lat="49.0114465" lon="8.4383471"/>
 <node id="1388682931" visible="true" version="3" changeset="131338729" timestamp="2023-01-16T13:37:59Z" user="Scout Jens" uid="12466125" lat="49.0114242" lon="8.4383730"/>
 <node id="1388682934" visible="true" version="1" changeset="8940658" timestamp="2011-08-06T18:27:14Z" user="mapper999" uid="165061" lat="49.0113229" lon="8.4385062"/>
 <node id="1388682946" visible="true" version="1" changeset="8940658" timestamp="2011-08-06T18:27:15Z" user="mapper999" uid="165061" lat="49.0116369" lon="8.4366007"/>
 <node id="1388682947" visible="true" version="5" changeset="132440571" timestamp="2023-02-12T11:17:37Z" user="spaceshipguy" uid="18138765" lat="49.0115523" lon="8.4364571">
  <tag k="crossing" v="unmarked"/>
  <tag k="highway" v="crossing"/>
  <tag k="tactile_paving" v="yes"/>
 </node>
 <node id="1388682949" visible="true" version="1" changeset="8940658" timestamp="2011-08-06T18:27:15Z" user="mapper999" uid="165061" lat="49.0114822" lon="8.4389162"/>
 <node id="1388682950" visible="true" version="1" changeset="8940658" timestamp="2011-08-06T18:27:15Z" user="mapper999" uid="165061" lat="49.0114681" lon="8.4389859"/>
 <node id="1388682952" visible="true" version="1" changeset="8940658" timestamp="2011-08-06T18:27:15Z" user="mapper999" uid="165061" lat="49.0113116" lon="8.4391026"/>
 <node id="1388682953" visible="true" version="3" changeset="131338729" timestamp="2023-01-16T13:37:59Z" user="Scout Jens" uid="12466125" lat="49.0117341" lon="8.4383247"/>
 <node id="1388682966" visible="true" version="2" changeset="69372006" timestamp="2019-04-19T10:22:39Z" user="mapper999" uid="165061" lat="49.0127818" lon="8.4376985"/>
 <node id="1388682967" visible="true" version="1" changeset="8940658" timestamp="2011-08-06T18:27:15Z" user="mapper999" uid="165061" lat="49.0104249" lon="8.4402492"/>
 <node id="1388682968" visible="true" version="2" changeset="131338729" timestamp="2023-01-16T13:37:59Z" user="Scout Jens" uid="12466125" lat="49.0109862" lon="8.4390366"/>
 <node id="1388682969" visible="true" version="3" changeset="84130989" timestamp="2020-04-26T07:15:26Z" user="afurquan" uid="10221594" lat="49.0113379" lon="8.4366536">
  <tag k="barrier" v="lift_gate"/>
 </node>
 <node id="1388682970" visible="true" version="1" changeset="8940658" timestamp="2011-08-06T18:27:15Z" user="mapper999" uid="165061" lat="49.0114787" lon="8.4389644"/>
 <node id="1388682971" visible="true" version="2" changeset="131338729" timestamp="2023-01-16T13:37:59Z" user="Scout Jens" uid="12466125" lat="49.0114514" lon="8.4386973"/>
 <node id="1388682981" visible="true" version="1" changeset="8940658" timestamp="2011-08-06T18:27:16Z" user="mapper999" uid="165061" lat="49.0108445" lon="8.4396001"/>
 <node id="1388682984" visible="true" version="1" changeset="8940658" timestamp="2011-08-06T18:27:16Z" user="mapper999" uid="165061" lat="49.0113934" lon="8.4378258"/>
 <node id="1388682987" visible="true" version="1" changeset="8940658" timestamp="2011-08-06T18:27:16Z" user="mapper999" uid="165061" lat="49.0113716" lon="8.4383497"/>
 <node id="1388682988" visible="true" version="1" changeset="8940658" timestamp="2011-08-06T18:27:16Z" user="mapper999" uid="165061" lat="49.0111981" lon="8.4392219"/>
 <node id="1388682990" visible="true" version="1" changeset="8940658" timestamp="2011-08-06T18:27:16Z" user="mapper999" uid="165061" lat="49.0105999" lon="8.4397289"/>
 <node id="1388683001" visible="true" version="2" changeset="131338729" timestamp="2023-01-16T13:37:59Z" user="Scout Jens" uid="12466125" lat="49.0124387" lon="8.4379381"/>
 <node id="1388683003" visible="true" version="3" changeset="131338729" timestamp="2023-01-16T13:37:59Z" user="Scout Jens" uid="12466125" lat="49.0114604" lon="8.4367851"/>
 <node id="1388683005" visible="true" version="2" changeset="112026536" timestamp="2021-10-03T09:44:50Z" user="mapper999" uid="165061" lat="49.0115883" lon="8.4389970"/>
 <node id="1388683007" visible="true" version="3" changeset="126630731" timestamp="2022-09-25T21:57:44Z" user="MitteloberrheinischerWaldameisenschreck" uid="5934860" lat="49.0114313" lon="8.4384904"/>
 <node id="1388683018" visible="true" version="2" changeset="50308022" timestamp="2017-07-15T15:31:47Z" user="mapper999" uid="165061" lat="49.0113063" lon="8.4358940"/>
 <node id="1388683021" visible="true" version="1" changeset="8940658" timestamp="2011-08-06T18:27:17Z" user="mapper999" uid="165061" lat="49.0113849" lon="8.4382815"/>
 <node id="1388683022" visible="true" version="1" changeset="8940658" timestamp="2011-08-06T18:27:17Z" user="mapper999" uid="165061" lat="49.0115763" lon="8.4366162"/>
 <node id="1388683023" visible="true" version="2" changeset="69372006" timestamp="2019-04-19T10:22:39Z" user="mapper999" uid="165061" lat="49.0131284" lon="8.4375555"/>
 <node id="1388683024" visible="true" version="2" changeset="131338729" timestamp="2023-01-16T13:37:59Z" user="Scout Jens" uid="12466125" lat="49.0118861" lon="8.4382310"/>
 <node id="1388683038" visible="true" version="1" changeset="8940658" timestamp="2011-08-06T18:27:17Z" user="mapper999" uid="165061" lat="49.0111428" lon="8.4391898"/>
 <node id="1388683040" visible="true" version="1" changeset="8940658" timestamp="2011-08-06T18:27:17Z" user="mapper999" uid="165061" lat="49.0113220" lon="8.4362386"/>
 <node id="1388683045" visible="true" version="1" changeset="8940658" timestamp="2011-08-06T18:27:17Z" user="mapper999" uid="165061" lat="49.0114057" lon="8.4382013"/>
 <node id="1388683056" visible="true" version="3" changeset="131338729" timestamp="2023-01-16T13:37:59Z" user="Scout Jens" uid="12466125" lat="49.0117363" lon="8.4382488"/>
 <node id="1388683057" visible="true" version="4" changeset="126659551" timestamp="2022-09-26T14:33:25Z" user="MitteloberrheinischerWaldameisenschreck" uid="5934860" lat="49.0115132" lon="8.4356114"/>
 <node id="1388683058" visible="true" version="1" changeset="8940658" timestamp="2011-08-06T18:27:18Z" user="mapper999" uid="165061" lat="49.0116397" lon="8.4371633"/>
 <node id="1388683059" visible="true" version="3" changeset="131338729" timestamp="2023-01-16T13:37:59Z" user="Scout Jens" uid="12466125" lat="49.0114203" lon="8.4385282"/>
 <node id="1388683060" visible="true" version="1" changeset="8940658" timestamp="2011-08-06T18:27:18Z" user="mapper999" uid="165061" lat="49.0110591" lon="8.4393922"/>
 <node id="1388683072" visible="true" version="2" changeset="41350087" timestamp="2016-08-09T17:24:49Z" user="mapper999" uid="165061" lat="49.0105682" lon="8.4400903"/>
 <node id="1388683074" visible="true" version="3" changeset="131338729" timestamp="2023-01-16T13:37:59Z" user="Scout Jens" uid="12466125" lat="49.0114302" lon="8.4385755"/>
 <node id="1388683075" visible="true" version="2" changeset="40210731" timestamp="2016-06-22T17:51:18Z" user="mapper999" uid="165061" lat="49.0113880" lon="8.4374445"/>
 <node id="1388683077" visible="true" version="1" changeset="8940658" timestamp="2011-08-06T18:27:18Z" user="mapper999" uid="165061" lat="49.0106721" lon="8.4399770"/>
 <node id="1388683078" visible="true" version="2" changeset="112026536" timestamp="2021-10-03T09:44:50Z" user="mapper999" uid="165061" lat="49.0116254" lon="8.4391337"/>
 <node id="1388683080" visible="true" version="1" changeset="8940658" timestamp="2011-08-06T18:27:18Z" user="mapper999" uid="165061" lat="49.0114400" lon="8.4390060"/>
 <node id="1388683088" visible="true" version="1" changeset="8940658" timestamp="2011-08-06T18:27:19Z" user="mapper999" uid="165061" lat="49.0106667" lon="8.4397577"/>
 <node id="1388683092" visible="true" version="1" changeset="8940658" timestamp="2011-08-06T18:27:19Z" user="mapper999" uid="165061" lat="49.0106976" lon="8.4398536"/>
 <node id="1388683095" visible="true" version="2" changeset="131338729" timestamp="2023-01-16T13:37:59Z" user="Scout Jens" uid="12466125" lat="49.0110238" lon="8.4391534"/>
 <node id="1388683096" visible="true" version="2" changeset="112026536" timestamp="2021-10-03T09:44:50Z" user="mapper999" uid="165061" lat="49.0115675" lon="8.4389315"/>
 <node id="1388683103" visible="true" version="1" changeset="8940658" timestamp="2011-08-06T18:27:19Z" user="mapper999" uid="165061" lat="49.0113811" lon="8.4389215"/>
 <node id="1388683105" visible="true" version="1" changeset="8940658" timestamp="2011-08-06T18:27:19Z" user="mapper999" uid="165061" lat="49.0103554" lon="8.4402546"/>
 <node id="1388683107" visible="true" version="1" changeset="8940658" timestamp="2011-08-06T18:27:19Z" user="mapper999" uid="165061" lat="49.0116193" lon="8.4366879"/>
 <node id="1388683112" visible="true" version="3" changeset="126630731" timestamp="2022-09-25T21:57:44Z" user="MitteloberrheinischerWaldameisenschreck" uid="5934860" lat="49.0115261" lon="8.4358989"/>
 <node id="1388683122" visible="true" version="2" changeset="131338729" timestamp="2023-01-16T13:37:59Z" user="Scout Jens" uid="12466125" lat="49.0110640" lon="8.4389009"/>
 <node id="1388683124" visible="true" version="1" changeset="8940658" timestamp="2011-08-06T18:27:20Z" user="mapper999" uid="165061" lat="49.0109192" lon="8.4395880"/>
 <node id="1388683126" visible="true" version="2" changeset="112026536" timestamp="2021-10-03T09:44:50Z" user="mapper999" uid="165061" lat="49.0115343" lon="8.4390200"/>
 <node id="1388683129" visible="true" version="1" changeset="8940658" timestamp="2011-08-06T18:27:20Z" user="mapper999" uid="165061" lat="49.0105049" lon="8.4400628"/>
 <node id="1388683131" visible="true" version="1" changeset="8940658" timestamp="2011-08-06T18:27:20Z" user="mapper999" uid="165061" lat="49.0104055" lon="8.4402760"/>
 <node id="1388683133" visible="true" version="2" changeset="131338729" timestamp="2023-01-16T13:37:59Z" user="Scout Jens" uid="12466125" lat="49.0127165" lon="8.4377815"/>
 <node id="1388683135" visible="true" version="2" changeset="112026536" timestamp="2021-10-03T09:44:50Z" user="mapper999" uid="165061" lat="49.0114211" lon="8.4382678"/>
 <node id="1388683137" visible="true" version="1" changeset="8940658" timestamp="2011-08-06T18:27:20Z" user="mapper999" uid="165061" lat="49.0109720" lon="8.4390100"/>
 <node id="1388683146" visible="true" version="2" changeset="131338729" timestamp="2023-01-16T13:37:59Z" user="Scout Jens" uid="12466125" lat="49.0118411" lon="8.4380822"/>
 <node id="1388683150" visible="true" version="2" changeset="112026536" timestamp="2021-10-03T09:44:50Z" user="mapper999" uid="165061" lat="49.0116064" lon="8.4391401"/>
 <node id="1388683158" visible="true" version="2" changeset="131338729" timestamp="2023-01-16T13:37:59Z" user="Scout Jens" uid="12466125" lat="49.0117992" lon="8.4380996"/>
 <node id="1388683163" visible="true" version="2" changeset="112026536" timestamp="2021-10-03T09:44:50Z" user="mapper999" uid="165061" lat="49.0116618" lon="8.4382610"/>
 <node id="1388683165" visible="true" version="1" changeset="8940658" timestamp="2011-08-06T18:27:20Z" user="mapper999" uid="165061" lat="49.0112421" lon="8.4387136"/>
 <node id="1388683167" visible="true" version="2" changeset="56241301" timestamp="2018-02-10T14:00:18Z" user="mapper999" uid="165061" lat="49.0117227" lon="8.4379982"/>
 <node id="1388683179" visible="true" version="2" changeset="112026536" timestamp="2021-10-03T09:44:50Z" user="mapper999" uid="165061" lat="49.0116527" lon="8.4382393"/>
 <node id="1388683184" visible="true" version="1" changeset="8940658" timestamp="2011-08-06T18:27:21Z" user="mapper999" uid="165061" lat="49.0113607" lon="8.4371211"/>
 <node id="1388683187" visible="true" version="2" changeset="112026536" timestamp="2021-10-03T09:44:50Z" user="mapper999" uid="165061" lat="49.0114826" lon="8.4382716"/>
 <node id="1388683191" visible="true" version="3" changeset="131338729" timestamp="2023-01-16T13:37:59Z" user="Scout Jens" uid="12466125" lat="49.0117651" lon="8.4383166"/>
 <node id="1388683195" visible="true" version="1" changeset="8940658" timestamp="2011-08-06T18:27:21Z" user="mapper999" uid="165061" lat="49.0105806" lon="8.4399153"/>
 <node id="1388683197" visible="true" version="1" changeset="8940658" timestamp="2011-08-06T18:27:21Z" user="mapper999" uid="165061" lat="49.0117161" lon="8.4379110"/>
 <node id="1388683199" visible="true" version="2" changeset="69372006" timestamp="2019-04-19T10:22:39Z" user="mapper999" uid="165061" lat="49.0128562" lon="8.4376888"/>
 <node id="1388683210" visible="true" version="2" changeset="112026536" timestamp="2021-10-03T09:44:50Z" user="mapper999" uid="165061" lat="49.0116300" lon="8.4380944"/>
 <node id="1388683216" visible="true" version="3" changeset="131338729" timestamp="2023-01-16T13:37:59Z" user="Scout Jens" uid="12466125" lat="49.0114263" lon="8.4384220"/>
 <node id="1388683222" visible="true" version="2" changeset="112026536" timestamp="2021-10-03T09:44:50Z" user="mapper999" uid="165061" lat="49.0114044" lon="8.4383523"/>
 <node id="1388683227" visible="true" version="2" changeset="131338729" timestamp="2023-01-16T13:37:59Z" user="Scout Jens" uid="12466125" lat="49.0112787" lon="8.4388391"/>
 <node id="1388683228" visible="true" version="2" changeset="131338729" timestamp="2023-01-16T13:37:59Z" user="Scout Jens" uid="12466125" lat="49.0114470" lon="8.4386785"/>
 <node id="1388683238" visible="true" version="2" changeset="131338729" timestamp="2023-01-16T13:37:59Z" user="Scout Jens" uid="12466125" lat="49.0113846" lon="8.4385337"/>
 <node id="1388683240" visible="true" version="2" changeset="131338729" timestamp="2023-01-16T13:37:59Z" user="Scout Jens" uid="12466125" lat="49.0110309" lon="8.4389926"/>
 <node id="1388683242" visible="true" version="1" changeset="8940658" timestamp="2011-08-06T18:27:22Z" user="mapper999" uid="165061" lat="49.0112824" lon="8.4353186"/>
 <node id="1388683243" visible="true" version="1" changeset="8940658" timestamp="2011-08-06T18:27:22Z" user="mapper999" uid="165061" lat="49.0122061" lon="8.4380451"/>
 <node id="1388683244" visible="true" version="1" changeset="8940658" timestamp="2011-08-06T18:27:22Z" user="mapper999" uid="165061" lat="49.0103853" lon="8.4402801"/>
 <node id="1388683245" visible="true" version="2" changeset="131338729" timestamp="2023-01-16T13:37:59Z" user="Scout Jens" uid="12466125" lat="49.0109424" lon="8.4392727"/>
 <node id="1388683246" visible="true" version="1" changeset="8940658" timestamp="2011-08-06T18:27:22Z" user="mapper999" uid="165061" lat="49.0106896" lon="8.4395679"/>
 <node id="1388683247" visible="true" version="2" changeset="112026536" timestamp="2021-10-03T09:44:50Z" user="mapper999" uid="165061" lat="49.0115348" lon="8.4389081"/>
 <node id="1388683248" visible="true" version="2" changeset="131338729" timestamp="2023-01-16T13:37:59Z" user="Scout Jens" uid="12466125" lat="49.0117696" lon="8.4381202"/>
 <node id="1388683257" visible="true" version="1" changeset="8940658" timestamp="2011-08-06T18:27:22Z" user="mapper999" uid="165061" lat="49.0121903" lon="8.4379854"/>
 <node id="1388683259" visible="true" version="1" changeset="8940658" timestamp="2011-08-06T18:27:22Z" user="mapper999" uid="165061" lat="49.0117417" lon="8.4381946"/>
 <node id="1388683260" visible="true" version="1" changeset="8940658" timestamp="2011-08-06T18:27:22Z" user="mapper999" uid="165061" lat="49.0116634" lon="8.4370654"/>
 <node id="1388683261" visible="true" version="2" changeset="112026536" timestamp="2021-10-03T09:44:50Z" user="mapper999" uid="165061" lat="49.0116438" lon="8.4381993"/>
 <node id="1388683262" visible="true" version="3" changeset="131338729" timestamp="2023-01-16T13:37:59Z" user="Scout Jens" uid="12466125" lat="49.0115378" lon="8.4370485"/>
 <node id="1388683263" visible="true" version="1" changeset="8940658" timestamp="2011-08-06T18:27:22Z" user="mapper999" uid="165061" lat="49.0119854" lon="8.4380364"/>
 <node id="1388683264" visible="true" version="3" changeset="126630731" timestamp="2022-09-25T21:57:44Z" user="MitteloberrheinischerWaldameisenschreck" uid="5934860" lat="49.0115135" lon="8.4365286"/>
 <node id="1388683265" visible="true" version="1" changeset="8940658" timestamp="2011-08-06T18:27:22Z" user="mapper999" uid="165061" lat="49.0114690" lon="8.4388413"/>
 <node id="1388683273" visible="true" version="2" changeset="131338729" timestamp="2023-01-16T13:37:59Z" user="Scout Jens" uid="12466125" lat="49.0113170" lon="8.4386104"/>
 <node id="1388683275" visible="true" version="1" changeset="8940658" timestamp="2011-08-06T18:27:23Z" user="mapper999" uid="165061" lat="49.0124384" lon="8.4378929"/>
 <node id="1388683279" visible="true" version="2" changeset="112026536" timestamp="2021-10-03T09:44:50Z" user="mapper999" uid="165061" lat="49.0115726" lon="8.4390804"/>
 <node id="1388683280" visible="true" version="1" changeset="8940658" timestamp="2011-08-06T18:27:23Z" user="mapper999" uid="165061" lat="49.0113748" lon="8.4374215"/>
 <node id="1388683294" visible="true" version="1" changeset="8940658" timestamp="2011-08-06T18:27:23Z" user="mapper999" uid="165061" lat="49.0115709" lon="8.4366895"/>
 <node id="1388683295" visible="true" version="1" changeset="8940658" timestamp="2011-08-06T18:27:23Z" user="mapper999" uid="165061" lat="49.0116317" lon="8.4365739"/>
 <node id="1388683297" visible="true" version="2" changeset="69372006" timestamp="2019-04-19T10:22:39Z" user="mapper999" uid="165061" lat="49.0132081" lon="8.4374878"/>
 <node id="1388683300" visible="true" version="1" changeset="8940658" timestamp="2011-08-06T18:27:23Z" user="mapper999" uid="165061" lat="49.0116212" lon="8.4365639"/>
 <node id="1388683310" visible="true" version="2" changeset="131338729" timestamp="2023-01-16T13:37:59Z" user="Scout Jens" uid="12466125" lat="49.0113449" lon="8.4387956"/>
 <node id="1388683312" visible="true" version="2" changeset="131338729" timestamp="2023-01-16T13:37:59Z" user="Scout Jens" uid="12466125" lat="49.0115580" lon="8.4375277"/>
 <node id="1388683317" visible="true" version="1" changeset="8940658" timestamp="2011-08-06T18:27:24Z" user="mapper999" uid="165061" lat="49.0115860" lon="8.4365907"/>
 <node id="1388683318" visible="true" version="3" changeset="131338729" timestamp="2023-01-16T13:37:59Z" user="Scout Jens" uid="12466125" lat="49.0115838" lon="8.4380468"/>
 <node id="1388683319" visible="true" version="2" changeset="126630731" timestamp="2022-09-25T21:57:44Z" user="MitteloberrheinischerWaldameisenschreck" uid="5934860" lat="49.0116065" lon="8.4365697"/>
 <node id="1388683331" visible="true" version="2" changeset="131338729" timestamp="2023-01-16T13:37:59Z" user="Scout Jens" uid="12466125" lat="49.0125862" lon="8.4378472"/>
 <node id="1388683337" visible="true" version="1" changeset="8940658" timestamp="2011-08-06T18:27:24Z" user="mapper999" uid="165061" lat="49.0127603" lon="8.4377145"/>
 <node id="1388683348" visible="true" version="2" changeset="131338729" timestamp="2023-01-16T13:37:59Z" user="Scout Jens" uid="12466125" lat="49.0108780" lon="8.4393153"/>
 <node id="1388683353" visible="true" version="3" changeset="131338729" timestamp="2023-01-16T13:37:59Z" user="Scout Jens" uid="12466125" lat="49.0128529" lon="8.4377272"/>
 <node id="1388683354" visible="true" version="3" changeset="112026536" timestamp="2021-10-03T09:44:50Z" user="mapper999" uid="165061" lat="49.0116920" lon="8.4381963"/>
 <node id="1388683355" visible="true" version="1" changeset="8940658" timestamp="2011-08-06T18:27:25Z" user="mapper999" uid="165061" lat="49.0114764" lon="8.4388764"/>
 <node id="1388683356" visible="true" version="1" changeset="8940658" timestamp="2011-08-06T18:27:25Z" user="mapper999" uid="165061" lat="49.0115684" lon="8.4366577"/>
 <node id="1388683365" visible="true" version="1" changeset="8940658" timestamp="2011-08-06T18:27:25Z" user="mapper999" uid="165061" lat="49.0103668" lon="8.4402707"/>
 <node id="1388683367" visible="true" version="2" changeset="131338729" timestamp="2023-01-16T13:37:59Z" user="Scout Jens" uid="12466125" lat="49.0115188" lon="8.4380540"/>
 <node id="1388683371" visible="true" version="1" changeset="8940658" timestamp="2011-08-06T18:27:25Z" user="mapper999" uid="165061" lat="49.0108452" lon="8.4394281"/>
 <node id="1388683372" visible="true" version="2" changeset="69372006" timestamp="2019-04-19T10:22:39Z" user="mapper999" uid="165061" lat="49.0128145" lon="8.4376806"/>
 <node id="1388683374" visible="true" version="2" changeset="131338729" timestamp="2023-01-16T13:37:59Z" user="Scout Jens" uid="12466125" lat="49.0126175" lon="8.4378482"/>
 <node id="1388683375" visible="true" version="3" changeset="112026536" timestamp="2021-10-03T09:44:50Z" user="mapper999" uid="165061" lat="49.0116785" lon="8.4382287"/>
 <node id="1388683388" visible="true" version="1" changeset="8940658" timestamp="2011-08-06T18:27:26Z" user="mapper999" uid="165061" lat="49.0104565" lon="8.4399971"/>
 <node id="1388683390" visible="true" version="2" changeset="131338729" timestamp="2023-01-16T13:37:59Z" user="Scout Jens" uid="12466125" lat="49.0112055" lon="8.4389402"/>
 <node id="1388683391" visible="true" version="1" changeset="8940658" timestamp="2011-08-06T18:27:26Z" user="mapper999" uid="165061" lat="49.0112890" lon="8.4385708"/>
 <node id="1388683392" visible="true" version="2" changeset="69372006" timestamp="2019-04-19T10:22:39Z" user="mapper999" uid="165061" lat="49.0132089" lon="8.4375114"/>
 <node id="1388683393" visible="true" version="2" changeset="69372006" timestamp="2019-04-19T10:22:39Z" user="mapper999" uid="165061" lat="49.0129906" lon="8.4375943"/>
 <node id="1388683394" visible="true" version="2" changeset="56241301" timestamp="2018-02-10T14:00:18Z" user="mapper999" uid="165061" lat="49.0117291" lon="8.4380605"/>
 <node id="1388683395" visible="true" version="1" changeset="8940658" timestamp="2011-08-06T18:27:26Z" user="mapper999" uid="165061" lat="49.0114038" lon="8.4367643"/>
 <node id="1388683406" visible="true" version="2" changeset="112026536" timestamp="2021-10-03T09:44:50Z" user="mapper999" uid="165061" lat="49.0116193" lon="8.4378312"/>
 <node id="1388683408" visible="true" version="3" changeset="131338729" timestamp="2023-01-16T13:37:59Z" user="Scout Jens" uid="12466125" lat="49.0114081" lon="8.4385991"/>
 <node id="1388683409" visible="true" version="1" changeset="8940658" timestamp="2011-08-06T18:27:26Z" user="mapper999" uid="165061" lat="49.0112016" lon="8.4387968"/>
 <node id="1388683410" visible="true" version="2" changeset="112026536" timestamp="2021-10-03T09:44:50Z" user="mapper999" uid="165061" lat="49.0115486" lon="8.4388923"/>
 <node id="1388683411" visible="true" version="2" changeset="112026536" timestamp="2021-10-03T09:44:50Z" user="mapper999" uid="165061" lat="49.0115280" lon="8.4389309"/>
 <node id="1388683424" visible="true" version="3" changeset="131338729" timestamp="2023-01-16T13:37:59Z" user="Scout Jens" uid="12466125" lat="49.0116203" lon="8.4383117"/>
 <node id="1388683426" visible="true" version="1" changeset="8940658" timestamp="2011-08-06T18:27:27Z" user="mapper999" uid="165061" lat="49.0113582" lon="8.4368079"/>
 <node id="1388683427" visible="true" version="4" changeset="131338729" timestamp="2023-01-16T13:37:59Z" user="Scout Jens" uid="12466125" lat="49.0115720" lon="8.4378724"/>
 <node id="1388683428" visible="true" version="2" changeset="131338729" timestamp="2023-01-16T13:37:59Z" user="Scout Jens" uid="12466125" lat="49.0114998" lon="8.4376376"/>
 <node id="1389881205" visible="true" version="2" changeset="89792207" timestamp="2020-08-22T20:33:03Z" user="mapper999" uid="165061" lat="49.0180241" lon="8.4416951"/>
 <node id="1389881231" visible="true" version="1" changeset="8948872" timestamp="2011-08-07T16:15:37Z" user="drhzbg" uid="6609" lat="49.0181433" lon="8.4417821"/>
 <node id="1389888074" visible="true" version="2" changeset="112026536" timestamp="2021-10-03T09:44:50Z" user="mapper999" uid="165061" lat="49.0126748" lon="8.4418600"/>
 <node id="1389888087" visible="true" version="1" changeset="8948945" timestamp="2011-08-07T16:23:38Z" user="drhzbg" uid="6609" lat="49.0127639" lon="8.4419864"/>
 <node id="1389888093" visible="true" version="1" changeset="8948945" timestamp="2011-08-07T16:23:38Z" user="drhzbg" uid="6609" lat="49.0128503" lon="8.4421119"/>
 <node id="1389888097" visible="true" version="3" changeset="112762009" timestamp="2021-10-20T20:26:53Z" user="Pamalosebi" uid="14321673" lat="49.0130856" lon="8.4424243"/>
 <node id="1389888098" visible="true" version="3" changeset="112762009" timestamp="2021-10-20T20:26:53Z" user="Pamalosebi" uid="14321673" lat="49.0131719" lon="8.4422646"/>
 <node id="1389888100" visible="true" version="3" changeset="112762009" timestamp="2021-10-20T20:26:53Z" user="Pamalosebi" uid="14321673" lat="49.0131984" lon="8.4419142"/>
 <node id="1389888103" visible="true" version="3" changeset="148706988" timestamp="2024-03-15T20:41:26Z" user="Rainero" uid="137242" lat="49.0132140" lon="8.4418500"/>
 <node id="1389888107" visible="true" version="3" changeset="112762009" timestamp="2021-10-20T20:26:53Z" user="Pamalosebi" uid="14321673" lat="49.0132236" lon="8.4418618"/>
 <node id="1389888108" visible="true" version="3" changeset="112762009" timestamp="2021-10-20T20:26:53Z" user="Pamalosebi" uid="14321673" lat="49.0132381" lon="8.4419534"/>
 <node id="1389888113" visible="true" version="3" changeset="112762009" timestamp="2021-10-20T20:26:53Z" user="Pamalosebi" uid="14321673" lat="49.0132781" lon="8.4419961"/>
 <node id="1389888120" visible="true" version="3" changeset="135330496" timestamp="2023-04-25T07:39:55Z" user="Scout Jens" uid="12466125" lat="49.0133420" lon="8.4415828"/>
 <node id="1390505245" visible="true" version="3" changeset="65681101" timestamp="2018-12-21T21:45:46Z" user="mapper999" uid="165061" lat="49.0208463" lon="8.4453005"/>
 <node id="1392021070" visible="true" version="2" changeset="112026536" timestamp="2021-10-03T09:44:50Z" user="mapper999" uid="165061" lat="49.0126944" lon="8.4415449"/>
 <node id="1392433568" visible="true" version="3" changeset="64371291" timestamp="2018-11-11T10:49:37Z" user="mapper999" uid="165061" lat="49.0126862" lon="8.4461949"/>
 <node id="1392433572" visible="true" version="2" changeset="64371291" timestamp="2018-11-11T10:49:37Z" user="mapper999" uid="165061" lat="49.0128396" lon="8.4468132"/>
 <node id="1401857982" visible="true" version="1" changeset="9044537" timestamp="2011-08-17T06:29:34Z" user="drhzbg" uid="6609" lat="49.0208984" lon="8.4453641"/>
 <node id="1401857990" visible="true" version="2" changeset="64172982" timestamp="2018-11-04T17:37:32Z" user="mapper999" uid="165061" lat="49.0209494" lon="8.4454202"/>
 <node id="1402079947" visible="true" version="1" changeset="9046117" timestamp="2011-08-17T09:59:17Z" user="drhzbg" uid="6609" lat="49.0201380" lon="8.4485598"/>
 <node id="1402079959" visible="true" version="1" changeset="9046117" timestamp="2011-08-17T09:59:17Z" user="drhzbg" uid="6609" lat="49.0202519" lon="8.4485896"/>
 <node id="1402079995" visible="true" version="1" changeset="9046117" timestamp="2011-08-17T09:59:19Z" user="drhzbg" uid="6609" lat="49.0205208" lon="8.4479164"/>
 <node id="1402080005" visible="true" version="1" changeset="9046117" timestamp="2011-08-17T09:59:20Z" user="drhzbg" uid="6609" lat="49.0205949" lon="8.4477043"/>
 <node id="1402080062" visible="true" version="2" changeset="64172982" timestamp="2018-11-04T17:37:32Z" user="mapper999" uid="165061" lat="49.0209723" lon="8.4454454"/>
 <node id="1402080066" visible="true" version="2" changeset="64172982" timestamp="2018-11-04T17:37:32Z" user="mapper999" uid="165061" lat="49.0210373" lon="8.4455169"/>
 <node id="1402080079" visible="true" version="2" changeset="73172304" timestamp="2019-08-08T21:45:59Z" user="mapper999" uid="165061" lat="49.0212460" lon="8.4457486"/>
 <node id="1416949414" visible="true" version="1" changeset="9155163" timestamp="2011-08-29T09:15:43Z" user="drhzbg" uid="6609" lat="49.0172605" lon="8.4494531"/>
 <node id="1416949415" visible="true" version="1" changeset="9155163" timestamp="2011-08-29T09:15:43Z" user="drhzbg" uid="6609" lat="49.0179043" lon="8.4497347"/>
 <node id="1416949422" visible="true" version="1" changeset="9155163" timestamp="2011-08-29T09:15:43Z" user="drhzbg" uid="6609" lat="49.0179674" lon="8.4497949"/>
 <node id="1416949425" visible="true" version="1" changeset="9155163" timestamp="2011-08-29T09:15:44Z" user="drhzbg" uid="6609" lat="49.0179821" lon="8.4497632"/>
 <node id="1416949437" visible="true" version="1" changeset="9155163" timestamp="2011-08-29T09:15:44Z" user="drhzbg" uid="6609" lat="49.0180941" lon="8.4498189"/>
 <node id="1416949469" visible="true" version="1" changeset="9155163" timestamp="2011-08-29T09:15:45Z" user="drhzbg" uid="6609" lat="49.0182772" lon="8.4496726"/>
 <node id="1416949476" visible="true" version="1" changeset="9155163" timestamp="2011-08-29T09:15:46Z" user="drhzbg" uid="6609" lat="49.0183313" lon="8.4492896"/>
 <node id="1416949478" visible="true" version="1" changeset="9155163" timestamp="2011-08-29T09:15:46Z" user="drhzbg" uid="6609" lat="49.0183589" lon="8.4499560"/>
 <node id="1416949482" visible="true" version="1" changeset="9155163" timestamp="2011-08-29T09:15:46Z" user="drhzbg" uid="6609" lat="49.0183774" lon="8.4493102"/>
 <node id="1416949484" visible="true" version="1" changeset="9155163" timestamp="2011-08-29T09:15:46Z" user="drhzbg" uid="6609" lat="49.0183870" lon="8.4490922"/>
 <node id="1416949488" visible="true" version="1" changeset="9155163" timestamp="2011-08-29T09:15:46Z" user="drhzbg" uid="6609" lat="49.0184142" lon="8.4497361"/>
 <node id="1416949489" visible="true" version="1" changeset="9155163" timestamp="2011-08-29T09:15:46Z" user="drhzbg" uid="6609" lat="49.0184231" lon="8.4491013"/>
 <node id="1416949490" visible="true" version="1" changeset="9155163" timestamp="2011-08-29T09:15:46Z" user="drhzbg" uid="6609" lat="49.0184249" lon="8.4487227"/>
 <node id="1416949495" visible="true" version="1" changeset="9155163" timestamp="2011-08-29T09:15:46Z" user="drhzbg" uid="6609" lat="49.0186115" lon="8.4487540"/>
 <node id="1416949513" visible="true" version="1" changeset="9155163" timestamp="2011-08-29T09:15:47Z" user="drhzbg" uid="6609" lat="49.0188548" lon="8.4490024"/>
 <node id="1416949516" visible="true" version="1" changeset="9155163" timestamp="2011-08-29T09:15:47Z" user="drhzbg" uid="6609" lat="49.0188899" lon="8.4488018"/>
 <node id="1416949541" visible="true" version="1" changeset="9155163" timestamp="2011-08-29T09:15:48Z" user="drhzbg" uid="6609" lat="49.0193140" lon="8.4491629"/>
 <node id="1416949542" visible="true" version="1" changeset="9155163" timestamp="2011-08-29T09:15:48Z" user="drhzbg" uid="6609" lat="49.0193274" lon="8.4490684"/>
 <node id="1416949549" visible="true" version="1" changeset="9155163" timestamp="2011-08-29T09:15:48Z" user="drhzbg" uid="6609" lat="49.0194972" lon="8.4491523"/>
 <node id="1416949551" visible="true" version="1" changeset="9155163" timestamp="2011-08-29T09:15:48Z" user="drhzbg" uid="6609" lat="49.0195031" lon="8.4491175"/>
 <node id="1416949559" visible="true" version="1" changeset="9155163" timestamp="2011-08-29T09:15:48Z" user="drhzbg" uid="6609" lat="49.0195725" lon="8.4491332"/>
 <node id="1416949575" visible="true" version="1" changeset="9155163" timestamp="2011-08-29T09:15:49Z" user="drhzbg" uid="6609" lat="49.0196987" lon="8.4491997"/>
 <node id="1416951560" visible="true" version="1" changeset="9155222" timestamp="2011-08-29T09:20:59Z" user="drhzbg" uid="6609" lat="49.0168844" lon="8.4492371"/>
 <node id="1416951577" visible="true" version="1" changeset="9155222" timestamp="2011-08-29T09:20:59Z" user="drhzbg" uid="6609" lat="49.0176309" lon="8.4495838"/>
 <node id="1418914918" visible="true" version="1" changeset="9173394" timestamp="2011-08-31T06:22:22Z" user="drhzbg" uid="6609" lat="49.0166612" lon="8.4491146"/>
 <node id="1419007591" visible="true" version="2" changeset="117638504" timestamp="2022-02-20T13:27:49Z" user="mapper999" uid="165061" lat="49.0158083" lon="8.4485897"/>
 <node id="1419007612" visible="true" version="1" changeset="9174426" timestamp="2011-08-31T09:07:44Z" user="drhzbg" uid="6609" lat="49.0160831" lon="8.4487672"/>
 <node id="1419007646" visible="true" version="1" changeset="9174426" timestamp="2011-08-31T09:07:45Z" user="drhzbg" uid="6609" lat="49.0162148" lon="8.4488402"/>
 <node id="1419007729" visible="true" version="1" changeset="9174426" timestamp="2011-08-31T09:07:47Z" user="drhzbg" uid="6609" lat="49.0166025" lon="8.4490823"/>
 <node id="1478836456" visible="true" version="2" changeset="12388332" timestamp="2012-07-20T19:23:58Z" user="JanTH" uid="42208" lat="49.0068420" lon="8.4405736"/>
 <node id="1478836614" visible="true" version="2" changeset="12388332" timestamp="2012-07-20T19:23:58Z" user="JanTH" uid="42208" lat="49.0074650" lon="8.4416409"/>
 <node id="1478837672" visible="true" version="2" changeset="12388332" timestamp="2012-07-20T19:23:58Z" user="JanTH" uid="42208" lat="49.0079274" lon="8.4420661"/>
 <node id="1478837919" visible="true" version="2" changeset="12388332" timestamp="2012-07-20T19:23:59Z" user="JanTH" uid="42208" lat="49.0082694" lon="8.4422098"/>
 <node id="1478865090" visible="true" version="5" changeset="67897902" timestamp="2019-03-07T19:49:06Z" user="b-jazz-bot" uid="9451067" lat="49.0113735" lon="8.4377013">
  <tag k="name" v="Packstation 104"/>
  <tag k="operator" v="DHL"/>
  <tag k="postal_code" v="76131"/>
  <tag k="ref" v="104"/>
  <tag k="removed:amenity" v="vending_machine"/>
  <tag k="type" v="Rondell"/>
  <tag k="vending" v="parcel_pickup;parcel_mail_in"/>
  <tag k="website" v="https://www.packstation.de/"/>
 </node>
 <node id="1478865117" visible="true" version="2" changeset="12388332" timestamp="2012-07-20T19:23:59Z" user="JanTH" uid="42208" lat="49.0063752" lon="8.4397072"/>
 <node id="1478865210" visible="true" version="2" changeset="12388332" timestamp="2012-07-20T19:23:59Z" user="JanTH" uid="42208" lat="49.0088045" lon="8.4422073"/>
 <node id="1478865238" visible="true" version="9" changeset="171213037" timestamp="2025-08-30T07:11:10Z" user="B-Rabbit" uid="952926" lat="49.0101158" lon="8.4405326">
  <tag k="button_operated" v="no"/>
  <tag k="crossing" v="traffic_signals"/>
  <tag k="crossing:island" v="yes"/>
  <tag k="highway" v="crossing"/>
  <tag k="tactile_paving" v="no"/>
  <tag k="traffic_signals:arrow" v="no"/>
  <tag k="traffic_signals:operating_times" v="Mo-Sa; PH off; off @ night"/>
  <tag k="traffic_signals:sound" v="no"/>
  <tag k="traffic_signals:vibration" v="no"/>
 </node>
 <node id="1478865239" visible="true" version="1" changeset="9641194" timestamp="2011-10-24T08:26:23Z" user="dwausr" uid="442210" lat="49.0101602" lon="8.4403679"/>
 <node id="1478865241" visible="true" version="1" changeset="9641194" timestamp="2011-10-24T08:25:47Z" user="dwausr" uid="442210" lat="49.0101994" lon="8.4402220"/>
 <node id="1478865243" visible="true" version="3" changeset="65293390" timestamp="2018-12-08T14:08:07Z" user="mapper999" uid="165061" lat="49.0102864" lon="8.4406977"/>
 <node id="1478865248" visible="true" version="10" changeset="171980168" timestamp="2025-09-15T18:24:01Z" user="mindful-student" uid="22412891" lat="49.0103486" lon="8.4405345">
  <tag k="bicycle" v="yes"/>
  <tag k="button_operated" v="yes"/>
  <tag k="check_date:traffic_signals:sound" v="2025-09-15"/>
  <tag k="crossing" v="traffic_signals"/>
  <tag k="highway" v="crossing"/>
  <tag k="tactile_paving" v="no"/>
  <tag k="traffic_signals:arrow" v="yes"/>
  <tag k="traffic_signals:operating_times" v="Mo-Sa; PH off; off @ night"/>
  <tag k="traffic_signals:sound" v="no"/>
  <tag k="traffic_signals:vibration" v="yes"/>
 </node>
 <node id="1478865249" visible="true" version="1" changeset="9641194" timestamp="2011-10-24T08:25:49Z" user="dwausr" uid="442210" lat="49.0103717" lon="8.4398497"/>
 <node id="1478865250" visible="true" version="1" changeset="9641194" timestamp="2011-10-24T08:25:49Z" user="dwausr" uid="442210" lat="49.0103830" lon="8.4402059"/>
 <node id="1478865253" visible="true" version="3" changeset="65293390" timestamp="2018-12-08T14:08:07Z" user="mapper999" uid="165061" lat="49.0104380" lon="8.4403111"/>
 <node id="1478865255" visible="true" version="2" changeset="171213037" timestamp="2025-08-30T07:11:10Z" user="B-Rabbit" uid="952926" lat="49.0105365" lon="8.4395551"/>
 <node id="1478865257" visible="true" version="1" changeset="9641194" timestamp="2011-10-24T08:26:26Z" user="dwausr" uid="442210" lat="49.0105546" lon="8.4400456"/>
 <node id="1478865258" visible="true" version="1" changeset="9641194" timestamp="2011-10-24T08:25:51Z" user="dwausr" uid="442210" lat="49.0105719" lon="8.4397062"/>
 <node id="1478865260" visible="true" version="1" changeset="9641194" timestamp="2011-10-24T08:25:51Z" user="dwausr" uid="442210" lat="49.0106370" lon="8.4394017"/>
 <node id="1478865261" visible="true" version="1" changeset="9641194" timestamp="2011-10-24T08:26:27Z" user="dwausr" uid="442210" lat="49.0106701" lon="8.4398211"/>
 <node id="1478865262" visible="true" version="1" changeset="9641194" timestamp="2011-10-24T08:26:27Z" user="dwausr" uid="442210" lat="49.0107118" lon="8.4394771"/>
 <node id="1478865264" visible="true" version="1" changeset="9641194" timestamp="2011-10-24T08:25:52Z" user="dwausr" uid="442210" lat="49.0107857" lon="8.4396238"/>
 <node id="1478865265" visible="true" version="4" changeset="171213037" timestamp="2025-08-30T07:11:10Z" user="B-Rabbit" uid="952926" lat="49.0108258" lon="8.4391420">
  <tag k="crossing" v="unmarked"/>
  <tag k="crossing:island" v="no"/>
  <tag k="highway" v="crossing"/>
  <tag k="tactile_paving" v="no"/>
 </node>
 <node id="1478865267" visible="true" version="1" changeset="9641194" timestamp="2011-10-24T08:26:28Z" user="dwausr" uid="442210" lat="49.0108739" lon="8.4392460"/>
 <node id="1478865268" visible="true" version="1" changeset="9641194" timestamp="2011-10-24T08:26:28Z" user="dwausr" uid="442210" lat="49.0109487" lon="8.4393726"/>
 <node id="1478865269" visible="true" version="1" changeset="9641194" timestamp="2011-10-24T08:25:52Z" user="dwausr" uid="442210" lat="49.0110453" lon="8.4388912"/>
 <node id="1478865270" visible="true" version="1" changeset="9641194" timestamp="2011-10-24T08:26:28Z" user="dwausr" uid="442210" lat="49.0110881" lon="8.4389762"/>
 <node id="1478865271" visible="true" version="1" changeset="9641194" timestamp="2011-10-24T08:25:53Z" user="dwausr" uid="442210" lat="49.0111561" lon="8.4391048"/>
 <node id="1478865272" visible="true" version="1" changeset="9641194" timestamp="2011-10-24T08:26:28Z" user="dwausr" uid="442210" lat="49.0111829" lon="8.4387495"/>
 <node id="1478865273" visible="true" version="1" changeset="9641194" timestamp="2011-10-24T08:25:53Z" user="dwausr" uid="442210" lat="49.0112240" lon="8.4388258"/>
 <node id="1478865274" visible="true" version="1" changeset="9641194" timestamp="2011-10-24T08:26:29Z" user="dwausr" uid="442210" lat="49.0112480" lon="8.4386654"/>
 <node id="1478865275" visible="true" version="2" changeset="126630731" timestamp="2022-09-25T21:57:44Z" user="MitteloberrheinischerWaldameisenschreck" uid="5934860" lat="49.0113038" lon="8.4385911"/>
 <node id="1478865276" visible="true" version="1" changeset="9641194" timestamp="2011-10-24T08:26:29Z" user="dwausr" uid="442210" lat="49.0113430" lon="8.4387071"/>
 <node id="1478865277" visible="true" version="1" changeset="9641194" timestamp="2011-10-24T08:25:53Z" user="dwausr" uid="442210" lat="49.0113528" lon="8.4384163"/>
 <node id="1478865278" visible="true" version="2" changeset="78437691" timestamp="2019-12-15T18:55:59Z" user="mapper999" uid="165061" lat="49.0113476" lon="8.4385188">
  <tag k="traffic_sign:forward" v="DE:241"/>
 </node>
 <node id="1478865279" visible="true" version="5" changeset="131338729" timestamp="2023-01-16T13:37:59Z" user="Scout Jens" uid="12466125" lat="49.0114326" lon="8.4388220">
  <tag k="highway" v="traffic_signals"/>
  <tag k="source" v="Bing 2013"/>
  <tag k="traffic_signals" v="traffic_lights"/>
  <tag k="traffic_signals:direction" v="forward"/>
 </node>
 <node id="1478865280" visible="true" version="2" changeset="77489581" timestamp="2019-11-24T18:31:21Z" user="mapper999" uid="165061" lat="49.0113940" lon="8.4381769"/>
 <node id="1478865282" visible="true" version="1" changeset="9641194" timestamp="2011-10-24T08:25:54Z" user="dwausr" uid="442210" lat="49.0114308" lon="8.4387411"/>
 <node id="1478909513" visible="true" version="9" changeset="161822447" timestamp="2025-01-27T15:12:00Z" user="Dominic Z" uid="56475" lat="49.0139522" lon="8.4419973">
  <tag k="last_renovation" v="2014-12"/>
  <tag k="name" v="Forststraße"/>
  <tag k="network" v="Karlsruher Verkehrsverbund"/>
  <tag k="operator" v="Verkehrsbetriebe Karlsruhe GmbH"/>
  <tag k="public_transport" v="stop_position"/>
  <tag k="railway" v="stop"/>
  <tag k="ref:IFOPT" v="de:08212:313:1:1"/>
  <tag k="ref:IFOPT:description" v="Tram/34 &gt;Hauptfriedhof"/>
  <tag k="ref_name" v="Rintheim Forststraße"/>
  <tag k="tram" v="yes"/>
  <tag k="uic_ref" v="722278"/>
  <tag k="wheelchair" v="yes"/>
  <tag k="wikidata" v="Q126913985"/>
 </node>
 <node id="1478909514" visible="true" version="11" changeset="161822447" timestamp="2025-01-27T15:12:00Z" user="Dominic Z" uid="56475" lat="49.0142359" lon="8.4423300">
  <tag k="last_renovation" v="2014-12"/>
  <tag k="name" v="Forststraße"/>
  <tag k="network" v="Karlsruher Verkehrsverbund"/>
  <tag k="operator" v="Verkehrsbetriebe Karlsruhe GmbH"/>
  <tag k="public_transport" v="stop_position"/>
  <tag k="railway" v="stop"/>
  <tag k="ref:IFOPT" v="de:08212:313:2:2"/>
  <tag k="ref:IFOPT:description" v="Tram/34 &gt;Rintheim"/>
  <tag k="ref_name" v="Rintheim Forststraße"/>
  <tag k="tram" v="yes"/>
  <tag k="uic_ref" v="722278"/>
  <tag k="wheelchair" v="yes"/>
  <tag k="wikidata" v="Q126913985"/>
 </node>
 <node id="1478909557" visible="true" version="2" changeset="12388332" timestamp="2012-07-20T19:23:59Z" user="JanTH" uid="42208" lat="49.0096788" lon="8.4416137"/>
 <node id="1478909590" visible="true" version="1" changeset="9641906" timestamp="2011-10-24T10:14:53Z" user="dwausr" uid="442210" lat="49.0100663" lon="8.4410131"/>
 <node id="1478909601" visible="true" version="1" changeset="9641906" timestamp="2011-10-24T10:14:55Z" user="dwausr" uid="442210" lat="49.0104113" lon="8.4405865"/>
 <node id="1478909602" visible="true" version="1" changeset="9641906" timestamp="2011-10-24T10:15:33Z" user="dwausr" uid="442210" lat="49.0105033" lon="8.4403709"/>
 <node id="1478909606" visible="true" version="1" changeset="9641906" timestamp="2011-10-24T10:15:35Z" user="dwausr" uid="442210" lat="49.0105963" lon="8.4401759"/>
 <node id="1478909613" visible="true" version="1" changeset="9641906" timestamp="2011-10-24T10:14:58Z" user="dwausr" uid="442210" lat="49.0110176" lon="8.4394846"/>
 <node id="1478909639" visible="true" version="1" changeset="9641906" timestamp="2011-10-24T10:15:44Z" user="dwausr" uid="442210" lat="49.0112846" lon="8.4418922"/>
 <node id="1478909645" visible="true" version="1" changeset="9641906" timestamp="2011-10-24T10:15:07Z" user="dwausr" uid="442210" lat="49.0113085" lon="8.4420466"/>
 <node id="1478909646" visible="true" version="1" changeset="9641906" timestamp="2011-10-24T10:15:08Z" user="dwausr" uid="442210" lat="49.0113091" lon="8.4423641"/>
 <node id="1478909647" visible="true" version="1" changeset="9641906" timestamp="2011-10-24T10:15:08Z" user="dwausr" uid="442210" lat="49.0113140" lon="8.4418723"/>
 <node id="1478909650" visible="true" version="1" changeset="9641906" timestamp="2011-10-24T10:15:46Z" user="dwausr" uid="442210" lat="49.0113159" lon="8.4391249"/>
 <node id="1478909652" visible="true" version="1" changeset="9641906" timestamp="2011-10-24T10:15:09Z" user="dwausr" uid="442210" lat="49.0113215" lon="8.4416095"/>
 <node id="1478909656" visible="true" version="1" changeset="9641906" timestamp="2011-10-24T10:15:10Z" user="dwausr" uid="442210" lat="49.0113394" lon="8.4411000"/>
 <node id="1478909660" visible="true" version="1" changeset="9641906" timestamp="2011-10-24T10:15:49Z" user="dwausr" uid="442210" lat="49.0113624" lon="8.4427856"/>
 <node id="1478909664" visible="true" version="1" changeset="9641906" timestamp="2011-10-24T10:15:50Z" user="dwausr" uid="442210" lat="49.0113857" lon="8.4438655"/>
 <node id="1478909672" visible="true" version="1" changeset="9641906" timestamp="2011-10-24T10:15:13Z" user="dwausr" uid="442210" lat="49.0114430" lon="8.4441876"/>
 <node id="1478909673" visible="true" version="6" changeset="131338729" timestamp="2023-01-16T13:37:59Z" user="Scout Jens" uid="12466125" lat="49.0114543" lon="8.4386068">
  <tag k="button_operated" v="yes"/>
  <tag k="crossing" v="traffic_signals"/>
  <tag k="crossing:markings" v="dashes"/>
  <tag k="highway" v="crossing"/>
  <tag k="source" v="Bing 2013"/>
  <tag k="tactile_paving" v="yes"/>
  <tag k="traffic_signals:arrow" v="yes"/>
  <tag k="traffic_signals:sound" v="no"/>
  <tag k="traffic_signals:vibration" v="yes"/>
 </node>
 <node id="1478909676" visible="true" version="1" changeset="9641906" timestamp="2011-10-24T10:15:14Z" user="dwausr" uid="442210" lat="49.0114748" lon="8.4435850"/>
 <node id="1478909678" visible="true" version="7" changeset="131338729" timestamp="2023-01-16T13:37:59Z" user="Scout Jens" uid="12466125" lat="49.0114833" lon="8.4387755">
  <tag k="button_operated" v="yes"/>
  <tag k="crossing" v="traffic_signals"/>
  <tag k="crossing:markings" v="dashes"/>
  <tag k="highway" v="crossing"/>
  <tag k="source" v="Bing 2013"/>
  <tag k="tactile_paving" v="yes"/>
  <tag k="traffic_signals:arrow" v="yes"/>
  <tag k="traffic_signals:sound" v="no"/>
  <tag k="traffic_signals:vibration" v="yes"/>
 </node>
 <node id="1478909679" visible="true" version="1" changeset="9641906" timestamp="2011-10-24T10:15:15Z" user="dwausr" uid="442210" lat="49.0114980" lon="8.4444156"/>
 <node id="1478909680" visible="true" version="3" changeset="126630731" timestamp="2022-09-25T21:57:44Z" user="MitteloberrheinischerWaldameisenschreck" uid="5934860" lat="49.0115083" lon="8.4389051"/>
 <node id="1478909683" visible="true" version="1" changeset="9641906" timestamp="2011-10-24T10:15:54Z" user="dwausr" uid="442210" lat="49.0116010" lon="8.4443672"/>
 <node id="1478909684" visible="true" version="1" changeset="9641906" timestamp="2011-10-24T10:15:54Z" user="dwausr" uid="442210" lat="49.0116118" lon="8.4411044"/>
 <node id="1478909717" visible="true" version="1" changeset="9641906" timestamp="2011-10-24T10:15:56Z" user="dwausr" uid="442210" lat="49.0116806" lon="8.4408076"/>
 <node id="1478909721" visible="true" version="2" changeset="63938694" timestamp="2018-10-27T22:30:03Z" user="mapper999" uid="165061" lat="49.0117003" lon="8.4406848"/>
 <node id="1478909724" visible="true" version="1" changeset="9641906" timestamp="2011-10-24T10:15:56Z" user="dwausr" uid="442210" lat="49.0117049" lon="8.4406602"/>
 <node id="1478909750" visible="true" version="2" changeset="63938694" timestamp="2018-10-27T22:30:03Z" user="mapper999" uid="165061" lat="49.0117679" lon="8.4404932"/>
 <node id="1478909763" visible="true" version="2" changeset="41284873" timestamp="2016-08-06T10:28:26Z" user="mapper999" uid="165061" lat="49.0117959" lon="8.4454725"/>
 <node id="1478909765" visible="true" version="1" changeset="9641906" timestamp="2011-10-24T10:15:58Z" user="dwausr" uid="442210" lat="49.0118011" lon="8.4404380"/>
 <node id="1478909771" visible="true" version="2" changeset="65682530" timestamp="2018-12-21T23:10:53Z" user="mapper999" uid="165061" lat="49.0118085" lon="8.4410320"/>
 <node id="1478909799" visible="true" version="1" changeset="9641906" timestamp="2011-10-24T10:15:59Z" user="dwausr" uid="442210" lat="49.0118518" lon="8.4453180"/>
 <node id="1478909821" visible="true" version="1" changeset="9641906" timestamp="2011-10-24T10:16:03Z" user="dwausr" uid="442210" lat="49.0120524" lon="8.4458347"/>
 <node id="1478909826" visible="true" version="2" changeset="64607999" timestamp="2018-11-17T22:09:56Z" user="mapper999" uid="165061" lat="49.0121679" lon="8.4460459"/>
 <node id="1478909828" visible="true" version="2" changeset="112026536" timestamp="2021-10-03T09:44:50Z" user="mapper999" uid="165061" lat="49.0121585" lon="8.4400077"/>
 <node id="1478909830" visible="true" version="3" changeset="112026536" timestamp="2021-10-03T09:44:50Z" user="mapper999" uid="165061" lat="49.0121538" lon="8.4399465">
  <tag k="railway" v="signal"/>
  <tag k="railway:signal:direction" v="forward"/>
  <tag k="railway:signal:main" v="DE-BOStrab:f"/>
  <tag k="railway:signal:main:form" v="light"/>
  <tag k="railway:signal:main:height" v="normal"/>
  <tag k="railway:signal:main:states" v="DE-BOStrab:f0;DE-BOStrab:f1;DE-BOStrab:f4"/>
  <tag k="railway:signal:position" v="right"/>
  <tag k="railway:signal:request" v="DE-VBK:st9"/>
  <tag k="railway:signal:request:form" v="light"/>
  <tag k="railway:signal:request:height" v="normal"/>
  <tag k="railway:signal:request:states" v="DE-VBK:st9;off"/>
 </node>
 <node id="1478909831" visible="true" version="4" changeset="157955742" timestamp="2024-10-16T09:33:08Z" user="Scout Jens" uid="12466125" lat="49.0121380" lon="8.4401011"/>
 <node id="1478909832" visible="true" version="3" changeset="112026536" timestamp="2021-10-03T09:44:50Z" user="mapper999" uid="165061" lat="49.0121993" lon="8.4398906">
  <tag k="traffic_sign:backward" v="DE:267"/>
 </node>
 <node id="1478909840" visible="true" version="3" changeset="112026536" timestamp="2021-10-03T09:44:50Z" user="mapper999" uid="165061" lat="49.0123469" lon="8.4400790"/>
 <node id="1478909841" visible="true" version="4" changeset="157955742" timestamp="2024-10-16T09:33:08Z" user="Scout Jens" uid="12466125" lat="49.0122157" lon="8.4401589"/>
 <node id="1478909844" visible="true" version="2" changeset="53508936" timestamp="2017-11-04T16:43:24Z" user="mapper999" uid="165061" lat="49.0124609" lon="8.4397701"/>
 <node id="1478909845" visible="true" version="1" changeset="9641906" timestamp="2011-10-24T10:15:30Z" user="dwausr" uid="442210" lat="49.0124627" lon="8.4399648"/>
 <node id="1478909852" visible="true" version="3" changeset="112026536" timestamp="2021-10-03T09:44:50Z" user="mapper999" uid="165061" lat="49.0125195" lon="8.4402912"/>
 <node id="1478909854" visible="true" version="2" changeset="53508936" timestamp="2017-11-04T16:43:24Z" user="mapper999" uid="165061" lat="49.0125337" lon="8.4393599"/>
 <node id="1478909857" visible="true" version="2" changeset="112026536" timestamp="2021-10-03T09:44:50Z" user="mapper999" uid="165061" lat="49.0125420" lon="8.4404827"/>
 <node id="1478909858" visible="true" version="1" changeset="9641906" timestamp="2011-10-24T10:15:33Z" user="dwausr" uid="442210" lat="49.0125474" lon="8.4404366"/>
 <node id="1478909868" visible="true" version="2" changeset="53508936" timestamp="2017-11-04T16:43:24Z" user="mapper999" uid="165061" lat="49.0126353" lon="8.4393599"/>
 <node id="1478909870" visible="true" version="1" changeset="9641906" timestamp="2011-10-24T10:16:13Z" user="dwausr" uid="442210" lat="49.0126419" lon="8.4399657"/>
 <node id="1478909878" visible="true" version="3" changeset="112026536" timestamp="2021-10-03T09:44:50Z" user="mapper999" uid="165061" lat="49.0127482" lon="8.4405724"/>
 <node id="1478909890" visible="true" version="3" changeset="112026536" timestamp="2021-10-03T09:44:50Z" user="mapper999" uid="165061" lat="49.0130699" lon="8.4409412"/>
 <node id="1478909891" visible="true" version="4" changeset="112026536" timestamp="2021-10-03T09:44:50Z" user="mapper999" uid="165061" lat="49.0130363" lon="8.4410611">
  <tag k="railway" v="signal"/>
  <tag k="railway:signal:direction" v="forward"/>
  <tag k="railway:signal:distant" v="DE-VBK:fv"/>
  <tag k="railway:signal:distant:form" v="light"/>
  <tag k="railway:signal:distant:height" v="normal"/>
  <tag k="railway:signal:distant:states" v="DE-VBK:fv0;DE-VBK:fv1"/>
  <tag k="railway:signal:position" v="bridge"/>
 </node>
 <node id="1478909892" visible="true" version="2" changeset="112026536" timestamp="2021-10-03T09:44:50Z" user="mapper999" uid="165061" lat="49.0130507" lon="8.4410259"/>
 <node id="1478909898" visible="true" version="3" changeset="112026536" timestamp="2021-10-03T09:44:50Z" user="mapper999" uid="165061" lat="49.0133859" lon="8.4412891"/>
 <node id="1478909900" visible="true" version="2" changeset="112026536" timestamp="2021-10-03T09:44:50Z" user="mapper999" uid="165061" lat="49.0135310" lon="8.4416090"/>
 <node id="1478909902" visible="true" version="2" changeset="112026536" timestamp="2021-10-03T09:44:50Z" user="mapper999" uid="165061" lat="49.0135466" lon="8.4415759"/>
 <node id="1478909904" visible="true" version="2" changeset="49205731" timestamp="2017-06-02T19:45:47Z" user="mapper999" uid="165061" lat="49.0136098" lon="8.4415397"/>
 <node id="1478909907" visible="true" version="9" changeset="167525132" timestamp="2025-06-12T09:35:18Z" user="MrKrisKrisu" uid="1214889" lat="49.0138110" lon="8.4419065">
  <tag k="crossing:activation" v="automatic"/>
  <tag k="crossing:barrier" v="no"/>
  <tag k="crossing:bell" v="no"/>
  <tag k="crossing:chicane" v="no"/>
  <tag k="crossing:light" v="yes"/>
  <tag k="crossing:saltire" v="yes"/>
  <tag k="crossing:supervision" v="no"/>
  <tag k="railway" v="level_crossing"/>
 </node>
 <node id="1478909908" visible="true" version="8" changeset="167525132" timestamp="2025-06-12T09:35:18Z" user="MrKrisKrisu" uid="1214889" lat="49.0138247" lon="8.4418744">
  <tag k="crossing:activation" v="automatic"/>
  <tag k="crossing:barrier" v="no"/>
  <tag k="crossing:bell" v="no"/>
  <tag k="crossing:chicane" v="no"/>
  <tag k="crossing:light" v="yes"/>
  <tag k="crossing:saltire" v="yes"/>
  <tag k="crossing:supervision" v="no"/>
  <tag k="railway" v="level_crossing"/>
 </node>
 <node id="1478909911" visible="true" version="5" changeset="157955742" timestamp="2024-10-16T09:33:08Z" user="Scout Jens" uid="12466125" lat="49.0138561" lon="8.4418066"/>
 <node id="1478909914" visible="true" version="6" changeset="157956112" timestamp="2024-10-16T09:43:08Z" user="Scout Jens" uid="12466125" lat="49.0138815" lon="8.4419774">
  <tag k="crossing:activation" v="automatic"/>
  <tag k="crossing:barrier" v="no"/>
  <tag k="crossing:bell" v="no"/>
  <tag k="crossing:chicane" v="no"/>
  <tag k="crossing:light" v="yes"/>
  <tag k="crossing:saltire" v="no"/>
  <tag k="crossing:supervision" v="no"/>
  <tag k="railway" v="tram_crossing"/>
 </node>
 <node id="1478909915" visible="true" version="6" changeset="157956112" timestamp="2024-10-16T09:43:08Z" user="Scout Jens" uid="12466125" lat="49.0138971" lon="8.4419434">
  <tag k="crossing:activation" v="automatic"/>
  <tag k="crossing:barrier" v="no"/>
  <tag k="crossing:bell" v="no"/>
  <tag k="crossing:chicane" v="no"/>
  <tag k="crossing:light" v="yes"/>
  <tag k="crossing:saltire" v="no"/>
  <tag k="crossing:supervision" v="no"/>
  <tag k="railway" v="tram_crossing"/>
 </node>
 <node id="1478909916" visible="true" version="2" changeset="157955742" timestamp="2024-10-16T09:33:08Z" user="Scout Jens" uid="12466125" lat="49.0139017" lon="8.4417221"/>
 <node id="1478909918" visible="true" version="2" changeset="112026536" timestamp="2021-10-03T09:44:50Z" user="mapper999" uid="165061" lat="49.0139116" lon="8.4420074"/>
 <node id="1478909922" visible="true" version="2" changeset="112026536" timestamp="2021-10-03T09:44:50Z" user="mapper999" uid="165061" lat="49.0140639" lon="8.4421622"/>
 <node id="1478909924" visible="true" version="1" changeset="9641906" timestamp="2011-10-24T10:15:44Z" user="dwausr" uid="442210" lat="49.0140816" lon="8.4421253"/>
 <node id="1479145186" visible="true" version="1" changeset="9644118" timestamp="2011-10-24T14:43:26Z" user="dwausr" uid="442210" lat="49.0032888" lon="8.4475929"/>
 <node id="1479145238" visible="true" version="1" changeset="9644118" timestamp="2011-10-24T14:43:29Z" user="dwausr" uid="442210" lat="49.0033907" lon="8.4470035"/>
 <node id="1479145411" visible="true" version="1" changeset="9644118" timestamp="2011-10-24T14:44:22Z" user="dwausr" uid="442210" lat="49.0037541" lon="8.4448920"/>
 <node id="1479145483" visible="true" version="1" changeset="9644118" timestamp="2011-10-24T14:43:42Z" user="dwausr" uid="442210" lat="49.0039247" lon="8.4440284"/>
 <node id="1479145549" visible="true" version="1" changeset="9644118" timestamp="2011-10-24T14:44:30Z" user="dwausr" uid="442210" lat="49.0040694" lon="8.4432748"/>
 <node id="1479145695" visible="true" version="1" changeset="9644118" timestamp="2011-10-24T14:44:35Z" user="dwausr" uid="442210" lat="49.0042934" lon="8.4420857"/>
 <node id="1479145921" visible="true" version="1" changeset="9644118" timestamp="2011-10-24T14:44:07Z" user="dwausr" uid="442210" lat="49.0045976" lon="8.4404862"/>
 <node id="1479145942" visible="true" version="1" changeset="9644118" timestamp="2011-10-24T14:44:53Z" user="dwausr" uid="442210" lat="49.0048627" lon="8.4390801"/>
 <node id="1479147580" visible="true" version="1" changeset="9644118" timestamp="2011-10-24T14:46:04Z" user="dwausr" uid="442210" lat="49.0111114" lon="8.4435174"/>
 <node id="1480090966" visible="true" version="3" changeset="53717507" timestamp="2017-11-12T16:34:46Z" user="mapper999" uid="165061" lat="49.0113513" lon="8.4322368"/>
 <node id="1480090972" visible="true" version="1" changeset="9651465" timestamp="2011-10-25T11:40:48Z" user="dwausr" uid="442210" lat="49.0113698" lon="8.4327933"/>
 <node id="1480090980" visible="true" version="1" changeset="9651465" timestamp="2011-10-25T11:40:34Z" user="dwausr" uid="442210" lat="49.0113867" lon="8.4331767"/>
 <node id="1480090983" visible="true" version="2" changeset="12341342" timestamp="2012-07-19T18:30:47Z" user="JanTH" uid="42208" lat="49.0114134" lon="8.4338551"/>
 <node id="1480090998" visible="true" version="4" changeset="181180309" timestamp="2026-04-11T09:13:41Z" user="Scout Jens" uid="12466125" lat="49.0114976" lon="8.4353246"/>
 <node id="1480091365" visible="true" version="1" changeset="9651465" timestamp="2011-10-25T11:41:59Z" user="dwausr" uid="442210" lat="49.0158840" lon="8.4365686"/>
 <node id="1480091366" visible="true" version="3" changeset="129129048" timestamp="2022-11-19T15:45:35Z" user="mapper999" uid="165061" lat="49.0158727" lon="8.4370058"/>
 <node id="1480091375" visible="true" version="1" changeset="9651465" timestamp="2011-10-25T11:42:02Z" user="dwausr" uid="442210" lat="49.0161080" lon="8.4370938"/>
 <node id="1480091394" visible="true" version="1" changeset="9651465" timestamp="2011-10-25T11:41:51Z" user="dwausr" uid="442210" lat="49.0165651" lon="8.4380324"/>
 <node id="1480091401" visible="true" version="1" changeset="9651465" timestamp="2011-10-25T11:42:08Z" user="dwausr" uid="442210" lat="49.0166806" lon="8.4382538"/>
 <node id="1480091413" visible="true" version="2" changeset="184087956" timestamp="2026-06-14T10:20:35Z" user="mapper999" uid="165061" lat="49.0168782" lon="8.4389357"/>
 <node id="1480091419" visible="true" version="1" changeset="9651465" timestamp="2011-10-25T11:42:12Z" user="dwausr" uid="442210" lat="49.0169895" lon="8.4388201"/>
 <node id="1481170844" visible="true" version="2" changeset="12388332" timestamp="2012-07-20T19:23:59Z" user="JanTH" uid="42208" lat="49.0051599" lon="8.4374661"/>
 <node id="1481170920" visible="true" version="2" changeset="12388332" timestamp="2012-07-20T19:23:59Z" user="JanTH" uid="42208" lat="49.0053256" lon="8.4377881"/>
 <node id="1481256349" visible="true" version="1" changeset="9660245" timestamp="2011-10-26T13:22:40Z" user="dwausr" uid="442210" lat="49.0105024" lon="8.4364917"/>
 <node id="1481256366" visible="true" version="2" changeset="65681876" timestamp="2018-12-21T22:29:15Z" user="mapper999" uid="165061" lat="49.0105481" lon="8.4373496"/>
 <node id="1481256376" visible="true" version="1" changeset="9660245" timestamp="2011-10-26T13:23:11Z" user="dwausr" uid="442210" lat="49.0105756" lon="8.4379899"/>
 <node id="1481256392" visible="true" version="1" changeset="9660245" timestamp="2011-10-26T13:22:42Z" user="dwausr" uid="442210" lat="49.0106337" lon="8.4383355"/>
 <node id="1481256399" visible="true" version="1" changeset="9660245" timestamp="2011-10-26T13:22:42Z" user="dwausr" uid="442210" lat="49.0107184" lon="8.4395796"/>
 <node id="1481256406" visible="true" version="2" changeset="50308022" timestamp="2017-07-15T15:31:47Z" user="mapper999" uid="165061" lat="49.0108817" lon="8.4369484"/>
 <node id="1481256409" visible="true" version="2" changeset="50308022" timestamp="2017-07-15T15:31:47Z" user="mapper999" uid="165061" lat="49.0108921" lon="8.4372024"/>
 <node id="1481256414" visible="true" version="3" changeset="50308022" timestamp="2017-07-15T15:31:47Z" user="mapper999" uid="165061" lat="49.0109405" lon="8.4365618"/>
 <node id="1481256421" visible="true" version="3" changeset="50308022" timestamp="2017-07-15T15:31:47Z" user="mapper999" uid="165061" lat="49.0109363" lon="8.4364549"/>
 <node id="1481256454" visible="true" version="2" changeset="50308022" timestamp="2017-07-15T15:31:47Z" user="mapper999" uid="165061" lat="49.0112450" lon="8.4371689"/>
 <node id="1481256534" visible="true" version="1" changeset="9660245" timestamp="2011-10-26T13:22:47Z" user="dwausr" uid="442210" lat="49.0114297" lon="8.4406705"/>
 <node id="1481256540" visible="true" version="1" changeset="9660245" timestamp="2011-10-26T13:22:47Z" user="dwausr" uid="442210" lat="49.0114306" lon="8.4406286"/>
 <node id="1481256545" visible="true" version="1" changeset="9660245" timestamp="2011-10-26T13:23:16Z" user="dwausr" uid="442210" lat="49.0114345" lon="8.4404513"/>
 <node id="1481256553" visible="true" version="1" changeset="9660245" timestamp="2011-10-26T13:22:47Z" user="dwausr" uid="442210" lat="49.0114365" lon="8.4401065"/>
 <node id="1481256559" visible="true" version="1" changeset="9660245" timestamp="2011-10-26T13:23:17Z" user="dwausr" uid="442210" lat="49.0114527" lon="8.4394250"/>
 <node id="1481256563" visible="true" version="1" changeset="9660245" timestamp="2011-10-26T13:23:17Z" user="dwausr" uid="442210" lat="49.0114698" lon="8.4393828"/>
 <node id="1481256578" visible="true" version="1" changeset="9660245" timestamp="2011-10-26T13:22:48Z" user="dwausr" uid="442210" lat="49.0114723" lon="8.4391334"/>
 <node id="1481256584" visible="true" version="1" changeset="9660245" timestamp="2011-10-26T13:23:18Z" user="dwausr" uid="442210" lat="49.0114857" lon="8.4407698"/>
 <node id="1481256592" visible="true" version="5" changeset="148706988" timestamp="2024-03-15T20:41:26Z" user="Rainero" uid="137242" lat="49.0114849" lon="8.4403669"/>
 <node id="1481256602" visible="true" version="5" changeset="123604525" timestamp="2022-07-14T11:16:47Z" user="Pamalosebi" uid="14321673" lat="49.0114930" lon="8.4400184"/>
 <node id="1481256608" visible="true" version="6" changeset="148706988" timestamp="2024-03-15T20:41:26Z" user="Rainero" uid="137242" lat="49.0114922" lon="8.4400444"/>
 <node id="1481256616" visible="true" version="4" changeset="148706988" timestamp="2024-03-15T20:41:26Z" user="Rainero" uid="137242" lat="49.0114913" lon="8.4400845"/>
 <node id="1481256625" visible="true" version="9" changeset="157165708" timestamp="2024-09-27T11:11:39Z" user="mauriceKA" uid="221817" lat="49.0114927" lon="8.4384434">
  <tag k="button_operated" v="no"/>
  <tag k="crossing" v="traffic_signals"/>
  <tag k="crossing:markings" v="dashes"/>
  <tag k="highway" v="crossing"/>
  <tag k="source" v="Bing 2013"/>
  <tag k="tactile_paving" v="yes"/>
  <tag k="traffic_signals:sound" v="no"/>
  <tag k="traffic_signals:vibration" v="yes"/>
 </node>
 <node id="1481256635" visible="true" version="3" changeset="112763380" timestamp="2021-10-20T21:07:02Z" user="Pamalosebi" uid="14321673" lat="49.0115015" lon="8.4396082"/>
 <node id="1481256640" visible="true" version="2" changeset="65679388" timestamp="2018-12-21T20:33:50Z" user="mapper999" uid="165061" lat="49.0115257" lon="8.4404917"/>
 <node id="1481256650" visible="true" version="5" changeset="148706988" timestamp="2024-03-15T20:41:26Z" user="Rainero" uid="137242" lat="49.0115291" lon="8.4403692"/>
 <node id="1481256660" visible="true" version="1" changeset="9660245" timestamp="2011-10-26T13:23:19Z" user="dwausr" uid="442210" lat="49.0115489" lon="8.4408294"/>
 <node id="1481256667" visible="true" version="5" changeset="123604525" timestamp="2022-07-14T11:16:47Z" user="Pamalosebi" uid="14321673" lat="49.0115369" lon="8.4400205"/>
 <node id="1481256679" visible="true" version="6" changeset="148706988" timestamp="2024-03-15T20:41:26Z" user="Rainero" uid="137242" lat="49.0115363" lon="8.4400467"/>
 <node id="1481256687" visible="true" version="3" changeset="112763380" timestamp="2021-10-20T21:07:02Z" user="Pamalosebi" uid="14321673" lat="49.0115448" lon="8.4396100"/>
 <node id="1481256698" visible="true" version="2" changeset="78437250" timestamp="2019-12-15T18:35:25Z" user="mapper999" uid="165061" lat="49.0115584" lon="8.4404494"/>
 <node id="1481256706" visible="true" version="3" changeset="112763380" timestamp="2021-10-20T21:07:02Z" user="Pamalosebi" uid="14321673" lat="49.0115462" lon="8.4395468"/>
 <node id="1481256718" visible="true" version="3" changeset="123604525" timestamp="2022-07-14T11:16:47Z" user="Pamalosebi" uid="14321673" lat="49.0115645" lon="8.4400873"/>
 <node id="1481256736" visible="true" version="6" changeset="133786724" timestamp="2023-03-17T12:34:37Z" user="B-Rabbit" uid="952926" lat="49.0115598" lon="8.4383869">
  <tag k="crossing:activation" v="automatic"/>
  <tag k="crossing:barrier" v="no"/>
  <tag k="crossing:bell" v="no"/>
  <tag k="crossing:chicane" v="no"/>
  <tag k="crossing:light" v="yes"/>
  <tag k="crossing:saltire" v="no"/>
  <tag k="crossing:supervision" v="no"/>
  <tag k="railway" v="tram_crossing"/>
 </node>
 <node id="1481256738" visible="true" version="2" changeset="78437250" timestamp="2019-12-15T18:35:25Z" user="mapper999" uid="165061" lat="49.0115712" lon="8.4397269"/>
 <node id="1481256748" visible="true" version="1" changeset="9660245" timestamp="2011-10-26T13:23:21Z" user="dwausr" uid="442210" lat="49.0115728" lon="8.4396867"/>
 <node id="1481256754" visible="true" version="6" changeset="133786724" timestamp="2023-03-17T12:34:37Z" user="B-Rabbit" uid="952926" lat="49.0115857" lon="8.4383633">
  <tag k="crossing:activation" v="automatic"/>
  <tag k="crossing:barrier" v="no"/>
  <tag k="crossing:bell" v="no"/>
  <tag k="crossing:chicane" v="no"/>
  <tag k="crossing:light" v="yes"/>
  <tag k="crossing:saltire" v="no"/>
  <tag k="crossing:supervision" v="no"/>
  <tag k="railway" v="tram_crossing"/>
 </node>
 <node id="1481256763" visible="true" version="1" changeset="9660245" timestamp="2011-10-26T13:22:51Z" user="dwausr" uid="442210" lat="49.0115951" lon="8.4396602"/>
 <node id="1481256767" visible="true" version="1" changeset="9660245" timestamp="2011-10-26T13:22:52Z" user="dwausr" uid="442210" lat="49.0115969" lon="8.4408704"/>
 <node id="1481256775" visible="true" version="9" changeset="157165708" timestamp="2024-09-27T11:11:39Z" user="mauriceKA" uid="221817" lat="49.0116407" lon="8.4383162">
  <tag k="button_operated" v="no"/>
  <tag k="crossing" v="traffic_signals"/>
  <tag k="crossing:markings" v="dashes"/>
  <tag k="highway" v="crossing"/>
  <tag k="source" v="Bing 2013"/>
  <tag k="tactile_paving" v="yes"/>
  <tag k="traffic_signals:sound" v="no"/>
  <tag k="traffic_signals:vibration" v="yes"/>
 </node>
 <node id="1481256784" visible="true" version="1" changeset="9660245" timestamp="2011-10-26T13:22:52Z" user="dwausr" uid="442210" lat="49.0116338" lon="8.4396500"/>
 <node id="1481256789" visible="true" version="3" changeset="112763380" timestamp="2021-10-20T21:07:02Z" user="Pamalosebi" uid="14321673" lat="49.0116618" lon="8.4395528"/>
 <node id="1481256802" visible="true" version="1" changeset="9660245" timestamp="2011-10-26T13:23:22Z" user="dwausr" uid="442210" lat="49.0116645" lon="8.4396560"/>
 <node id="1481256807" visible="true" version="3" changeset="112763380" timestamp="2021-10-20T21:07:02Z" user="Pamalosebi" uid="14321673" lat="49.0116604" lon="8.4396157"/>
 <node id="1481256815" visible="true" version="1" changeset="9660245" timestamp="2011-10-26T13:23:22Z" user="dwausr" uid="442210" lat="49.0116744" lon="8.4409046"/>
 <node id="1481256838" visible="true" version="2" changeset="112026536" timestamp="2021-10-03T09:44:50Z" user="mapper999" uid="165061" lat="49.0116723" lon="8.4382790"/>
 <node id="1481256863" visible="true" version="1" changeset="9660245" timestamp="2011-10-26T13:23:23Z" user="dwausr" uid="442210" lat="49.0116807" lon="8.4404922"/>
 <node id="1481256869" visible="true" version="2" changeset="112026536" timestamp="2021-10-03T09:44:50Z" user="mapper999" uid="165061" lat="49.0116742" lon="8.4396191"/>
 <node id="1481256874" visible="true" version="1" changeset="9660245" timestamp="2011-10-26T13:23:23Z" user="dwausr" uid="442210" lat="49.0116897" lon="8.4396824"/>
 <node id="1481256887" visible="true" version="2" changeset="112026536" timestamp="2021-10-03T09:44:50Z" user="mapper999" uid="165061" lat="49.0117044" lon="8.4382503"/>
 <node id="1481256892" visible="true" version="2" changeset="112026536" timestamp="2021-10-03T09:44:50Z" user="mapper999" uid="165061" lat="49.0116838" lon="8.4396226"/>
 <node id="1481256904" visible="true" version="1" changeset="9660245" timestamp="2011-10-26T13:22:54Z" user="dwausr" uid="442210" lat="49.0117078" lon="8.4404488"/>
 <node id="1481256912" visible="true" version="1" changeset="9660245" timestamp="2011-10-26T13:22:54Z" user="dwausr" uid="442210" lat="49.0117108" lon="8.4397400"/>
 <node id="1481256920" visible="true" version="2" changeset="112026536" timestamp="2021-10-03T09:44:50Z" user="mapper999" uid="165061" lat="49.0117144" lon="8.4382096"/>
 <node id="1481256928" visible="true" version="1" changeset="9660245" timestamp="2011-10-26T13:23:24Z" user="dwausr" uid="442210" lat="49.0117225" lon="8.4398030"/>
 <node id="1481256933" visible="true" version="2" changeset="63938694" timestamp="2018-10-27T22:30:03Z" user="mapper999" uid="165061" lat="49.0117392" lon="8.4403256"/>
 <node id="1481256964" visible="true" version="2" changeset="63938694" timestamp="2018-10-27T22:30:03Z" user="mapper999" uid="165061" lat="49.0117381" lon="8.4403921"/>
 <node id="1481256970" visible="true" version="3" changeset="78437250" timestamp="2019-12-15T18:35:25Z" user="mapper999" uid="165061" lat="49.0117438" lon="8.4400536"/>
 <node id="1481256975" visible="true" version="4" changeset="112763380" timestamp="2021-10-20T21:07:02Z" user="Pamalosebi" uid="14321673" lat="49.0117443" lon="8.4400267"/>
 <node id="1481256981" visible="true" version="1" changeset="9660245" timestamp="2011-10-26T13:23:25Z" user="dwausr" uid="442210" lat="49.0117444" lon="8.4380896"/>
 <node id="1481256989" visible="true" version="2" changeset="63938694" timestamp="2018-10-27T22:30:03Z" user="mapper999" uid="165061" lat="49.0117480" lon="8.4398028"/>
 <node id="1481256996" visible="true" version="1" changeset="9660245" timestamp="2011-10-26T13:23:26Z" user="dwausr" uid="442210" lat="49.0117526" lon="8.4405209"/>
 <node id="1481257000" visible="true" version="2" changeset="63938694" timestamp="2018-10-27T22:30:03Z" user="mapper999" uid="165061" lat="49.0117910" lon="8.4398045"/>
 <node id="1481257011" visible="true" version="4" changeset="112763380" timestamp="2021-10-20T21:07:02Z" user="Pamalosebi" uid="14321673" lat="49.0117873" lon="8.4400283"/>
 <node id="1481257030" visible="true" version="2" changeset="63938694" timestamp="2018-10-27T22:30:03Z" user="mapper999" uid="165061" lat="49.0117822" lon="8.4403273"/>
 <node id="1481257038" visible="true" version="3" changeset="78437250" timestamp="2019-12-15T18:35:25Z" user="mapper999" uid="165061" lat="49.0117868" lon="8.4400551"/>
 <node id="1481257050" visible="true" version="2" changeset="40373158" timestamp="2016-06-29T17:59:16Z" user="mapper999" uid="165061" lat="49.0118033" lon="8.4380558">
  <tag k="traffic_sign:backward" v="DE:240,DE:1000-33"/>
 </node>
 <node id="1481257067" visible="true" version="1" changeset="9660245" timestamp="2011-10-26T13:23:27Z" user="dwausr" uid="442210" lat="49.0119251" lon="8.4363564"/>
 <node id="1481257078" visible="true" version="1" changeset="9660245" timestamp="2011-10-26T13:23:27Z" user="dwausr" uid="442210" lat="49.0120918" lon="8.4379810"/>
 <node id="1481257094" visible="true" version="1" changeset="9660245" timestamp="2011-10-26T13:22:58Z" user="dwausr" uid="442210" lat="49.0120997" lon="8.4371435"/>
 <node id="1481257099" visible="true" version="1" changeset="9660245" timestamp="2011-10-26T13:22:58Z" user="dwausr" uid="442210" lat="49.0121233" lon="8.4372566"/>
 <node id="1481257113" visible="true" version="1" changeset="9660245" timestamp="2011-10-26T13:22:58Z" user="dwausr" uid="442210" lat="49.0121912" lon="8.4379531"/>
 <node id="1481257117" visible="true" version="1" changeset="9660245" timestamp="2011-10-26T13:23:28Z" user="dwausr" uid="442210" lat="49.0121991" lon="8.4377791"/>
 <node id="1481257127" visible="true" version="1" changeset="9660245" timestamp="2011-10-26T13:23:28Z" user="dwausr" uid="442210" lat="49.0122097" lon="8.4378132"/>
 <node id="1481257135" visible="true" version="1" changeset="9660245" timestamp="2011-10-26T13:22:59Z" user="dwausr" uid="442210" lat="49.0122240" lon="8.4378491"/>
 <node id="1481257141" visible="true" version="1" changeset="9660245" timestamp="2011-10-26T13:23:29Z" user="dwausr" uid="442210" lat="49.0122454" lon="8.4378668"/>
 <node id="1481257151" visible="true" version="1" changeset="9660245" timestamp="2011-10-26T13:23:29Z" user="dwausr" uid="442210" lat="49.0122767" lon="8.4378709"/>
 <node id="1481257156" visible="true" version="1" changeset="9660245" timestamp="2011-10-26T13:22:59Z" user="dwausr" uid="442210" lat="49.0123037" lon="8.4378659"/>
 <node id="1481257173" visible="true" version="1" changeset="9660245" timestamp="2011-10-26T13:23:29Z" user="dwausr" uid="442210" lat="49.0124301" lon="8.4378158"/>
 <node id="1481257177" visible="true" version="1" changeset="9660245" timestamp="2011-10-26T13:23:00Z" user="dwausr" uid="442210" lat="49.0124672" lon="8.4378617"/>
 <node id="1481257193" visible="true" version="1" changeset="9660245" timestamp="2011-10-26T13:23:00Z" user="dwausr" uid="442210" lat="49.0126359" lon="8.4377416"/>
 <node id="1481257207" visible="true" version="1" changeset="9660245" timestamp="2011-10-26T13:23:01Z" user="dwausr" uid="442210" lat="49.0126774" lon="8.4377165"/>
 <node id="1481257215" visible="true" version="1" changeset="9660245" timestamp="2011-10-26T13:23:01Z" user="dwausr" uid="442210" lat="49.0126920" lon="8.4377602"/>
 <node id="1481257223" visible="true" version="1" changeset="9660245" timestamp="2011-10-26T13:23:31Z" user="dwausr" uid="442210" lat="49.0126985" lon="8.4376876"/>
 <node id="1481257258" visible="true" version="1" changeset="9660245" timestamp="2011-10-26T13:23:31Z" user="dwausr" uid="442210" lat="49.0127158" lon="8.4377396"/>
 <node id="1481257269" visible="true" version="1" changeset="9660245" timestamp="2011-10-26T13:23:31Z" user="dwausr" uid="442210" lat="49.0127474" lon="8.4377009"/>
 <node id="1482236344" visible="true" version="3" changeset="126630731" timestamp="2022-09-25T21:57:44Z" user="MitteloberrheinischerWaldameisenschreck" uid="5934860" lat="49.0115928" lon="8.4388327"/>
 <node id="1482236349" visible="true" version="2" changeset="112026536" timestamp="2021-10-03T09:44:50Z" user="mapper999" uid="165061" lat="49.0117731" lon="8.4386864"/>
 <node id="1482236350" visible="true" version="2" changeset="41285082" timestamp="2016-08-06T10:43:09Z" user="mapper999" uid="165061" lat="49.0117808" lon="8.4396306"/>
 <node id="1482236356" visible="true" version="2" changeset="112026536" timestamp="2021-10-03T09:44:50Z" user="mapper999" uid="165061" lat="49.0117946" lon="8.4387153"/>
 <node id="1482236395" visible="true" version="2" changeset="112026536" timestamp="2021-10-03T09:44:50Z" user="mapper999" uid="165061" lat="49.0118153" lon="8.4395673"/>
 <node id="1482236410" visible="true" version="2" changeset="112026536" timestamp="2021-10-03T09:44:50Z" user="mapper999" uid="165061" lat="49.0118251" lon="8.4387686"/>
 <node id="1482236430" visible="true" version="1" changeset="9667513" timestamp="2011-10-27T11:29:16Z" user="dwausr" uid="442210" lat="49.0118723" lon="8.4388793"/>
 <node id="1482236449" visible="true" version="4" changeset="112026536" timestamp="2021-10-03T09:44:50Z" user="mapper999" uid="165061" lat="49.0119217" lon="8.4398958"/>
 <node id="1482236450" visible="true" version="5" changeset="151320087" timestamp="2024-05-14T16:05:06Z" user="rbpca" uid="16188450" lat="49.0119609" lon="8.4398391">
  <tag k="crossing" v="unmarked"/>
  <tag k="highway" v="crossing"/>
  <tag k="tactile_paving" v="yes"/>
 </node>
 <node id="1482236457" visible="true" version="4" changeset="112026536" timestamp="2021-10-03T09:44:50Z" user="mapper999" uid="165061" lat="49.0119602" lon="8.4397659"/>
 <node id="1482236463" visible="true" version="4" changeset="112026536" timestamp="2021-10-03T09:44:50Z" user="mapper999" uid="165061" lat="49.0119845" lon="8.4398049"/>
 <node id="1482236491" visible="true" version="6" changeset="133786724" timestamp="2023-03-17T12:34:37Z" user="B-Rabbit" uid="952926" lat="49.0119872" lon="8.4397493">
  <tag k="crossing:barrier" v="no"/>
  <tag k="crossing:chicane" v="yes"/>
  <tag k="crossing:light" v="no"/>
  <tag k="crossing:supervision" v="no"/>
  <tag k="railway" v="tram_crossing"/>
 </node>
 <node id="1482236497" visible="true" version="1" changeset="9667513" timestamp="2011-10-27T11:30:22Z" user="dwausr" uid="442210" lat="49.0120483" lon="8.4393693"/>
 <node id="1482236501" visible="true" version="7" changeset="133786724" timestamp="2023-03-17T12:34:37Z" user="B-Rabbit" uid="952926" lat="49.0120179" lon="8.4397389">
  <tag k="crossing:barrier" v="no"/>
  <tag k="crossing:chicane" v="yes"/>
  <tag k="crossing:light" v="no"/>
  <tag k="crossing:supervision" v="no"/>
  <tag k="railway" v="tram_crossing"/>
 </node>
 <node id="1482236517" visible="true" version="4" changeset="112026536" timestamp="2021-10-03T09:44:50Z" user="mapper999" uid="165061" lat="49.0120246" lon="8.4396809"/>
 <node id="1482236524" visible="true" version="4" changeset="112026536" timestamp="2021-10-03T09:44:50Z" user="mapper999" uid="165061" lat="49.0120428" lon="8.4397166"/>
 <node id="1482236527" visible="true" version="6" changeset="151320087" timestamp="2024-05-14T16:05:02Z" user="rbpca" uid="16188450" lat="49.0120493" lon="8.4396516">
  <tag k="crossing" v="unmarked"/>
  <tag k="highway" v="crossing"/>
  <tag k="tactile_paving" v="yes"/>
 </node>
 <node id="1482236533" visible="true" version="6" changeset="126630731" timestamp="2022-09-25T21:57:44Z" user="MitteloberrheinischerWaldameisenschreck" uid="5934860" lat="49.0120626" lon="8.4396287"/>
 <node id="1482236537" visible="true" version="5" changeset="112026536" timestamp="2021-10-03T09:44:50Z" user="mapper999" uid="165061" lat="49.0121173" lon="8.4395489"/>
 <node id="1482236546" visible="true" version="1" changeset="9667513" timestamp="2011-10-27T11:30:23Z" user="dwausr" uid="442210" lat="49.0121504" lon="8.4394960"/>
 <node id="1482236559" visible="true" version="2" changeset="50629866" timestamp="2017-07-27T19:41:57Z" user="mapper999" uid="165061" lat="49.0121590" lon="8.4392541"/>
 <node id="1482236593" visible="true" version="2" changeset="126630731" timestamp="2022-09-25T21:57:44Z" user="MitteloberrheinischerWaldameisenschreck" uid="5934860" lat="49.0122145" lon="8.4394182"/>
 <node id="1482236599" visible="true" version="3" changeset="156169847" timestamp="2024-09-04T06:12:54Z" user="Scout Jens" uid="12466125" lat="49.0123453" lon="8.4391101"/>
 <node id="1482236606" visible="true" version="1" changeset="9667513" timestamp="2011-10-27T11:29:23Z" user="dwausr" uid="442210" lat="49.0123399" lon="8.4399192"/>
 <node id="1482236614" visible="true" version="1" changeset="9667513" timestamp="2011-10-27T11:29:23Z" user="dwausr" uid="442210" lat="49.0123985" lon="8.4399948"/>
 <node id="1482236615" visible="true" version="3" changeset="156169847" timestamp="2024-09-04T06:12:54Z" user="Scout Jens" uid="12466125" lat="49.0124191" lon="8.4390687"/>
 <node id="1482236616" visible="true" version="2" changeset="126630731" timestamp="2022-09-25T21:57:44Z" user="MitteloberrheinischerWaldameisenschreck" uid="5934860" lat="49.0124936" lon="8.4392179"/>
 <node id="1482236617" visible="true" version="3" changeset="156169847" timestamp="2024-09-04T06:12:54Z" user="Scout Jens" uid="12466125" lat="49.0127275" lon="8.4389304"/>
 <node id="1482236643" visible="true" version="2" changeset="126630731" timestamp="2022-09-25T21:57:44Z" user="MitteloberrheinischerWaldameisenschreck" uid="5934860" lat="49.0127467" lon="8.4390621"/>
 <node id="1482236645" visible="true" version="2" changeset="126630731" timestamp="2022-09-25T21:57:44Z" user="MitteloberrheinischerWaldameisenschreck" uid="5934860" lat="49.0128853" lon="8.4389787"/>
 <node id="1482236651" visible="true" version="1" changeset="9667513" timestamp="2011-10-27T11:30:28Z" user="dwausr" uid="442210" lat="49.0130591" lon="8.4388042"/>
 <node id="1482236655" visible="true" version="2" changeset="126630731" timestamp="2022-09-25T21:57:44Z" user="MitteloberrheinischerWaldameisenschreck" uid="5934860" lat="49.0130724" lon="8.4389025"/>
 <node id="1482236661" visible="true" version="2" changeset="126630731" timestamp="2022-09-25T21:57:44Z" user="MitteloberrheinischerWaldameisenschreck" uid="5934860" lat="49.0131992" lon="8.4388563"/>
 <node id="1482236665" visible="true" version="3" changeset="156169847" timestamp="2024-09-04T06:12:54Z" user="Scout Jens" uid="12466125" lat="49.0133072" lon="8.4387080"/>
 <node id="1482236673" visible="true" version="3" changeset="156169847" timestamp="2024-09-04T06:12:54Z" user="Scout Jens" uid="12466125" lat="49.0133055" lon="8.4388421"/>
 <node id="1482236674" visible="true" version="3" changeset="156169847" timestamp="2024-09-04T06:12:54Z" user="Scout Jens" uid="12466125" lat="49.0134926" lon="8.4385933"/>
 <node id="1482236681" visible="true" version="3" changeset="156169847" timestamp="2024-09-04T06:12:54Z" user="Scout Jens" uid="12466125" lat="49.0137487" lon="8.4384714"/>
 <node id="1482236684" visible="true" version="3" changeset="156169847" timestamp="2024-09-04T06:12:54Z" user="Scout Jens" uid="12466125" lat="49.0137778" lon="8.4386010"/>
 <node id="1482236692" visible="true" version="3" changeset="156169847" timestamp="2024-09-04T06:12:54Z" user="Scout Jens" uid="12466125" lat="49.0139123" lon="8.4383911"/>
 <node id="1482236697" visible="true" version="2" changeset="126630731" timestamp="2022-09-25T21:57:44Z" user="MitteloberrheinischerWaldameisenschreck" uid="5934860" lat="49.0139568" lon="8.4383727"/>
 <node id="1482236708" visible="true" version="3" changeset="126630731" timestamp="2022-09-25T21:57:44Z" user="MitteloberrheinischerWaldameisenschreck" uid="5934860" lat="49.0140270" lon="8.4383803">
  <tag k="traffic_sign:backward" v="DE:239"/>
 </node>
 <node id="1593995908" visible="true" version="1" changeset="10413722" timestamp="2012-01-16T23:57:58Z" user="user_7622" uid="7622" lat="49.0208885" lon="8.4453515"/>
 <node id="1640220045" visible="true" version="4" changeset="126630731" timestamp="2022-09-25T21:57:44Z" user="MitteloberrheinischerWaldameisenschreck" uid="5934860" lat="49.0115002" lon="8.4384945">
  <tag k="traffic_sign:forward" v="DE:205"/>
 </node>
 <node id="1695813977" visible="true" version="2" changeset="145222441" timestamp="2023-12-17T17:01:54Z" user="Geofreund1" uid="179581" lat="49.0120060" lon="8.4400853">
  <tag k="direction" v="forward"/>
  <tag k="highway" v="give_way"/>
  <tag k="traffic_sign" v="DE:205"/>
 </node>
 <node id="1820693758" visible="true" version="2" changeset="112026536" timestamp="2021-10-03T09:44:50Z" user="mapper999" uid="165061" lat="49.0116206" lon="8.4381915"/>
 <node id="1820693762" visible="true" version="2" changeset="126630731" timestamp="2022-09-25T21:57:44Z" user="MitteloberrheinischerWaldameisenschreck" uid="5934860" lat="49.0116426" lon="8.4365096"/>
 <node id="1820693766" visible="true" version="11" changeset="152492189" timestamp="2024-06-10T11:05:33Z" user="SliderHandle" uid="8549008" lat="49.0117256" lon="8.4384015">
  <tag k="button_operated" v="yes"/>
  <tag k="crossing" v="traffic_signals"/>
  <tag k="crossing:markings" v="dashes"/>
  <tag k="highway" v="crossing"/>
  <tag k="source" v="Bing 2013"/>
  <tag k="tactile_paving" v="yes"/>
  <tag k="traffic_signals:arrow" v="yes"/>
  <tag k="traffic_signals:sound" v="no"/>
  <tag k="traffic_signals:vibration" v="yes"/>
 </node>
 <node id="1820693770" visible="true" version="1" changeset="12178288" timestamp="2012-07-10T19:26:16Z" user="lyx" uid="28237" lat="49.0117392" lon="8.4379831"/>
 <node id="1820693772" visible="true" version="9" changeset="157165709" timestamp="2024-09-27T11:11:40Z" user="mauriceKA" uid="221817" lat="49.0117500" lon="8.4385609">
  <tag k="button_operated" v="yes"/>
  <tag k="crossing" v="traffic_signals"/>
  <tag k="crossing:markings" v="dashes"/>
  <tag k="highway" v="crossing"/>
  <tag k="source" v="Bing 2013"/>
  <tag k="tactile_paving" v="yes"/>
  <tag k="traffic_signals:arrow" v="yes"/>
  <tag k="traffic_signals:sound" v="no"/>
  <tag k="traffic_signals:vibration" v="yes"/>
 </node>
 <node id="1820693774" visible="true" version="4" changeset="131338729" timestamp="2023-01-16T13:37:59Z" user="Scout Jens" uid="12466125" lat="49.0117703" lon="8.4383648">
  <tag k="highway" v="traffic_signals"/>
  <tag k="source" v="Bing 2013"/>
  <tag k="traffic_signals" v="traffic_lights"/>
  <tag k="traffic_signals:direction" v="forward"/>
 </node>
 <node id="1820693777" visible="true" version="1" changeset="12178288" timestamp="2012-07-10T19:26:16Z" user="lyx" uid="28237" lat="49.0122106" lon="8.4382641"/>
 <node id="1820693792" visible="true" version="4" changeset="65288758" timestamp="2018-12-08T10:05:32Z" user="mapper999" uid="165061" lat="49.0121375" lon="8.4381338"/>
 <node id="1829432929" visible="true" version="1" changeset="12275672" timestamp="2012-07-18T07:58:57Z" user="dwausr" uid="442210" lat="49.0107171" lon="8.4386821"/>
 <node id="1829432930" visible="true" version="1" changeset="12275672" timestamp="2012-07-18T07:58:58Z" user="dwausr" uid="442210" lat="49.0108356" lon="8.4390487"/>
 <node id="1831282623" visible="true" version="2" changeset="112026536" timestamp="2021-10-03T09:44:50Z" user="mapper999" uid="165061" lat="49.0116636" lon="8.4391769"/>
 <node id="1831282628" visible="true" version="2" changeset="112026536" timestamp="2021-10-03T09:44:50Z" user="mapper999" uid="165061" lat="49.0117102" lon="8.4393121"/>
 <node id="1831282631" visible="true" version="5" changeset="126630731" timestamp="2022-09-25T21:57:44Z" user="MitteloberrheinischerWaldameisenschreck" uid="5934860" lat="49.0117788" lon="8.4389657"/>
 <node id="1831282634" visible="true" version="2" changeset="22781810" timestamp="2014-06-06T19:50:02Z" user="mapper999" uid="165061" lat="49.0118626" lon="8.4392248"/>
 <node id="1832375090" visible="true" version="1" changeset="12388332" timestamp="2012-07-20T19:23:56Z" user="JanTH" uid="42208" lat="49.0059468" lon="8.4389087"/>
 <node id="1832375091" visible="true" version="1" changeset="12388332" timestamp="2012-07-20T19:23:56Z" user="JanTH" uid="42208" lat="49.0073057" lon="8.4413980"/>
 <node id="1832375092" visible="true" version="1" changeset="12388332" timestamp="2012-07-20T19:23:56Z" user="JanTH" uid="42208" lat="49.0076343" lon="8.4418310"/>
 <node id="1832375094" visible="true" version="1" changeset="12388332" timestamp="2012-07-20T19:23:57Z" user="JanTH" uid="42208" lat="49.0077677" lon="8.4419516"/>
 <node id="1832375096" visible="true" version="1" changeset="12388332" timestamp="2012-07-20T19:23:57Z" user="JanTH" uid="42208" lat="49.0080754" lon="8.4421453"/>
 <node id="1832375098" visible="true" version="1" changeset="12388332" timestamp="2012-07-20T19:23:57Z" user="JanTH" uid="42208" lat="49.0081499" lon="8.4421736"/>
 <node id="1832375100" visible="true" version="1" changeset="12388332" timestamp="2012-07-20T19:23:57Z" user="JanTH" uid="42208" lat="49.0081853" lon="8.4421870"/>
 <node id="1832375102" visible="true" version="1" changeset="12388332" timestamp="2012-07-20T19:23:57Z" user="JanTH" uid="42208" lat="49.0084377" lon="8.4422349"/>
 <node id="1832375116" visible="true" version="1" changeset="12388332" timestamp="2012-07-20T19:23:57Z" user="JanTH" uid="42208" lat="49.0086521" lon="8.4422340"/>
 <node id="1832375117" visible="true" version="1" changeset="12388332" timestamp="2012-07-20T19:23:57Z" user="JanTH" uid="42208" lat="49.0089325" lon="8.4421773"/>
 <node id="1832375118" visible="true" version="1" changeset="12388332" timestamp="2012-07-20T19:23:57Z" user="JanTH" uid="42208" lat="49.0090924" lon="8.4420980"/>
 <node id="1832375119" visible="true" version="1" changeset="12388332" timestamp="2012-07-20T19:23:57Z" user="JanTH" uid="42208" lat="49.0092536" lon="8.4420138"/>
 <node id="1832375120" visible="true" version="1" changeset="12388332" timestamp="2012-07-20T19:23:57Z" user="JanTH" uid="42208" lat="49.0093658" lon="8.4419293"/>
 <node id="1832375121" visible="true" version="1" changeset="12388332" timestamp="2012-07-20T19:23:57Z" user="JanTH" uid="42208" lat="49.0095042" lon="8.4418032"/>
 <node id="1832375122" visible="true" version="1" changeset="12388332" timestamp="2012-07-20T19:23:57Z" user="JanTH" uid="42208" lat="49.0098276" lon="8.4414123"/>
 <node id="1957236377" visible="true" version="11" changeset="157165708" timestamp="2024-09-27T11:11:40Z" user="mauriceKA" uid="221817" lat="49.0117186" lon="8.4387335">
  <tag k="button_operated" v="yes"/>
  <tag k="crossing" v="traffic_signals"/>
  <tag k="crossing:markings" v="dashes"/>
  <tag k="highway" v="crossing"/>
  <tag k="source" v="Bing 2013"/>
  <tag k="tactile_paving" v="yes"/>
  <tag k="traffic_signals:sound" v="yes"/>
  <tag k="traffic_signals:vibration" v="yes"/>
 </node>
 <node id="1957236442" visible="true" version="3" changeset="126630731" timestamp="2022-09-25T21:57:44Z" user="MitteloberrheinischerWaldameisenschreck" uid="5934860" lat="49.0116841" lon="8.4387604"/>
 <node id="1957236504" visible="true" version="5" changeset="126630731" timestamp="2022-09-25T21:57:44Z" user="MitteloberrheinischerWaldameisenschreck" uid="5934860" lat="49.0120294" lon="8.4397347"/>
 <node id="2388967007" visible="true" version="1" changeset="17005511" timestamp="2013-07-18T21:58:32Z" user="floscher" uid="470034" lat="49.0097952" lon="8.4421586"/>
 <node id="2388967008" visible="true" version="1" changeset="17005511" timestamp="2013-07-18T21:58:32Z" user="floscher" uid="470034" lat="49.0098997" lon="8.4419545"/>
 <node id="2388967009" visible="true" version="1" changeset="17005511" timestamp="2013-07-18T21:58:32Z" user="floscher" uid="470034" lat="49.0100048" lon="8.4417493"/>
 <node id="2388967011" visible="true" version="1" changeset="17005511" timestamp="2013-07-18T21:58:32Z" user="floscher" uid="470034" lat="49.0101103" lon="8.4415432"/>
 <node id="2388967012" visible="true" version="1" changeset="17005511" timestamp="2013-07-18T21:58:32Z" user="floscher" uid="470034" lat="49.0102012" lon="8.4413657"/>
 <node id="2509220864" visible="true" version="4" changeset="129129048" timestamp="2022-11-19T15:45:35Z" user="mapper999" uid="165061" lat="49.0143148" lon="8.4381494"/>
 <node id="2903356752" visible="true" version="1" changeset="22781810" timestamp="2014-06-06T19:49:39Z" user="mapper999" uid="165061" lat="49.0114655" lon="8.4375177"/>
 <node id="2903356753" visible="true" version="4" changeset="131338729" timestamp="2023-01-16T13:37:59Z" user="Scout Jens" uid="12466125" lat="49.0114854" lon="8.4383716">
  <tag k="highway" v="traffic_signals"/>
  <tag k="source" v="Bing 2013"/>
  <tag k="traffic_signals" v="traffic_lights"/>
  <tag k="traffic_signals:direction" v="forward"/>
 </node>
 <node id="2903356754" visible="true" version="8" changeset="157165708" timestamp="2024-09-27T11:11:40Z" user="mauriceKA" uid="221817" lat="49.0115721" lon="8.4388516">
  <tag k="button_operated" v="yes"/>
  <tag k="crossing" v="traffic_signals"/>
  <tag k="crossing:markings" v="dashes"/>
  <tag k="highway" v="crossing"/>
  <tag k="source" v="Bing 2013"/>
  <tag k="tactile_paving" v="yes"/>
  <tag k="traffic_signals:sound" v="yes"/>
  <tag k="traffic_signals:vibration" v="yes"/>
 </node>
 <node id="3043099884" visible="true" version="1" changeset="25023645" timestamp="2014-08-26T10:18:43Z" user="mapper999" uid="165061" lat="49.0167568" lon="8.4440742"/>
 <node id="3043099913" visible="true" version="2" changeset="65485224" timestamp="2018-12-14T20:50:50Z" user="mapper999" uid="165061" lat="49.0169098" lon="8.4436279"/>
 <node id="3233060883" visible="true" version="1" changeset="27442247" timestamp="2014-12-13T13:12:09Z" user="mapper999" uid="165061" lat="49.0117411" lon="8.4391611">
  <tag k="abandoned:public_transport" v="stop_position"/>
  <tag k="abandoned:railway" v="tram_stop"/>
  <tag k="end_date" v="2014-03-03"/>
  <tag k="name" v="Ostring"/>
 </node>
 <node id="3234067023" visible="true" version="3" changeset="50629866" timestamp="2017-07-27T19:41:57Z" user="mapper999" uid="165061" lat="49.0119286" lon="8.4387449"/>
 <node id="3330614507" visible="true" version="3" changeset="152492193" timestamp="2024-06-10T11:05:47Z" user="SliderHandle" uid="8549008" lat="49.0107816" lon="8.4397482">
  <tag k="denotation" v="urban"/>
  <tag k="leaf_type" v="broadleaved"/>
  <tag k="natural" v="tree"/>
 </node>
 <node id="3330614508" visible="true" version="2" changeset="32831581" timestamp="2015-07-23T17:04:44Z" user="Benjafrie" uid="528930" lat="49.0108157" lon="8.4394098">
  <tag k="denotation" v="urban"/>
  <tag k="natural" v="tree"/>
 </node>
 <node id="3330614509" visible="true" version="3" changeset="174101123" timestamp="2025-11-02T12:51:55Z" user="FOSS Fan" uid="23309910" lat="49.0108657" lon="8.4396304">
  <tag k="denotation" v="urban"/>
  <tag k="leaf_type" v="broadleaved"/>
  <tag k="natural" v="tree"/>
 </node>
 <node id="3330614510" visible="true" version="3" changeset="174101123" timestamp="2025-11-02T12:51:58Z" user="FOSS Fan" uid="23309910" lat="49.0109292" lon="8.4395317">
  <tag k="denotation" v="urban"/>
  <tag k="leaf_type" v="broadleaved"/>
  <tag k="natural" v="tree"/>
 </node>
 <node id="3330614511" visible="true" version="2" changeset="32831581" timestamp="2015-07-23T17:04:42Z" user="Benjafrie" uid="528930" lat="49.0109918" lon="8.4389975">
  <tag k="denotation" v="urban"/>
  <tag k="natural" v="tree"/>
 </node>
 <node id="3330614512" visible="true" version="3" changeset="174101123" timestamp="2025-11-02T12:52:01Z" user="FOSS Fan" uid="23309910" lat="49.0109932" lon="8.4394427">
  <tag k="denotation" v="urban"/>
  <tag k="leaf_type" v="broadleaved"/>
  <tag k="natural" v="tree"/>
 </node>
 <node id="3330614513" visible="true" version="3" changeset="174101123" timestamp="2025-11-02T12:52:03Z" user="FOSS Fan" uid="23309910" lat="49.0110749" lon="8.4393373">
  <tag k="denotation" v="urban"/>
  <tag k="leaf_type" v="broadleaved"/>
  <tag k="natural" v="tree"/>
 </node>
 <node id="3330614514" visible="true" version="1" changeset="28617919" timestamp="2015-02-04T20:02:04Z" user="michael2402" uid="60137" lat="49.0110780" lon="8.4395523"/>
 <node id="3330614515" visible="true" version="2" changeset="32831581" timestamp="2015-07-23T17:04:42Z" user="Benjafrie" uid="528930" lat="49.0110980" lon="8.4388881">
  <tag k="denotation" v="urban"/>
  <tag k="natural" v="tree"/>
 </node>
 <node id="3330614516" visible="true" version="2" changeset="32831581" timestamp="2015-07-23T17:04:42Z" user="Benjafrie" uid="528930" lat="49.0111879" lon="8.4387899">
  <tag k="denotation" v="urban"/>
  <tag k="natural" v="tree"/>
 </node>
 <node id="3330614517" visible="true" version="3" changeset="45190469" timestamp="2017-01-15T13:28:30Z" user="mapper999" uid="165061" lat="49.0112123" lon="8.4396616">
  <tag k="denotation" v="urban"/>
  <tag k="leaf_cycle" v="deciduous"/>
  <tag k="leaf_type" v="broadleaved"/>
  <tag k="natural" v="tree"/>
 </node>
 <node id="3330614518" visible="true" version="3" changeset="174101123" timestamp="2025-11-02T12:52:06Z" user="FOSS Fan" uid="23309910" lat="49.0112133" lon="8.4391441">
  <tag k="denotation" v="urban"/>
  <tag k="leaf_type" v="broadleaved"/>
  <tag k="natural" v="tree"/>
 </node>
 <node id="3330614519" visible="true" version="1" changeset="28617919" timestamp="2015-02-04T20:02:04Z" user="michael2402" uid="60137" lat="49.0112350" lon="8.4393890"/>
 <node id="3330614520" visible="true" version="3" changeset="174101123" timestamp="2025-11-02T12:52:08Z" user="FOSS Fan" uid="23309910" lat="49.0112977" lon="8.4390653">
  <tag k="denotation" v="urban"/>
  <tag k="leaf_type" v="broadleaved"/>
  <tag k="natural" v="tree"/>
 </node>
 <node id="3330614521" visible="true" version="3" changeset="45190469" timestamp="2017-01-15T13:28:30Z" user="mapper999" uid="165061" lat="49.0113348" lon="8.4397889">
  <tag k="denotation" v="urban"/>
  <tag k="leaf_cycle" v="deciduous"/>
  <tag k="leaf_type" v="broadleaved"/>
  <tag k="natural" v="tree"/>
 </node>
 <node id="3330614522" visible="true" version="3" changeset="45190469" timestamp="2017-01-15T13:28:30Z" user="mapper999" uid="165061" lat="49.0113376" lon="8.4396339">
  <tag k="denotation" v="urban"/>
  <tag k="leaf_cycle" v="deciduous"/>
  <tag k="leaf_type" v="broadleaved"/>
  <tag k="natural" v="tree"/>
 </node>
 <node id="3330614525" visible="true" version="3" changeset="176950585" timestamp="2026-01-07T15:55:58Z" user="FOSS Fan" uid="23309910" lat="49.0113869" lon="8.4369809">
  <tag k="denotation" v="urban"/>
  <tag k="leaf_type" v="broadleaved"/>
  <tag k="natural" v="tree"/>
 </node>
 <node id="3330614526" visible="true" version="3" changeset="174101123" timestamp="2025-11-02T12:52:11Z" user="FOSS Fan" uid="23309910" lat="49.0113866" lon="8.4389615">
  <tag k="denotation" v="urban"/>
  <tag k="leaf_type" v="broadleaved"/>
  <tag k="natural" v="tree"/>
 </node>
 <node id="3330614527" visible="true" version="2" changeset="176950585" timestamp="2026-01-07T15:55:15Z" user="FOSS Fan" uid="23309910" lat="49.0114211" lon="8.4378905">
  <tag k="leaf_type" v="broadleaved"/>
  <tag k="natural" v="tree"/>
 </node>
 <node id="3330614528" visible="true" version="3" changeset="176950585" timestamp="2026-01-07T15:55:11Z" user="FOSS Fan" uid="23309910" lat="49.0114207" lon="8.4377075">
  <tag k="leaf_type" v="broadleaved"/>
  <tag k="natural" v="tree"/>
 </node>
 <node id="3330614529" visible="true" version="1" changeset="28617919" timestamp="2015-02-04T20:02:05Z" user="michael2402" uid="60137" lat="49.0114465" lon="8.4393876"/>
 <node id="3330614532" visible="true" version="2" changeset="176950585" timestamp="2026-01-07T15:59:23Z" user="FOSS Fan" uid="23309910" lat="49.0116444" lon="8.4369647">
  <tag k="leaf_type" v="broadleaved"/>
  <tag k="natural" v="tree"/>
 </node>
 <node id="3330614533" visible="true" version="2" changeset="180175905" timestamp="2026-03-20T19:57:45Z" user="Lycentzia" uid="23939269" lat="49.0116562" lon="8.4372595">
  <tag k="leaf_type" v="broadleaved"/>
  <tag k="natural" v="tree"/>
 </node>
 <node id="3330614534" visible="true" version="2" changeset="180175905" timestamp="2026-03-20T19:57:45Z" user="Lycentzia" uid="23939269" lat="49.0116662" lon="8.4373951">
  <tag k="leaf_type" v="broadleaved"/>
  <tag k="natural" v="tree"/>
 </node>
 <node id="3330614535" visible="true" version="2" changeset="180175905" timestamp="2026-03-20T19:57:45Z" user="Lycentzia" uid="23939269" lat="49.0116671" lon="8.4379597">
  <tag k="leaf_type" v="broadleaved"/>
  <tag k="natural" v="tree"/>
 </node>
 <node id="3330614536" visible="true" version="2" changeset="180175905" timestamp="2026-03-20T19:57:44Z" user="Lycentzia" uid="23939269" lat="49.0116671" lon="8.4381022">
  <tag k="leaf_type" v="broadleaved"/>
  <tag k="natural" v="tree"/>
 </node>
 <node id="3330614537" visible="true" version="2" changeset="180175905" timestamp="2026-03-20T19:57:45Z" user="Lycentzia" uid="23939269" lat="49.0116698" lon="8.4375099">
  <tag k="leaf_type" v="broadleaved"/>
  <tag k="natural" v="tree"/>
 </node>
 <node id="3330614538" visible="true" version="2" changeset="180175905" timestamp="2026-03-20T19:57:45Z" user="Lycentzia" uid="23939269" lat="49.0116762" lon="8.4376511">
  <tag k="leaf_type" v="broadleaved"/>
  <tag k="natural" v="tree"/>
 </node>
 <node id="3330614539" visible="true" version="2" changeset="180175905" timestamp="2026-03-20T19:57:45Z" user="Lycentzia" uid="23939269" lat="49.0116843" lon="8.4377991">
  <tag k="leaf_type" v="broadleaved"/>
  <tag k="natural" v="tree"/>
 </node>
 <node id="3330614540" visible="true" version="1" changeset="28617919" timestamp="2015-02-04T20:02:05Z" user="michael2402" uid="60137" lat="49.0118014" lon="8.4388591">
  <tag k="natural" v="tree"/>
 </node>
 <node id="3330614541" visible="true" version="2" changeset="180175905" timestamp="2026-03-20T19:57:45Z" user="Lycentzia" uid="23939269" lat="49.0118032" lon="8.4382156">
  <tag k="leaf_type" v="broadleaved"/>
  <tag k="natural" v="tree"/>
 </node>
 <node id="3330614542" visible="true" version="1" changeset="28617919" timestamp="2015-02-04T20:02:05Z" user="michael2402" uid="60137" lat="49.0118150" lon="8.4386515">
  <tag k="natural" v="tree"/>
 </node>
 <node id="3330614543" visible="true" version="2" changeset="180785016" timestamp="2026-04-02T19:51:46Z" user="Lycentzia" uid="23939269" lat="49.0118450" lon="8.4389643">
  <tag k="leaf_type" v="broadleaved"/>
  <tag k="natural" v="tree"/>
 </node>
 <node id="3330614544" visible="true" version="1" changeset="28617919" timestamp="2015-02-04T20:02:05Z" user="michael2402" uid="60137" lat="49.0118640" lon="8.4385505">
  <tag k="natural" v="tree"/>
 </node>
 <node id="3330614545" visible="true" version="1" changeset="28617919" timestamp="2015-02-04T20:02:05Z" user="michael2402" uid="60137" lat="49.0119012" lon="8.4381755">
  <tag k="natural" v="tree"/>
 </node>
 <node id="3368389034" visible="true" version="2" changeset="58298027" timestamp="2018-04-21T20:17:28Z" user="mapper999" uid="165061" lat="49.0099848" lon="8.4428237"/>
 <node id="3368389038" visible="true" version="2" changeset="58298027" timestamp="2018-04-21T20:17:28Z" user="mapper999" uid="165061" lat="49.0103649" lon="8.4409691"/>
 <node id="3368389039" visible="true" version="2" changeset="58298027" timestamp="2018-04-21T20:17:28Z" user="mapper999" uid="165061" lat="49.0103912" lon="8.4410012"/>
 <node id="3368389046" visible="true" version="2" changeset="58298027" timestamp="2018-04-21T20:17:28Z" user="mapper999" uid="165061" lat="49.0106889" lon="8.4403251"/>
 <node id="3368389047" visible="true" version="1" changeset="29047792" timestamp="2015-02-23T16:09:25Z" user="B-Rabbit" uid="952926" lat="49.0107760" lon="8.4437962"/>
 <node id="3368389048" visible="true" version="1" changeset="29047792" timestamp="2015-02-23T16:09:25Z" user="B-Rabbit" uid="952926" lat="49.0108392" lon="8.4398554"/>
 <node id="3368389051" visible="true" version="1" changeset="29047792" timestamp="2015-02-23T16:09:25Z" user="B-Rabbit" uid="952926" lat="49.0109808" lon="8.4396155"/>
 <node id="3368389052" visible="true" version="1" changeset="29047792" timestamp="2015-02-23T16:09:25Z" user="B-Rabbit" uid="952926" lat="49.0111991" lon="8.4429655"/>
 <node id="3368389053" visible="true" version="1" changeset="29047792" timestamp="2015-02-23T16:09:25Z" user="B-Rabbit" uid="952926" lat="49.0112020" lon="8.4418793"/>
 <node id="3368389054" visible="true" version="1" changeset="29047792" timestamp="2015-02-23T16:09:25Z" user="B-Rabbit" uid="952926" lat="49.0112106" lon="8.4416496"/>
 <node id="3368389055" visible="true" version="2" changeset="66279293" timestamp="2019-01-13T17:03:05Z" user="mapper999" uid="165061" lat="49.0111532" lon="8.4429006"/>
 <node id="3368389057" visible="true" version="1" changeset="29047792" timestamp="2015-02-23T16:09:26Z" user="B-Rabbit" uid="952926" lat="49.0112515" lon="8.4409019"/>
 <node id="3368389058" visible="true" version="1" changeset="29047792" timestamp="2015-02-23T16:09:26Z" user="B-Rabbit" uid="952926" lat="49.0114103" lon="8.4401552"/>
 <node id="3368389059" visible="true" version="2" changeset="38928478" timestamp="2016-04-27T18:03:28Z" user="mapper999" uid="165061" lat="49.0115729" lon="8.4391198">
  <tag k="traffic_sign:forward" v="DE:239,DE:1022-10"/>
 </node>
 <node id="3368389060" visible="true" version="2" changeset="112026536" timestamp="2021-10-03T09:44:50Z" user="mapper999" uid="165061" lat="49.0116761" lon="8.4393812"/>
 <node id="3762000910" visible="true" version="4" changeset="73172304" timestamp="2019-08-08T21:45:59Z" user="mapper999" uid="165061" lat="49.0146098" lon="8.4423856"/>
 <node id="3946724251" visible="true" version="2" changeset="181180309" timestamp="2026-04-11T09:13:41Z" user="Scout Jens" uid="12466125" lat="49.0115178" lon="8.4327511"/>
 <node id="3946724256" visible="true" version="1" changeset="36580889" timestamp="2016-01-14T21:24:50Z" user="jlcod" uid="2600695" lat="49.0116250" lon="8.4361618"/>
 <node id="3946724258" visible="true" version="1" changeset="36580889" timestamp="2016-01-14T21:24:50Z" user="jlcod" uid="2600695" lat="49.0117537" lon="8.4379932"/>
 <node id="3946724261" visible="true" version="1" changeset="36580889" timestamp="2016-01-14T21:24:50Z" user="jlcod" uid="2600695" lat="49.0117938" lon="8.4380371"/>
 <node id="3946724282" visible="true" version="2" changeset="181180309" timestamp="2026-04-11T09:13:41Z" user="Scout Jens" uid="12466125" lat="49.0119100" lon="8.4325103"/>
 <node id="3946724290" visible="true" version="1" changeset="36580889" timestamp="2016-01-14T21:24:50Z" user="jlcod" uid="2600695" lat="49.0120651" lon="8.4327351"/>
 <node id="3946724295" visible="true" version="1" changeset="36580889" timestamp="2016-01-14T21:24:50Z" user="jlcod" uid="2600695" lat="49.0121354" lon="8.4327766"/>
 <node id="3946724302" visible="true" version="2" changeset="181180309" timestamp="2026-04-11T09:13:41Z" user="Scout Jens" uid="12466125" lat="49.0122995" lon="8.4336804"/>
 <node id="3946724328" visible="true" version="2" changeset="69372006" timestamp="2019-04-19T10:22:40Z" user="mapper999" uid="165061" lat="49.0136521" lon="8.4372158"/>
 <node id="4022006447" visible="true" version="2" changeset="64563522" timestamp="2018-11-16T11:47:24Z" user="Pandabärchen" uid="659944" lat="49.0107548" lon="8.4386090"/>
 <node id="4022006448" visible="true" version="1" changeset="37390114" timestamp="2016-02-23T14:29:37Z" user="maction" uid="62423" lat="49.0107670" lon="8.4388198"/>
 <node id="4022006449" visible="true" version="2" changeset="66866967" timestamp="2019-02-02T23:10:15Z" user="mapper999" uid="165061" lat="49.0107813" lon="8.4385762"/>
 <node id="4022006450" visible="true" version="1" changeset="37390114" timestamp="2016-02-23T14:29:37Z" user="maction" uid="62423" lat="49.0108014" lon="8.4389215"/>
 <node id="4022006451" visible="true" version="1" changeset="37390114" timestamp="2016-02-23T14:29:37Z" user="maction" uid="62423" lat="49.0108166" lon="8.4391179"/>
 <node id="4022006452" visible="true" version="1" changeset="37390114" timestamp="2016-02-23T14:29:37Z" user="maction" uid="62423" lat="49.0108255" lon="8.4388133"/>
 <node id="4022006453" visible="true" version="2" changeset="66866967" timestamp="2019-02-02T23:10:15Z" user="mapper999" uid="165061" lat="49.0108476" lon="8.4387239"/>
 <node id="4022006454" visible="true" version="1" changeset="37390114" timestamp="2016-02-23T14:29:37Z" user="maction" uid="62423" lat="49.0108598" lon="8.4389167"/>
 <node id="4022006455" visible="true" version="1" changeset="37390114" timestamp="2016-02-23T14:29:37Z" user="maction" uid="62423" lat="49.0109248" lon="8.4389979"/>
 <node id="4022006456" visible="true" version="1" changeset="37390114" timestamp="2016-02-23T14:29:37Z" user="maction" uid="62423" lat="49.0109646" lon="8.4391277"/>
 <node id="4069223167" visible="true" version="1" changeset="37947313" timestamp="2016-03-19T22:58:23Z" user="mapper999" uid="165061" lat="49.0161995" lon="8.4437707"/>
 <node id="4069223172" visible="true" version="1" changeset="37947313" timestamp="2016-03-19T22:58:23Z" user="mapper999" uid="165061" lat="49.0162813" lon="8.4438337"/>
 <node id="4138938942" visible="true" version="1" changeset="38761320" timestamp="2016-04-21T16:13:03Z" user="mapper999" uid="165061" lat="49.0114206" lon="8.4391068">
  <tag k="artwork_type" v="sculpture"/>
  <tag k="tourism" v="artwork"/>
 </node>
 <node id="4159669336" visible="true" version="4" changeset="135330496" timestamp="2023-04-25T07:39:55Z" user="Scout Jens" uid="12466125" lat="49.0121101" lon="8.4401484"/>
 <node id="4159669378" visible="true" version="1" changeset="39021333" timestamp="2016-05-01T17:08:08Z" user="mapper999" uid="165061" lat="49.0163365" lon="8.4438481"/>
 <node id="4159669380" visible="true" version="1" changeset="39021333" timestamp="2016-05-01T17:08:08Z" user="mapper999" uid="165061" lat="49.0166347" lon="8.4440684"/>
 <node id="4159669382" visible="true" version="2" changeset="64619336" timestamp="2018-11-18T12:54:20Z" user="mapper999" uid="165061" lat="49.0166635" lon="8.4440896"/>
 <node id="4171917612" visible="true" version="1" changeset="39167564" timestamp="2016-05-07T16:55:50Z" user="mapper999" uid="165061" lat="49.0104336" lon="8.4405355">
  <tag k="traffic_sign:forward" v="DE:241"/>
 </node>
 <node id="4171917633" visible="true" version="1" changeset="39167564" timestamp="2016-05-07T16:55:50Z" user="mapper999" uid="165061" lat="49.0120935" lon="8.4394828">
  <tag k="traffic_sign:forward" v="DE:239,DE:1022-10"/>
 </node>
 <node id="4171917638" visible="true" version="3" changeset="64371291" timestamp="2018-11-11T10:49:38Z" user="mapper999" uid="165061" lat="49.0123675" lon="8.4458537"/>
 <node id="4171917646" visible="true" version="2" changeset="64371291" timestamp="2018-11-11T10:49:38Z" user="mapper999" uid="165061" lat="49.0125852" lon="8.4464068"/>
 <node id="4171917655" visible="true" version="3" changeset="64607999" timestamp="2018-11-17T22:09:57Z" user="mapper999" uid="165061" lat="49.0129314" lon="8.4469595"/>
 <node id="4171917657" visible="true" version="3" changeset="135330496" timestamp="2023-04-25T07:39:55Z" user="Scout Jens" uid="12466125" lat="49.0130438" lon="8.4412565"/>
 <node id="4173509791" visible="true" version="1" changeset="39190960" timestamp="2016-05-08T22:54:40Z" user="chewey" uid="1208453" lat="49.0111756" lon="8.4405477"/>
 <node id="4173509792" visible="true" version="1" changeset="39190960" timestamp="2016-05-08T22:54:40Z" user="chewey" uid="1208453" lat="49.0112214" lon="8.4404424"/>
 <node id="4173509794" visible="true" version="1" changeset="39190960" timestamp="2016-05-08T22:54:40Z" user="chewey" uid="1208453" lat="49.0112649" lon="8.4403592"/>
 <node id="4173509795" visible="true" version="1" changeset="39190960" timestamp="2016-05-08T22:54:40Z" user="chewey" uid="1208453" lat="49.0112873" lon="8.4403378"/>
 <node id="4173509796" visible="true" version="1" changeset="39190960" timestamp="2016-05-08T22:54:40Z" user="chewey" uid="1208453" lat="49.0113283" lon="8.4402546"/>
 <node id="4173509797" visible="true" version="2" changeset="148706988" timestamp="2024-03-15T20:41:26Z" user="Rainero" uid="137242" lat="49.0113351" lon="8.4402022"/>
 <node id="4173509798" visible="true" version="2" changeset="148706988" timestamp="2024-03-15T20:41:26Z" user="Rainero" uid="137242" lat="49.0113630" lon="8.4401494"/>
 <node id="4173509799" visible="true" version="2" changeset="45190469" timestamp="2017-01-15T13:28:31Z" user="mapper999" uid="165061" lat="49.0114064" lon="8.4401069"/>
 <node id="4193868097" visible="true" version="3" changeset="126630731" timestamp="2022-09-25T21:57:44Z" user="MitteloberrheinischerWaldameisenschreck" uid="5934860" lat="49.0114976" lon="8.4365174"/>
 <node id="4198900399" visible="true" version="2" changeset="49206584" timestamp="2017-06-02T20:18:45Z" user="mapper999" uid="165061" lat="49.0115903" lon="8.4378902"/>
 <node id="4198900413" visible="true" version="1" changeset="39472145" timestamp="2016-05-21T16:22:49Z" user="mapper999" uid="165061" lat="49.0116361" lon="8.4379748"/>
 <node id="4200491303" visible="true" version="1" changeset="39490864" timestamp="2016-05-22T16:43:55Z" user="mapper999" uid="165061" lat="49.0123317" lon="8.4458906">
  <tag k="barrier" v="gate"/>
 </node>
 <node id="4250502947" visible="true" version="3" changeset="126630731" timestamp="2022-09-25T21:57:44Z" user="MitteloberrheinischerWaldameisenschreck" uid="5934860" lat="49.0116597" lon="8.4388120">
  <tag k="railway" v="signal"/>
  <tag k="railway:signal:direction" v="forward"/>
  <tag k="railway:signal:main" v="DE-BOStrab:f"/>
  <tag k="railway:signal:main:form" v="light"/>
  <tag k="railway:signal:main:height" v="normal"/>
  <tag k="railway:signal:main:states" v="DE-BOStrab:f0;DE-BOStrab:f1;DE-BOStrab:f4"/>
  <tag k="railway:signal:position" v="right"/>
  <tag k="railway:signal:request" v="DE-VBK:st9"/>
  <tag k="railway:signal:request:form" v="light"/>
  <tag k="railway:signal:request:height" v="normal"/>
  <tag k="railway:signal:request:states" v="DE-VBK:st9;off"/>
 </node>
 <node id="4250502948" visible="true" version="3" changeset="157956112" timestamp="2024-10-16T09:43:08Z" user="Scout Jens" uid="12466125" lat="49.0139101" lon="8.4419560">
  <tag k="railway" v="signal"/>
  <tag k="railway:signal:departure" v="DE-BOStrab:a1"/>
  <tag k="railway:signal:departure:form" v="light"/>
  <tag k="railway:signal:departure:states" v="DE-BOStrab:a1;off"/>
  <tag k="railway:signal:direction" v="forward"/>
  <tag k="railway:signal:main" v="DE-BOStrab:f"/>
  <tag k="railway:signal:main:form" v="light"/>
  <tag k="railway:signal:main:height" v="normal"/>
  <tag k="railway:signal:main:states" v="DE-BOStrab:f0;DE-BOStrab:f1"/>
  <tag k="railway:signal:position" v="right"/>
  <tag k="railway:signal:request" v="DE-VBK:st9"/>
  <tag k="railway:signal:request:deactivated" v="no"/>
  <tag k="railway:signal:request:form" v="light"/>
  <tag k="railway:signal:request:height" v="normal"/>
  <tag k="railway:signal:request:states" v="DE-VBK:st9;off"/>
 </node>
 <node id="4258962144" visible="true" version="2" changeset="83837144" timestamp="2020-04-20T18:18:02Z" user="mapper999" uid="165061" lat="49.0107815" lon="8.4365014">
  <tag k="entrance" v="main"/>
  <tag k="level" v="0"/>
 </node>
 <node id="4258962146" visible="true" version="2" changeset="83837144" timestamp="2020-04-20T18:18:02Z" user="mapper999" uid="165061" lat="49.0107850" lon="8.4365871">
  <tag k="entrance" v="main"/>
  <tag k="level" v="0"/>
 </node>
 <node id="4258962149" visible="true" version="3" changeset="71509355" timestamp="2019-06-22T13:06:34Z" user="mapper999" uid="165061" lat="49.0109902" lon="8.4370614">
  <tag k="fixme" v="LED?"/>
  <tag k="highway" v="street_lamp"/>
  <tag k="light:colour" v="white"/>
  <tag k="light:count" v="2"/>
  <tag k="light:direction" v="85;265"/>
  <tag k="light:method" v="electric"/>
  <tag k="light:shape" v="directed"/>
  <tag k="light_source" v="lantern"/>
  <tag k="light:tilt" v="-90"/>
  <tag k="operator" v="Netto Marken-Discount AG &amp; Co. KG"/>
  <tag k="support" v="pole"/>
 </node>
 <node id="4258962151" visible="true" version="3" changeset="71509355" timestamp="2019-06-22T13:06:34Z" user="mapper999" uid="165061" lat="49.0111275" lon="8.4370480">
  <tag k="fixme" v="LED?"/>
  <tag k="highway" v="street_lamp"/>
  <tag k="light:colour" v="white"/>
  <tag k="light:count" v="2"/>
  <tag k="light:direction" v="85;265"/>
  <tag k="light:method" v="electric"/>
  <tag k="light:shape" v="directed"/>
  <tag k="light_source" v="lantern"/>
  <tag k="light:tilt" v="-90"/>
  <tag k="operator" v="Netto Marken-Discount AG &amp; Co. KG"/>
  <tag k="support" v="pole"/>
 </node>
 <node id="4258962154" visible="true" version="2" changeset="47879244" timestamp="2017-04-17T17:27:11Z" user="mapper999" uid="165061" lat="49.0113801" lon="8.4372762"/>
 <node id="4258962156" visible="true" version="2" changeset="47879244" timestamp="2017-04-17T17:27:11Z" user="mapper999" uid="165061" lat="49.0114563" lon="8.4372701"/>
 <node id="4258962157" visible="true" version="1" changeset="40210731" timestamp="2016-06-22T17:51:11Z" user="mapper999" uid="165061" lat="49.0114588" lon="8.4373653"/>
 <node id="4258962159" visible="true" version="4" changeset="113460251" timestamp="2021-11-06T20:21:46Z" user="mapper999" uid="165061" lat="49.0117246" lon="8.4396532"/>
 <node id="4258962162" visible="true" version="3" changeset="112026536" timestamp="2021-10-03T09:44:50Z" user="mapper999" uid="165061" lat="49.0137536" lon="8.4418449">
  <tag k="railway" v="signal"/>
  <tag k="railway:signal:direction" v="forward"/>
  <tag k="railway:signal:main" v="DE-BOStrab:f"/>
  <tag k="railway:signal:main:form" v="light"/>
  <tag k="railway:signal:main:height" v="normal"/>
  <tag k="railway:signal:main:states" v="DE-BOStrab:f0;DE-BOStrab:f1;DE-BOStrab:f4"/>
  <tag k="railway:signal:position" v="right"/>
  <tag k="railway:signal:request" v="DE-VBK:st9"/>
  <tag k="railway:signal:request:form" v="light"/>
  <tag k="railway:signal:request:height" v="normal"/>
  <tag k="railway:signal:request:states" v="DE-VBK:st9;off"/>
 </node>
 <node id="4270458870" visible="true" version="2" changeset="112026536" timestamp="2021-10-03T09:44:50Z" user="mapper999" uid="165061" lat="49.0114870" lon="8.4383931">
  <tag k="cycleway" v="asl"/>
 </node>
 <node id="4270458871" visible="true" version="4" changeset="126630731" timestamp="2022-09-25T21:57:44Z" user="MitteloberrheinischerWaldameisenschreck" uid="5934860" lat="49.0115571" lon="8.4383597">
  <tag k="railway" v="signal"/>
  <tag k="railway:signal:direction" v="forward"/>
  <tag k="railway:signal:main" v="DE-BOStrab:f"/>
  <tag k="railway:signal:main:form" v="light"/>
  <tag k="railway:signal:main:height" v="normal"/>
  <tag k="railway:signal:main:states" v="DE-BOStrab:f0;DE-BOStrab:f1;DE-BOStrab:f4"/>
  <tag k="railway:signal:position" v="right"/>
  <tag k="railway:signal:request" v="DE-VBK:st9"/>
  <tag k="railway:signal:request:form" v="light"/>
  <tag k="railway:signal:request:height" v="normal"/>
  <tag k="railway:signal:request:states" v="DE-VBK:st9;off"/>
 </node>
 <node id="4271999366" visible="true" version="1" changeset="40373158" timestamp="2016-06-29T17:59:06Z" user="mapper999" uid="165061" lat="49.0114076" lon="8.4378660"/>
 <node id="4271999367" visible="true" version="1" changeset="40373158" timestamp="2016-06-29T17:59:06Z" user="mapper999" uid="165061" lat="49.0114091" lon="8.4379133"/>
 <node id="4271999369" visible="true" version="2" changeset="112026536" timestamp="2021-10-03T09:44:50Z" user="mapper999" uid="165061" lat="49.0114745" lon="8.4378443"/>
 <node id="4271999370" visible="true" version="2" changeset="112026536" timestamp="2021-10-03T09:44:50Z" user="mapper999" uid="165061" lat="49.0119888" lon="8.4400059"/>
 <node id="4271999371" visible="true" version="3" changeset="112026536" timestamp="2021-10-03T09:44:50Z" user="mapper999" uid="165061" lat="49.0120619" lon="8.4398736">
  <tag k="railway" v="signal"/>
  <tag k="railway:signal:direction" v="forward"/>
  <tag k="railway:signal:main" v="DE-BOStrab:f"/>
  <tag k="railway:signal:main:form" v="light"/>
  <tag k="railway:signal:main:height" v="normal"/>
  <tag k="railway:signal:main:states" v="DE-BOStrab:f0;DE-BOStrab:f1;DE-BOStrab:f4"/>
  <tag k="railway:signal:position" v="right"/>
  <tag k="railway:signal:request" v="DE-VBK:st9"/>
  <tag k="railway:signal:request:form" v="light"/>
  <tag k="railway:signal:request:height" v="normal"/>
  <tag k="railway:signal:request:states" v="DE-VBK:st9;off"/>
 </node>
 <node id="4284874475" visible="true" version="4" changeset="80444891" timestamp="2020-02-02T19:41:38Z" user="mapper999" uid="165061" lat="49.0108907" lon="8.4393134">
  <tag k="height" v="8"/>
  <tag k="highway" v="street_lamp"/>
  <tag k="light:colour" v="orange"/>
  <tag k="light:count" v="2"/>
  <tag k="light:direction" v="50;230"/>
  <tag k="light:height" v="8"/>
  <tag k="light:lit" v="dusk-dawn"/>
  <tag k="light:method" v="high_pressure_sodium"/>
  <tag k="light:shape" v="directed"/>
  <tag k="light_source" v="lantern"/>
  <tag k="light:tilt" v="-90"/>
  <tag k="operator" v="Stadtwerke Karlsruhe GmbH"/>
  <tag k="operator:type" v="public"/>
  <tag k="support" v="pole"/>
 </node>
 <node id="4284874476" visible="true" version="4" changeset="80444891" timestamp="2020-02-02T19:41:38Z" user="mapper999" uid="165061" lat="49.0111444" lon="8.4389851">
  <tag k="height" v="8"/>
  <tag k="highway" v="street_lamp"/>
  <tag k="light:colour" v="orange"/>
  <tag k="light:count" v="2"/>
  <tag k="light:direction" v="55;235"/>
  <tag k="light:height" v="8"/>
  <tag k="light:lit" v="dusk-dawn"/>
  <tag k="light:method" v="high_pressure_sodium"/>
  <tag k="light:shape" v="directed"/>
  <tag k="light_source" v="lantern"/>
  <tag k="light:tilt" v="-90"/>
  <tag k="operator" v="Stadtwerke Karlsruhe GmbH"/>
  <tag k="operator:type" v="public"/>
  <tag k="support" v="pole"/>
 </node>
 <node id="4308044054" visible="true" version="3" changeset="80422371" timestamp="2020-02-01T22:11:00Z" user="mapper999" uid="165061" lat="49.0116603" lon="8.4392106">
  <tag k="light:colour" v="white"/>
  <tag k="light:count" v="1"/>
  <tag k="light:height" v="7"/>
  <tag k="light:lit" v="dusk-dawn"/>
  <tag k="light:method" v="fluorescent"/>
  <tag k="light:shape" v="directed"/>
  <tag k="light_source" v="lantern"/>
  <tag k="light:tilt" v="-90"/>
  <tag k="operator" v="Stadtwerke Karlsruhe GmbH"/>
  <tag k="operator:type" v="public"/>
  <tag k="support" v="wire"/>
 </node>
 <node id="4308044055" visible="true" version="3" changeset="80422371" timestamp="2020-02-01T22:11:00Z" user="mapper999" uid="165061" lat="49.0117931" lon="8.4391113">
  <tag k="light:colour" v="white"/>
  <tag k="light:count" v="1"/>
  <tag k="light:height" v="7"/>
  <tag k="light:lit" v="dusk-dawn"/>
  <tag k="light:method" v="fluorescent"/>
  <tag k="light:shape" v="directed"/>
  <tag k="light_source" v="lantern"/>
  <tag k="light:tilt" v="-90"/>
  <tag k="operator" v="Stadtwerke Karlsruhe GmbH"/>
  <tag k="operator:type" v="public"/>
  <tag k="support" v="wire"/>
 </node>
 <node id="4308044056" visible="true" version="3" changeset="80422371" timestamp="2020-02-01T22:11:00Z" user="mapper999" uid="165061" lat="49.0118389" lon="8.4396210">
  <tag k="light:colour" v="white"/>
  <tag k="light:count" v="1"/>
  <tag k="light:height" v="7"/>
  <tag k="light:lit" v="dusk-dawn"/>
  <tag k="light:method" v="fluorescent"/>
  <tag k="light:shape" v="directed"/>
  <tag k="light_source" v="lantern"/>
  <tag k="light:tilt" v="-90"/>
  <tag k="operator" v="Stadtwerke Karlsruhe GmbH"/>
  <tag k="operator:type" v="public"/>
  <tag k="support" v="wire"/>
 </node>
 <node id="4308044057" visible="true" version="3" changeset="80422371" timestamp="2020-02-01T22:11:00Z" user="mapper999" uid="165061" lat="49.0119638" lon="8.4394801">
  <tag k="light:colour" v="white"/>
  <tag k="light:count" v="1"/>
  <tag k="light:height" v="7"/>
  <tag k="light:lit" v="dusk-dawn"/>
  <tag k="light:method" v="fluorescent"/>
  <tag k="light:shape" v="directed"/>
  <tag k="light_source" v="lantern"/>
  <tag k="light:tilt" v="-90"/>
  <tag k="operator" v="Stadtwerke Karlsruhe GmbH"/>
  <tag k="operator:type" v="public"/>
  <tag k="support" v="wire"/>
 </node>
 <node id="4308044058" visible="true" version="3" changeset="80422371" timestamp="2020-02-01T22:11:00Z" user="mapper999" uid="165061" lat="49.0120711" lon="8.4399777">
  <tag k="light:colour" v="white"/>
  <tag k="light:count" v="1"/>
  <tag k="light:height" v="7"/>
  <tag k="light:lit" v="dusk-dawn"/>
  <tag k="light:method" v="fluorescent"/>
  <tag k="light:shape" v="directed"/>
  <tag k="light_source" v="lantern"/>
  <tag k="light:tilt" v="-90"/>
  <tag k="operator" v="Stadtwerke Karlsruhe GmbH"/>
  <tag k="operator:type" v="public"/>
  <tag k="support" v="wire"/>
 </node>
 <node id="4308044059" visible="true" version="3" changeset="80422371" timestamp="2020-02-01T22:11:00Z" user="mapper999" uid="165061" lat="49.0121538" lon="8.4398248">
  <tag k="light:colour" v="white"/>
  <tag k="light:count" v="1"/>
  <tag k="light:height" v="7"/>
  <tag k="light:lit" v="dusk-dawn"/>
  <tag k="light:method" v="fluorescent"/>
  <tag k="light:shape" v="directed"/>
  <tag k="light_source" v="lantern"/>
  <tag k="light:tilt" v="-90"/>
  <tag k="operator" v="Stadtwerke Karlsruhe GmbH"/>
  <tag k="operator:type" v="public"/>
  <tag k="support" v="wire"/>
 </node>
 <node id="4338227176" visible="true" version="1" changeset="41284873" timestamp="2016-08-06T10:28:23Z" user="mapper999" uid="165061" lat="49.0108645" lon="8.4439908"/>
 <node id="4338227179" visible="true" version="4" changeset="123604525" timestamp="2022-07-14T11:16:47Z" user="Pamalosebi" uid="14321673" lat="49.0114897" lon="8.4401541"/>
 <node id="4338227180" visible="true" version="1" changeset="41284873" timestamp="2016-08-06T10:28:23Z" user="mapper999" uid="165061" lat="49.0116001" lon="8.4448151"/>
 <node id="4338227182" visible="true" version="1" changeset="41284873" timestamp="2016-08-06T10:28:23Z" user="mapper999" uid="165061" lat="49.0121085" lon="8.4459429"/>
 <node id="4338239089" visible="true" version="8" changeset="157681155" timestamp="2024-10-09T16:47:30Z" user="mauriceKA" uid="221817" lat="49.0115613" lon="8.4395801">
  <tag k="amenity" v="car_sharing"/>
  <tag k="brand" v="Stadtmobil"/>
  <tag k="brand:wikidata" v="Q2327629"/>
  <tag k="brand:wikipedia" v="de:Stadtmobil"/>
  <tag k="check_date" v="2024-10-09"/>
  <tag k="network" v="Stadtmobil Karlsruhe"/>
  <tag k="opening_hours" v="24/7"/>
  <tag k="operator" v="Stadtmobil CarSharing GmbH &amp; Co. KG"/>
  <tag k="ref" v="Rintheimer-Hauptstraße"/>
  <tag k="website" v="https://karlsruhe.stadtmobil.de/"/>
 </node>
 <node id="4338239099" visible="true" version="1" changeset="41285082" timestamp="2016-08-06T10:43:06Z" user="mapper999" uid="165061" lat="49.0116800" lon="8.4396722"/>
 <node id="4338239100" visible="true" version="2" changeset="112026536" timestamp="2021-10-03T09:44:50Z" user="mapper999" uid="165061" lat="49.0117670" lon="8.4389196">
  <tag k="traffic_sign:forward" v="DE:274.2[30]"/>
 </node>
 <node id="4343222490" visible="true" version="1" changeset="41350087" timestamp="2016-08-09T17:24:48Z" user="mapper999" uid="165061" lat="49.0105302" lon="8.4400974"/>
 <node id="4343222492" visible="true" version="1" changeset="41350087" timestamp="2016-08-09T17:24:48Z" user="mapper999" uid="165061" lat="49.0105929" lon="8.4401185"/>
 <node id="4343222494" visible="true" version="1" changeset="41350087" timestamp="2016-08-09T17:24:48Z" user="mapper999" uid="165061" lat="49.0116111" lon="8.4391656">
  <tag k="emergency" v="fire_hydrant"/>
  <tag k="fire_hydrant:diameter" v="250"/>
  <tag k="fire_hydrant:position" v="sidewalk"/>
  <tag k="fire_hydrant:type" v="underground"/>
  <tag k="operator" v="Stadtwerke Karlsruhe GmbH"/>
  <tag k="ref" v="5008"/>
 </node>
 <node id="4349064903" visible="true" version="1" changeset="41436824" timestamp="2016-08-13T21:27:18Z" user="mapper999" uid="165061" lat="49.0109318" lon="8.4390208"/>
 <node id="4355717415" visible="true" version="5" changeset="112026536" timestamp="2021-10-03T09:44:50Z" user="mapper999" uid="165061" lat="49.0114327" lon="8.4384053">
  <tag k="fixme" v="add light:direction"/>
  <tag k="height" v="9"/>
  <tag k="highway" v="street_lamp"/>
  <tag k="light:colour" v="orange"/>
  <tag k="light:count" v="3"/>
  <tag k="light:direction" v="65;185;305"/>
  <tag k="light:height" v="9"/>
  <tag k="light:lit" v="dusk-dawn"/>
  <tag k="light:method" v="high_pressure_sodium"/>
  <tag k="light:shape" v="directed"/>
  <tag k="light_source" v="lantern"/>
  <tag k="light:tilt" v="-90"/>
  <tag k="operator" v="Stadtwerke Karlsruhe GmbH"/>
  <tag k="operator:type" v="public"/>
  <tag k="support" v="pole"/>
 </node>
 <node id="4355717416" visible="true" version="4" changeset="80444891" timestamp="2020-02-02T19:41:38Z" user="mapper999" uid="165061" lat="49.0114602" lon="8.4388928">
  <tag k="height" v="9"/>
  <tag k="highway" v="street_lamp"/>
  <tag k="light:colour" v="orange"/>
  <tag k="light:count" v="3"/>
  <tag k="light:direction" v="40;160;280"/>
  <tag k="light:height" v="9"/>
  <tag k="light:lit" v="dusk-dawn"/>
  <tag k="light:method" v="high_pressure_sodium"/>
  <tag k="light:shape" v="directed"/>
  <tag k="light_source" v="lantern"/>
  <tag k="light:tilt" v="-90"/>
  <tag k="operator" v="Stadtwerke Karlsruhe GmbH"/>
  <tag k="operator:type" v="public"/>
  <tag k="support" v="pole"/>
 </node>
 <node id="4355717417" visible="true" version="1" changeset="41534567" timestamp="2016-08-18T13:53:10Z" user="mapper999" uid="165061" lat="49.0116053" lon="8.4391784"/>
 <node id="4355717418" visible="true" version="4" changeset="112026536" timestamp="2021-10-03T09:44:50Z" user="mapper999" uid="165061" lat="49.0117788" lon="8.4387530">
  <tag k="fixme" v="add light:direction"/>
  <tag k="height" v="9"/>
  <tag k="highway" v="street_lamp"/>
  <tag k="light:colour" v="orange"/>
  <tag k="light:count" v="3"/>
  <tag k="light:height" v="9"/>
  <tag k="light:lit" v="dusk-dawn"/>
  <tag k="light:method" v="high_pressure_sodium"/>
  <tag k="light:shape" v="directed"/>
  <tag k="light_source" v="lantern"/>
  <tag k="light:tilt" v="-90"/>
  <tag k="operator" v="Stadtwerke Karlsruhe GmbH"/>
  <tag k="operator:type" v="public"/>
  <tag k="support" v="pole"/>
 </node>
 <node id="4355717419" visible="true" version="4" changeset="81055282" timestamp="2020-02-15T21:19:34Z" user="mapper999" uid="165061" lat="49.0117645" lon="8.4382785">
  <tag k="fixme" v="add light:direction"/>
  <tag k="height" v="9"/>
  <tag k="highway" v="street_lamp"/>
  <tag k="light:colour" v="orange"/>
  <tag k="light:count" v="3"/>
  <tag k="light:direction" v="105;225;345"/>
  <tag k="light:height" v="9"/>
  <tag k="light:lit" v="dusk-dawn"/>
  <tag k="light:method" v="high_pressure_sodium"/>
  <tag k="light:shape" v="directed"/>
  <tag k="light_source" v="lantern"/>
  <tag k="light:tilt" v="-90"/>
  <tag k="operator" v="Stadtwerke Karlsruhe GmbH"/>
  <tag k="operator:type" v="public"/>
  <tag k="support" v="pole"/>
 </node>
 <node id="4609654393" visible="true" version="1" changeset="45190469" timestamp="2017-01-15T13:28:23Z" user="mapper999" uid="165061" lat="49.0110672" lon="8.4395677"/>
 <node id="4609654394" visible="true" version="1" changeset="45190469" timestamp="2017-01-15T13:28:23Z" user="mapper999" uid="165061" lat="49.0113652" lon="8.4400066"/>
 <node id="4621072692" visible="true" version="3" changeset="83837144" timestamp="2020-04-20T18:18:02Z" user="mapper999" uid="165061" lat="49.0106649" lon="8.4371487">
  <tag k="noexit" v="yes"/>
 </node>
 <node id="4621072693" visible="true" version="3" changeset="83837144" timestamp="2020-04-20T18:18:02Z" user="mapper999" uid="165061" lat="49.0108890" lon="8.4371275"/>
 <node id="4621072695" visible="true" version="3" changeset="83837144" timestamp="2020-04-20T18:18:02Z" user="mapper999" uid="165061" lat="49.0108039" lon="8.4370516"/>
 <node id="4621072696" visible="true" version="2" changeset="83837144" timestamp="2020-04-20T18:18:02Z" user="mapper999" uid="165061" lat="49.0108376" lon="8.4371666"/>
 <node id="4621072697" visible="true" version="2" changeset="50308022" timestamp="2017-07-15T15:31:47Z" user="mapper999" uid="165061" lat="49.0105888" lon="8.4372312">
  <tag k="barrier" v="lift_gate"/>
 </node>
 <node id="4621981798" visible="true" version="3" changeset="65682530" timestamp="2018-12-21T23:10:56Z" user="mapper999" uid="165061" lat="49.0112473" lon="8.4399144">
  <tag k="highway" v="street_lamp"/>
  <tag k="light:colour" v="orange"/>
  <tag k="light:count" v="1"/>
  <tag k="light:method" v="high_pressure_sodium"/>
  <tag k="light:shape" v="cylindrical"/>
  <tag k="light_source" v="lantern"/>
  <tag k="light:tilt" v="0"/>
  <tag k="support" v="pole"/>
 </node>
 <node id="4621981799" visible="true" version="3" changeset="65682530" timestamp="2018-12-21T23:10:57Z" user="mapper999" uid="165061" lat="49.0111560" lon="8.4398096">
  <tag k="highway" v="street_lamp"/>
  <tag k="light:colour" v="orange"/>
  <tag k="light:count" v="1"/>
  <tag k="light:method" v="high_pressure_sodium"/>
  <tag k="light:shape" v="cylindrical"/>
  <tag k="light_source" v="lantern"/>
  <tag k="light:tilt" v="0"/>
  <tag k="support" v="pole"/>
 </node>
 <node id="4621981800" visible="true" version="1" changeset="45350238" timestamp="2017-01-21T13:55:56Z" user="mapper999" uid="165061" lat="49.0111653" lon="8.4399187">
  <tag k="entrance" v="main"/>
  <tag k="level" v="0"/>
 </node>
 <node id="4621981804" visible="true" version="2" changeset="66866967" timestamp="2019-02-02T23:10:16Z" user="mapper999" uid="165061" lat="49.0109667" lon="8.4388545">
  <tag k="entrance" v="main"/>
 </node>
 <node id="4621981805" visible="true" version="2" changeset="155298801" timestamp="2024-08-15T19:30:23Z" user="rbpca" uid="16188450" lat="49.0110589" lon="8.4387050">
  <tag k="addr:city" v="Karlsruhe"/>
  <tag k="addr:country" v="DE"/>
  <tag k="addr:housenumber" v="4"/>
  <tag k="addr:postcode" v="76131"/>
  <tag k="addr:street" v="Ostring"/>
  <tag k="addr:suburb" v="Oststadt"/>
  <tag k="check_date" v="2024-08-15"/>
  <tag k="contact:website" v="http://www.ansyco.de"/>
  <tag k="name" v="Gasmet Ansyco Gasmesstechnik und analytische Systeme"/>
  <tag k="office" v="company"/>
  <tag k="operator" v="ANSYCO analytische Systeme und Componenten GmbH"/>
  <tag k="short_name" v="Gasmet Ansyco"/>
 </node>
 <node id="4621981808" visible="true" version="2" changeset="132532195" timestamp="2023-02-14T11:22:35Z" user="MichaelFS" uid="369020" lat="49.0113150" lon="8.4385278">
  <tag k="man_made" v="street_cabinet"/>
  <tag k="operator" v="Stadtwerke Karlsruhe GmbH"/>
  <tag k="ref" v="K 3799"/>
  <tag k="utility" v="power"/>
 </node>
 <node id="4663553536" visible="true" version="2" changeset="135330496" timestamp="2023-04-25T07:39:55Z" user="Scout Jens" uid="12466125" lat="49.0141580" lon="8.4410372"/>
 <node id="4663553537" visible="true" version="1" changeset="45809284" timestamp="2017-02-04T16:19:06Z" user="mapper999" uid="165061" lat="49.0140386" lon="8.4384304"/>
 <node id="4663553538" visible="true" version="1" changeset="45809284" timestamp="2017-02-04T16:19:06Z" user="mapper999" uid="165061" lat="49.0140694" lon="8.4383486"/>
 <node id="4663553539" visible="true" version="1" changeset="45809284" timestamp="2017-02-04T16:19:06Z" user="mapper999" uid="165061" lat="49.0141063" lon="8.4382882"/>
 <node id="4663553540" visible="true" version="1" changeset="45809284" timestamp="2017-02-04T16:19:06Z" user="mapper999" uid="165061" lat="49.0141494" lon="8.4382399"/>
 <node id="4663553541" visible="true" version="1" changeset="45809284" timestamp="2017-02-04T16:19:06Z" user="mapper999" uid="165061" lat="49.0123110" lon="8.4390862"/>
 <node id="4663553542" visible="true" version="1" changeset="45809284" timestamp="2017-02-04T16:19:06Z" user="mapper999" uid="165061" lat="49.0120480" lon="8.4392820"/>
 <node id="4663553543" visible="true" version="2" changeset="112026536" timestamp="2021-10-03T09:44:50Z" user="mapper999" uid="165061" lat="49.0121793" lon="8.4396665"/>
 <node id="4663553544" visible="true" version="2" changeset="112026536" timestamp="2021-10-03T09:44:50Z" user="mapper999" uid="165061" lat="49.0121560" lon="8.4396045"/>
 <node id="4663553545" visible="true" version="2" changeset="112026536" timestamp="2021-10-03T09:44:50Z" user="mapper999" uid="165061" lat="49.0122015" lon="8.4397094"/>
 <node id="4663553546" visible="true" version="1" changeset="45809284" timestamp="2017-02-04T16:19:06Z" user="mapper999" uid="165061" lat="49.0123708" lon="8.4399338"/>
 <node id="4663553547" visible="true" version="2" changeset="135330496" timestamp="2023-04-25T07:39:55Z" user="Scout Jens" uid="12466125" lat="49.0129125" lon="8.4414945"/>
 <node id="4799358233" visible="true" version="6" changeset="176950563" timestamp="2026-01-07T15:54:50Z" user="FOSS Fan" uid="23309910" lat="49.0112046" lon="8.4375865">
  <tag k="addr:city" v="Karlsruhe"/>
  <tag k="addr:country" v="DE"/>
  <tag k="addr:housenumber" v="90"/>
  <tag k="addr:postcode" v="76131"/>
  <tag k="addr:street" v="Rintheimer Straße"/>
  <tag k="addr:suburb" v="Oststadt"/>
  <tag k="check_date:opening_hours" v="2025-10-22"/>
  <tag k="contact:phone" v="+49 721 984300"/>
  <tag k="level" v="1"/>
  <tag k="name" v="Dipl.-Kfm. Bruno Scheurer &amp; Co. Steuerberatungsgesellschaft mbH"/>
  <tag k="office" v="tax_advisor"/>
  <tag k="opening_hours:signed" v="no"/>
  <tag k="wheelchair" v="yes"/>
 </node>
 <node id="4799358234" visible="true" version="4" changeset="176950563" timestamp="2026-01-07T15:54:44Z" user="FOSS Fan" uid="23309910" lat="49.0112539" lon="8.4375785">
  <tag k="addr:city" v="Karlsruhe"/>
  <tag k="addr:country" v="DE"/>
  <tag k="addr:housenumber" v="90"/>
  <tag k="addr:postcode" v="76131"/>
  <tag k="addr:street" v="Rintheimer Straße"/>
  <tag k="addr:suburb" v="Oststadt"/>
  <tag k="amenity" v="doctors"/>
  <tag k="check_date" v="2025-10-22"/>
  <tag k="contact:phone" v="+49 721 615561"/>
  <tag k="contact:website" v="http://www.kinderarztpraxis-engel.de"/>
  <tag k="healthcare" v="doctor"/>
  <tag k="healthcare:speciality" v="paediatrics"/>
  <tag k="healthcare:speciality:de" v="Fachärztin für Kinder und Jugendmedizin Allergologie, Naturheilverfahren"/>
  <tag k="name" v="Dr. med. Monika Engel"/>
  <tag k="opening_hours" v="Mo,Tu,Th 09:00-12:00, 15:00-17:00; We,Fr 09:00-12:00; Sa,Su,PH off || &quot;nach Vereinbarung&quot;"/>
  <tag k="wheelchair" v="yes"/>
 </node>
 <node id="4799358235" visible="true" version="4" changeset="176950563" timestamp="2026-01-07T15:54:37Z" user="FOSS Fan" uid="23309910" lat="49.0112381" lon="8.4374712">
  <tag k="addr:city" v="Karlsruhe"/>
  <tag k="addr:country" v="DE"/>
  <tag k="addr:housenumber" v="90"/>
  <tag k="addr:postcode" v="76131"/>
  <tag k="addr:street" v="Rintheimer Straße"/>
  <tag k="addr:suburb" v="Oststadt"/>
  <tag k="contact:phone" v="+49 721 6268246"/>
  <tag k="contact:website" v="http://www.gesundheitszentrum-ostring.de"/>
  <tag k="healthcare" v="physiotherapist"/>
  <tag k="name" v="Gesundheitszentrum am Ostring"/>
  <tag k="opening_hours" v="Mo-Fr 08:00-19:00"/>
  <tag k="wheelchair" v="yes"/>
 </node>
 <node id="4799358236" visible="true" version="1" changeset="47879244" timestamp="2017-04-17T17:27:08Z" user="mapper999" uid="165061" lat="49.0113125" lon="8.4374388">
  <tag k="entrance" v="main"/>
  <tag k="level" v="0"/>
 </node>
 <node id="4799358237" visible="true" version="1" changeset="47879244" timestamp="2017-04-17T17:27:08Z" user="mapper999" uid="165061" lat="49.0113695" lon="8.4373081"/>
 <node id="4799358238" visible="true" version="1" changeset="47879244" timestamp="2017-04-17T17:27:08Z" user="mapper999" uid="165061" lat="49.0111594" lon="8.4373248"/>
 <node id="4799358239" visible="true" version="1" changeset="47879244" timestamp="2017-04-17T17:27:08Z" user="mapper999" uid="165061" lat="49.0114572" lon="8.4373045"/>
 <node id="4799358240" visible="true" version="2" changeset="83837144" timestamp="2020-04-20T18:18:02Z" user="mapper999" uid="165061" lat="49.0106421" lon="8.4371510">
  <tag k="amenity" v="loading_dock"/>
 </node>
 <node id="4880344388" visible="true" version="3" changeset="81055282" timestamp="2020-02-15T21:19:34Z" user="mapper999" uid="165061" lat="49.0119695" lon="8.4390718"/>
 <node id="4880344389" visible="true" version="1" changeset="49027973" timestamp="2017-05-27T15:59:05Z" user="mapper999" uid="165061" lat="49.0119150" lon="8.4389082"/>
 <node id="4880344390" visible="true" version="2" changeset="64351257" timestamp="2018-11-10T13:03:56Z" user="mapper999" uid="165061" lat="49.0119027" lon="8.4388170">
  <tag k="fixme" v="continue fence"/>
 </node>
 <node id="4892726331" visible="true" version="1" changeset="49205731" timestamp="2017-06-02T19:45:35Z" user="mapper999" uid="165061" lat="49.0117030" lon="8.4386674">
  <tag k="traffic_sign:backward" v="DE:267"/>
 </node>
 <node id="4892726332" visible="true" version="3" changeset="112026536" timestamp="2021-10-03T09:44:50Z" user="mapper999" uid="165061" lat="49.0115551" lon="8.4387772">
  <tag k="traffic_sign:forward" v="DE:222"/>
 </node>
 <node id="4892726333" visible="true" version="2" changeset="112026536" timestamp="2021-10-03T09:44:50Z" user="mapper999" uid="165061" lat="49.0116689" lon="8.4387100"/>
 <node id="4892726334" visible="true" version="3" changeset="131338729" timestamp="2023-01-16T13:37:59Z" user="Scout Jens" uid="12466125" lat="49.0116566" lon="8.4387078"/>
 <node id="4892726335" visible="true" version="3" changeset="131338729" timestamp="2023-01-16T13:37:59Z" user="Scout Jens" uid="12466125" lat="49.0115957" lon="8.4387456"/>
 <node id="4892726337" visible="true" version="3" changeset="131338729" timestamp="2023-01-16T13:37:59Z" user="Scout Jens" uid="12466125" lat="49.0115893" lon="8.4388061"/>
 <node id="4892726338" visible="true" version="3" changeset="131338729" timestamp="2023-01-16T13:37:59Z" user="Scout Jens" uid="12466125" lat="49.0116831" lon="8.4387328"/>
 <node id="4892726339" visible="true" version="2" changeset="112026536" timestamp="2021-10-03T09:44:50Z" user="mapper999" uid="165061" lat="49.0117281" lon="8.4389865">
  <tag k="denotation" v="urban"/>
  <tag k="leaf_cycle" v="deciduous"/>
  <tag k="leaf_type" v="broadleaved"/>
  <tag k="natural" v="tree"/>
  <tag k="start_date" v="2014"/>
 </node>
 <node id="4892726340" visible="true" version="2" changeset="112026536" timestamp="2021-10-03T09:44:50Z" user="mapper999" uid="165061" lat="49.0117560" lon="8.4390777">
  <tag k="denotation" v="urban"/>
  <tag k="leaf_cycle" v="deciduous"/>
  <tag k="leaf_type" v="broadleaved"/>
  <tag k="natural" v="tree"/>
  <tag k="start_date" v="2014"/>
 </node>
 <node id="4892726341" visible="true" version="2" changeset="112026536" timestamp="2021-10-03T09:44:50Z" user="mapper999" uid="165061" lat="49.0117836" lon="8.4391670">
  <tag k="denotation" v="urban"/>
  <tag k="leaf_cycle" v="deciduous"/>
  <tag k="leaf_type" v="broadleaved"/>
  <tag k="natural" v="tree"/>
  <tag k="start_date" v="2014"/>
 </node>
 <node id="4892726343" visible="true" version="2" changeset="112026536" timestamp="2021-10-03T09:44:50Z" user="mapper999" uid="165061" lat="49.0117114" lon="8.4392270">
  <tag k="denotation" v="urban"/>
  <tag k="leaf_cycle" v="deciduous"/>
  <tag k="leaf_type" v="broadleaved"/>
  <tag k="natural" v="tree"/>
  <tag k="start_date" v="2014"/>
 </node>
 <node id="4892726344" visible="true" version="2" changeset="112026536" timestamp="2021-10-03T09:44:50Z" user="mapper999" uid="165061" lat="49.0116897" lon="8.4391594">
  <tag k="denotation" v="urban"/>
  <tag k="leaf_cycle" v="deciduous"/>
  <tag k="leaf_type" v="broadleaved"/>
  <tag k="natural" v="tree"/>
  <tag k="start_date" v="2014"/>
 </node>
 <node id="4892726345" visible="true" version="2" changeset="112026536" timestamp="2021-10-03T09:44:50Z" user="mapper999" uid="165061" lat="49.0116680" lon="8.4390919">
  <tag k="denotation" v="urban"/>
  <tag k="leaf_cycle" v="deciduous"/>
  <tag k="leaf_type" v="broadleaved"/>
  <tag k="natural" v="tree"/>
  <tag k="start_date" v="2014"/>
 </node>
 <node id="4892726346" visible="true" version="2" changeset="112026536" timestamp="2021-10-03T09:44:50Z" user="mapper999" uid="165061" lat="49.0119181" lon="8.4394715">
  <tag k="denotation" v="urban"/>
  <tag k="leaf_cycle" v="deciduous"/>
  <tag k="leaf_type" v="broadleaved"/>
  <tag k="natural" v="tree"/>
  <tag k="start_date" v="2014"/>
 </node>
 <node id="4892726347" visible="true" version="2" changeset="112026536" timestamp="2021-10-03T09:44:50Z" user="mapper999" uid="165061" lat="49.0118829" lon="8.4394000">
  <tag k="denotation" v="urban"/>
  <tag k="leaf_cycle" v="deciduous"/>
  <tag k="leaf_type" v="broadleaved"/>
  <tag k="natural" v="tree"/>
  <tag k="start_date" v="2014"/>
 </node>
 <node id="4892726348" visible="true" version="2" changeset="112026536" timestamp="2021-10-03T09:44:50Z" user="mapper999" uid="165061" lat="49.0119885" lon="8.4396146">
  <tag k="denotation" v="urban"/>
  <tag k="leaf_cycle" v="deciduous"/>
  <tag k="leaf_type" v="broadleaved"/>
  <tag k="natural" v="tree"/>
  <tag k="start_date" v="2014"/>
 </node>
 <node id="4892726349" visible="true" version="2" changeset="112026536" timestamp="2021-10-03T09:44:50Z" user="mapper999" uid="165061" lat="49.0119533" lon="8.4395430">
  <tag k="denotation" v="urban"/>
  <tag k="leaf_cycle" v="deciduous"/>
  <tag k="leaf_type" v="broadleaved"/>
  <tag k="natural" v="tree"/>
  <tag k="start_date" v="2014"/>
 </node>
 <node id="4892726350" visible="true" version="2" changeset="112026536" timestamp="2021-10-03T09:44:50Z" user="mapper999" uid="165061" lat="49.0118218" lon="8.4395069">
  <tag k="denotation" v="urban"/>
  <tag k="leaf_cycle" v="deciduous"/>
  <tag k="leaf_type" v="broadleaved"/>
  <tag k="natural" v="tree"/>
  <tag k="start_date" v="2014"/>
 </node>
 <node id="4892726351" visible="true" version="2" changeset="112026536" timestamp="2021-10-03T09:44:50Z" user="mapper999" uid="165061" lat="49.0118524" lon="8.4395691">
  <tag k="denotation" v="urban"/>
  <tag k="leaf_cycle" v="deciduous"/>
  <tag k="leaf_type" v="broadleaved"/>
  <tag k="natural" v="tree"/>
  <tag k="start_date" v="2014"/>
 </node>
 <node id="4892726352" visible="true" version="2" changeset="112026536" timestamp="2021-10-03T09:44:50Z" user="mapper999" uid="165061" lat="49.0118829" lon="8.4396314">
  <tag k="denotation" v="urban"/>
  <tag k="leaf_cycle" v="deciduous"/>
  <tag k="leaf_type" v="broadleaved"/>
  <tag k="natural" v="tree"/>
  <tag k="start_date" v="2014"/>
 </node>
 <node id="4892726353" visible="true" version="2" changeset="112026536" timestamp="2021-10-03T09:44:50Z" user="mapper999" uid="165061" lat="49.0119134" lon="8.4396936">
  <tag k="denotation" v="urban"/>
  <tag k="leaf_cycle" v="deciduous"/>
  <tag k="leaf_type" v="broadleaved"/>
  <tag k="natural" v="tree"/>
  <tag k="start_date" v="2014"/>
 </node>
 <node id="4892726360" visible="true" version="3" changeset="112026536" timestamp="2021-10-03T09:44:50Z" user="mapper999" uid="165061" lat="49.0128623" lon="8.4408128">
  <tag k="railway" v="signal"/>
  <tag k="railway:signal:direction" v="forward"/>
  <tag k="railway:signal:distant" v="DE-VBK:fv"/>
  <tag k="railway:signal:distant:form" v="light"/>
  <tag k="railway:signal:distant:height" v="normal"/>
  <tag k="railway:signal:distant:states" v="DE-VBK:fv0;DE-VBK:fv1"/>
  <tag k="railway:signal:position" v="right"/>
 </node>
 <node id="4892726385" visible="true" version="2" changeset="131338729" timestamp="2023-01-16T13:37:59Z" user="Scout Jens" uid="12466125" lat="49.0118035" lon="8.4391766"/>
 <node id="4892726386" visible="true" version="2" changeset="112026536" timestamp="2021-10-03T09:44:50Z" user="mapper999" uid="165061" lat="49.0118799" lon="8.4393728"/>
 <node id="4892726387" visible="true" version="2" changeset="112026536" timestamp="2021-10-03T09:44:50Z" user="mapper999" uid="165061" lat="49.0119089" lon="8.4394211"/>
 <node id="4892726388" visible="true" version="2" changeset="112026536" timestamp="2021-10-03T09:44:50Z" user="mapper999" uid="165061" lat="49.0120239" lon="8.4397088"/>
 <node id="4892726389" visible="true" version="2" changeset="112026536" timestamp="2021-10-03T09:44:50Z" user="mapper999" uid="165061" lat="49.0120061" lon="8.4396736"/>
 <node id="4892726390" visible="true" version="2" changeset="112026536" timestamp="2021-10-03T09:44:50Z" user="mapper999" uid="165061" lat="49.0120267" lon="8.4396468"/>
 <node id="4892726391" visible="true" version="2" changeset="112026536" timestamp="2021-10-03T09:44:50Z" user="mapper999" uid="165061" lat="49.0119684" lon="8.4395341"/>
 <node id="4892726392" visible="true" version="2" changeset="112026536" timestamp="2021-10-03T09:44:50Z" user="mapper999" uid="165061" lat="49.0119316" lon="8.4394618"/>
 <node id="4892726393" visible="true" version="2" changeset="112026536" timestamp="2021-10-03T09:44:50Z" user="mapper999" uid="165061" lat="49.0118528" lon="8.4393160"/>
 <node id="4892726394" visible="true" version="3" changeset="131338729" timestamp="2023-01-16T13:37:59Z" user="Scout Jens" uid="12466125" lat="49.0117705" lon="8.4390696"/>
 <node id="4892726395" visible="true" version="3" changeset="131338729" timestamp="2023-01-16T13:37:59Z" user="Scout Jens" uid="12466125" lat="49.0117488" lon="8.4389987"/>
 <node id="4892726396" visible="true" version="3" changeset="131338729" timestamp="2023-01-16T13:37:59Z" user="Scout Jens" uid="12466125" lat="49.0116935" lon="8.4387862"/>
 <node id="4892726397" visible="true" version="3" changeset="131338729" timestamp="2023-01-16T13:37:59Z" user="Scout Jens" uid="12466125" lat="49.0116116" lon="8.4388514"/>
 <node id="4892726398" visible="true" version="3" changeset="131338729" timestamp="2023-01-16T13:37:59Z" user="Scout Jens" uid="12466125" lat="49.0116534" lon="8.4390145"/>
 <node id="4892726399" visible="true" version="3" changeset="131338729" timestamp="2023-01-16T13:37:59Z" user="Scout Jens" uid="12466125" lat="49.0116701" lon="8.4391241"/>
 <node id="4892726400" visible="true" version="2" changeset="112026536" timestamp="2021-10-03T09:44:50Z" user="mapper999" uid="165061" lat="49.0117593" lon="8.4393795"/>
 <node id="4892726401" visible="true" version="2" changeset="112026536" timestamp="2021-10-03T09:44:50Z" user="mapper999" uid="165061" lat="49.0118182" lon="8.4395187"/>
 <node id="4892726402" visible="true" version="2" changeset="112026536" timestamp="2021-10-03T09:44:50Z" user="mapper999" uid="165061" lat="49.0118659" lon="8.4396152"/>
 <node id="4892726403" visible="true" version="2" changeset="112026536" timestamp="2021-10-03T09:44:50Z" user="mapper999" uid="165061" lat="49.0119380" lon="8.4397544"/>
 <node id="4892726404" visible="true" version="2" changeset="112026536" timestamp="2021-10-03T09:44:50Z" user="mapper999" uid="165061" lat="49.0119530" lon="8.4397319"/>
 <node id="4892726405" visible="true" version="1" changeset="49205731" timestamp="2017-06-02T19:45:39Z" user="mapper999" uid="165061" lat="49.0121648" lon="8.4396800"/>
 <node id="4892726406" visible="true" version="2" changeset="112026536" timestamp="2021-10-03T09:44:50Z" user="mapper999" uid="165061" lat="49.0120990" lon="8.4397893"/>
 <node id="4892726407" visible="true" version="2" changeset="112026536" timestamp="2021-10-03T09:44:50Z" user="mapper999" uid="165061" lat="49.0120641" lon="8.4397255"/>
 <node id="4892726408" visible="true" version="2" changeset="112026536" timestamp="2021-10-03T09:44:50Z" user="mapper999" uid="165061" lat="49.0120486" lon="8.4397504"/>
 <node id="4892726409" visible="true" version="2" changeset="112026536" timestamp="2021-10-03T09:44:50Z" user="mapper999" uid="165061" lat="49.0119786" lon="8.4397765"/>
 <node id="4892726410" visible="true" version="2" changeset="112026536" timestamp="2021-10-03T09:44:50Z" user="mapper999" uid="165061" lat="49.0120010" lon="8.4398129"/>
 <node id="4892726411" visible="true" version="2" changeset="112026536" timestamp="2021-10-03T09:44:50Z" user="mapper999" uid="165061" lat="49.0119869" lon="8.4398365"/>
 <node id="4892726412" visible="true" version="2" changeset="112026536" timestamp="2021-10-03T09:44:50Z" user="mapper999" uid="165061" lat="49.0120230" lon="8.4398939"/>
 <node id="4892726413" visible="true" version="2" changeset="112026536" timestamp="2021-10-03T09:44:50Z" user="mapper999" uid="165061" lat="49.0120518" lon="8.4399036"/>
 <node id="4892726414" visible="true" version="2" changeset="112026536" timestamp="2021-10-03T09:44:50Z" user="mapper999" uid="165061" lat="49.0120645" lon="8.4398922"/>
 <node id="4892726415" visible="true" version="2" changeset="112026536" timestamp="2021-10-03T09:44:50Z" user="mapper999" uid="165061" lat="49.0120977" lon="8.4398439"/>
 <node id="4892726416" visible="true" version="3" changeset="112026536" timestamp="2021-10-03T09:44:50Z" user="mapper999" uid="165061" lat="49.0121028" lon="8.4400471">
  <tag k="traffic_sign:forward" v="DE:222"/>
 </node>
 <node id="4892727321" visible="true" version="2" changeset="112026536" timestamp="2021-10-03T09:44:50Z" user="mapper999" uid="165061" lat="49.0135641" lon="8.4415237"/>
 <node id="4892727322" visible="true" version="2" changeset="112026536" timestamp="2021-10-03T09:44:50Z" user="mapper999" uid="165061" lat="49.0132762" lon="8.4412069"/>
 <node id="4892727323" visible="true" version="2" changeset="112026536" timestamp="2021-10-03T09:44:50Z" user="mapper999" uid="165061" lat="49.0129791" lon="8.4408765"/>
 <node id="4892727324" visible="true" version="2" changeset="112026536" timestamp="2021-10-03T09:44:50Z" user="mapper999" uid="165061" lat="49.0125675" lon="8.4403917"/>
 <node id="4892727325" visible="true" version="2" changeset="112026536" timestamp="2021-10-03T09:44:50Z" user="mapper999" uid="165061" lat="49.0121894" lon="8.4399208"/>
 <node id="4892727326" visible="true" version="2" changeset="112026536" timestamp="2021-10-03T09:44:50Z" user="mapper999" uid="165061" lat="49.0121802" lon="8.4399142"/>
 <node id="4892727327" visible="true" version="2" changeset="112026536" timestamp="2021-10-03T09:44:50Z" user="mapper999" uid="165061" lat="49.0121714" lon="8.4399116"/>
 <node id="4892727328" visible="true" version="2" changeset="112026536" timestamp="2021-10-03T09:44:50Z" user="mapper999" uid="165061" lat="49.0121511" lon="8.4399207"/>
 <node id="4892727329" visible="true" version="2" changeset="112026536" timestamp="2021-10-03T09:44:50Z" user="mapper999" uid="165061" lat="49.0121175" lon="8.4399768"/>
 <node id="4892727330" visible="true" version="2" changeset="112026536" timestamp="2021-10-03T09:44:50Z" user="mapper999" uid="165061" lat="49.0121154" lon="8.4399978"/>
 <node id="4892727331" visible="true" version="2" changeset="112026536" timestamp="2021-10-03T09:44:50Z" user="mapper999" uid="165061" lat="49.0121218" lon="8.4400300"/>
 <node id="4892727332" visible="true" version="2" changeset="112026536" timestamp="2021-10-03T09:44:50Z" user="mapper999" uid="165061" lat="49.0121540" lon="8.4400652"/>
 <node id="4892727333" visible="true" version="2" changeset="112026536" timestamp="2021-10-03T09:44:50Z" user="mapper999" uid="165061" lat="49.0122084" lon="8.4401040"/>
 <node id="4892727334" visible="true" version="2" changeset="112026536" timestamp="2021-10-03T09:44:50Z" user="mapper999" uid="165061" lat="49.0122316" lon="8.4401316"/>
 <node id="4892727335" visible="true" version="2" changeset="112026536" timestamp="2021-10-03T09:44:50Z" user="mapper999" uid="165061" lat="49.0124832" lon="8.4404418"/>
 <node id="4892727336" visible="true" version="2" changeset="112026536" timestamp="2021-10-03T09:44:50Z" user="mapper999" uid="165061" lat="49.0127834" lon="8.4408035"/>
 <node id="4892727337" visible="true" version="1" changeset="49205731" timestamp="2017-06-02T19:45:40Z" user="mapper999" uid="165061" lat="49.0133404" lon="8.4414294"/>
 <node id="4892727338" visible="true" version="1" changeset="49205731" timestamp="2017-06-02T19:45:40Z" user="mapper999" uid="165061" lat="49.0136298" lon="8.4417459"/>
 <node id="4892727339" visible="true" version="2" changeset="112026536" timestamp="2021-10-03T09:44:50Z" user="mapper999" uid="165061" lat="49.0136569" lon="8.4417838"/>
 <node id="4892727340" visible="true" version="2" changeset="112026536" timestamp="2021-10-03T09:44:50Z" user="mapper999" uid="165061" lat="49.0136696" lon="8.4418073"/>
 <node id="4892727341" visible="true" version="2" changeset="112026536" timestamp="2021-10-03T09:44:50Z" user="mapper999" uid="165061" lat="49.0136833" lon="8.4418301"/>
 <node id="4892727342" visible="true" version="2" changeset="112026536" timestamp="2021-10-03T09:44:50Z" user="mapper999" uid="165061" lat="49.0137395" lon="8.4418935"/>
 <node id="4892727343" visible="true" version="3" changeset="157955742" timestamp="2024-10-16T09:33:08Z" user="Scout Jens" uid="12466125" lat="49.0137514" lon="8.4419056"/>
 <node id="4892727344" visible="true" version="3" changeset="157955742" timestamp="2024-10-16T09:33:08Z" user="Scout Jens" uid="12466125" lat="49.0137660" lon="8.4419069"/>
 <node id="4892727345" visible="true" version="3" changeset="157955742" timestamp="2024-10-16T09:33:08Z" user="Scout Jens" uid="12466125" lat="49.0137781" lon="8.4418931"/>
 <node id="4892727346" visible="true" version="2" changeset="157955742" timestamp="2024-10-16T09:33:08Z" user="Scout Jens" uid="12466125" lat="49.0138016" lon="8.4418366"/>
 <node id="4892727347" visible="true" version="3" changeset="157955742" timestamp="2024-10-16T09:33:08Z" user="Scout Jens" uid="12466125" lat="49.0138079" lon="8.4418154"/>
 <node id="4892727348" visible="true" version="3" changeset="157955742" timestamp="2024-10-16T09:33:08Z" user="Scout Jens" uid="12466125" lat="49.0138054" lon="8.4417907"/>
 <node id="4892727349" visible="true" version="3" changeset="157955742" timestamp="2024-10-16T09:33:08Z" user="Scout Jens" uid="12466125" lat="49.0137978" lon="8.4417746"/>
 <node id="4892782447" visible="true" version="2" changeset="126630731" timestamp="2022-09-25T21:57:44Z" user="MitteloberrheinischerWaldameisenschreck" uid="5934860" lat="49.0115539" lon="8.4365965"/>
 <node id="4892782481" visible="true" version="2" changeset="126630731" timestamp="2022-09-25T21:57:44Z" user="MitteloberrheinischerWaldameisenschreck" uid="5934860" lat="49.0114514" lon="8.4364848"/>
 <node id="4892782482" visible="true" version="2" changeset="126630731" timestamp="2022-09-25T21:57:44Z" user="MitteloberrheinischerWaldameisenschreck" uid="5934860" lat="49.0114550" lon="8.4365391"/>
 <node id="4892782483" visible="true" version="2" changeset="126630731" timestamp="2022-09-25T21:57:44Z" user="MitteloberrheinischerWaldameisenschreck" uid="5934860" lat="49.0114300" lon="8.4365404"/>
 <node id="4892782485" visible="true" version="2" changeset="126630731" timestamp="2022-09-25T21:57:44Z" user="MitteloberrheinischerWaldameisenschreck" uid="5934860" lat="49.0115381" lon="8.4365260"/>
 <node id="4892782497" visible="true" version="7" changeset="132361911" timestamp="2023-02-10T14:08:28Z" user="spaceshipguy" uid="18138765" lat="49.0115157" lon="8.4356783">
  <tag k="button_operated" v="yes"/>
  <tag k="crossing" v="traffic_signals"/>
  <tag k="highway" v="traffic_signals"/>
  <tag k="on_demand" v="yes"/>
  <tag k="tactile_paving" v="yes"/>
  <tag k="traffic_signals" v="pedestrian_crossing"/>
  <tag k="traffic_signals:arrow" v="yes"/>
  <tag k="traffic_signals:sound" v="no"/>
  <tag k="traffic_signals:vibration" v="yes"/>
 </node>
 <node id="4892782498" visible="true" version="3" changeset="133786724" timestamp="2023-03-17T12:34:37Z" user="B-Rabbit" uid="952926" lat="49.0115466" lon="8.4363488"/>
 <node id="4892782502" visible="true" version="2" changeset="131338729" timestamp="2023-01-16T13:37:59Z" user="Scout Jens" uid="12466125" lat="49.0115275" lon="8.4367066"/>
 <node id="4892782503" visible="true" version="3" changeset="131338729" timestamp="2023-01-16T13:37:59Z" user="Scout Jens" uid="12466125" lat="49.0115388" lon="8.4366082"/>
 <node id="4892782504" visible="true" version="2" changeset="131338729" timestamp="2023-01-16T13:37:59Z" user="Scout Jens" uid="12466125" lat="49.0115258" lon="8.4367903"/>
 <node id="4892782511" visible="true" version="2" changeset="126630731" timestamp="2022-09-25T21:57:44Z" user="MitteloberrheinischerWaldameisenschreck" uid="5934860" lat="49.0114316" lon="8.4365786"/>
 <node id="4892782512" visible="true" version="2" changeset="126630731" timestamp="2022-09-25T21:57:44Z" user="MitteloberrheinischerWaldameisenschreck" uid="5934860" lat="49.0114375" lon="8.4366296"/>
 <node id="4892782513" visible="true" version="2" changeset="131338729" timestamp="2023-01-16T13:37:59Z" user="Scout Jens" uid="12466125" lat="49.0114452" lon="8.4366761"/>
 <node id="4892782515" visible="true" version="1" changeset="49206584" timestamp="2017-06-02T20:18:41Z" user="mapper999" uid="165061" lat="49.0113305" lon="8.4364601"/>
 <node id="4892782521" visible="true" version="3" changeset="131338729" timestamp="2023-01-16T13:37:59Z" user="Scout Jens" uid="12466125" lat="49.0115936" lon="8.4381269"/>
 <node id="4892782522" visible="true" version="2" changeset="131338729" timestamp="2023-01-16T13:37:59Z" user="Scout Jens" uid="12466125" lat="49.0116253" lon="8.4387261">
  <tag k="access" v="no"/>
  <tag k="barrier" v="bollard"/>
 </node>
 <node id="4892782523" visible="true" version="2" changeset="131338729" timestamp="2023-01-16T13:37:59Z" user="Scout Jens" uid="12466125" lat="49.0115821" lon="8.4384497">
  <tag k="access" v="no"/>
  <tag k="barrier" v="bollard"/>
 </node>
 <node id="4892782524" visible="true" version="3" changeset="131338729" timestamp="2023-01-16T13:37:59Z" user="Scout Jens" uid="12466125" lat="49.0116265" lon="8.4383834"/>
 <node id="4892782525" visible="true" version="3" changeset="131338729" timestamp="2023-01-16T13:37:59Z" user="Scout Jens" uid="12466125" lat="49.0116255" lon="8.4384061"/>
 <node id="4892782526" visible="true" version="3" changeset="131338729" timestamp="2023-01-16T13:37:59Z" user="Scout Jens" uid="12466125" lat="49.0116066" lon="8.4384327"/>
 <node id="4892782527" visible="true" version="3" changeset="131338729" timestamp="2023-01-16T13:37:59Z" user="Scout Jens" uid="12466125" lat="49.0115336" lon="8.4384631"/>
 <node id="4892782528" visible="true" version="3" changeset="131338729" timestamp="2023-01-16T13:37:59Z" user="Scout Jens" uid="12466125" lat="49.0115287" lon="8.4384459"/>
 <node id="4892782530" visible="true" version="3" changeset="131338729" timestamp="2023-01-16T13:37:59Z" user="Scout Jens" uid="12466125" lat="49.0116263" lon="8.4383671"/>
 <node id="4972334524" visible="true" version="2" changeset="83837144" timestamp="2020-04-20T18:18:02Z" user="mapper999" uid="165061" lat="49.0108392" lon="8.4367502"/>
 <node id="4972334525" visible="true" version="2" changeset="83837144" timestamp="2020-04-20T18:18:02Z" user="mapper999" uid="165061" lat="49.0108250" lon="8.4364708"/>
 <node id="4972334526" visible="true" version="2" changeset="83837144" timestamp="2020-04-20T18:18:02Z" user="mapper999" uid="165061" lat="49.0107956" lon="8.4368475"/>
 <node id="4972334527" visible="true" version="2" changeset="83837144" timestamp="2020-04-20T18:18:02Z" user="mapper999" uid="165061" lat="49.0108430" lon="8.4368431"/>
 <node id="4972334529" visible="true" version="2" changeset="83837144" timestamp="2020-04-20T18:18:02Z" user="mapper999" uid="165061" lat="49.0107937" lon="8.4368014"/>
 <node id="4972334530" visible="true" version="2" changeset="83837144" timestamp="2020-04-20T18:18:02Z" user="mapper999" uid="165061" lat="49.0107914" lon="8.4367442"/>
 <node id="4972334531" visible="true" version="1" changeset="50308022" timestamp="2017-07-15T15:31:45Z" user="mapper999" uid="165061" lat="49.0111884" lon="8.4370518"/>
 <node id="4972334532" visible="true" version="1" changeset="50308022" timestamp="2017-07-15T15:31:45Z" user="mapper999" uid="165061" lat="49.0109200" lon="8.4370766"/>
 <node id="4972334533" visible="true" version="1" changeset="50308022" timestamp="2017-07-15T15:31:45Z" user="mapper999" uid="165061" lat="49.0109193" lon="8.4370585"/>
 <node id="4972334534" visible="true" version="1" changeset="50308022" timestamp="2017-07-15T15:31:45Z" user="mapper999" uid="165061" lat="49.0111877" lon="8.4370337"/>
 <node id="4972334535" visible="true" version="1" changeset="50308022" timestamp="2017-07-15T15:31:45Z" user="mapper999" uid="165061" lat="49.0111787" lon="8.4368076"/>
 <node id="4972334536" visible="true" version="1" changeset="50308022" timestamp="2017-07-15T15:31:45Z" user="mapper999" uid="165061" lat="49.0109103" lon="8.4368324"/>
 <node id="4972334540" visible="true" version="1" changeset="50308022" timestamp="2017-07-15T15:31:45Z" user="mapper999" uid="165061" lat="49.0113233" lon="8.4366129"/>
 <node id="4972334541" visible="true" version="1" changeset="50308022" timestamp="2017-07-15T15:31:45Z" user="mapper999" uid="165061" lat="49.0112662" lon="8.4365560"/>
 <node id="4972334542" visible="true" version="1" changeset="50308022" timestamp="2017-07-15T15:31:45Z" user="mapper999" uid="165061" lat="49.0108997" lon="8.4365656"/>
 <node id="4972334543" visible="true" version="1" changeset="50308022" timestamp="2017-07-15T15:31:45Z" user="mapper999" uid="165061" lat="49.0109007" lon="8.4365897"/>
 <node id="4972334544" visible="true" version="1" changeset="50308022" timestamp="2017-07-15T15:31:45Z" user="mapper999" uid="165061" lat="49.0110074" lon="8.4364484"/>
 <node id="4972334545" visible="true" version="3" changeset="70835993" timestamp="2019-06-01T13:47:50Z" user="mapper999" uid="165061" lat="49.0112737" lon="8.4372054"/>
 <node id="4972334546" visible="true" version="3" changeset="70835993" timestamp="2019-06-01T13:47:50Z" user="mapper999" uid="165061" lat="49.0112766" lon="8.4372771"/>
 <node id="4972334547" visible="true" version="2" changeset="65681876" timestamp="2018-12-21T22:29:17Z" user="mapper999" uid="165061" lat="49.0113035" lon="8.4367839"/>
 <node id="4972334548" visible="true" version="2" changeset="65681876" timestamp="2018-12-21T22:29:17Z" user="mapper999" uid="165061" lat="49.0112571" lon="8.4367881"/>
 <node id="4972334549" visible="true" version="1" changeset="50308022" timestamp="2017-07-15T15:31:45Z" user="mapper999" uid="165061" lat="49.0112686" lon="8.4366180"/>
 <node id="4972334550" visible="true" version="1" changeset="50308022" timestamp="2017-07-15T15:31:45Z" user="mapper999" uid="165061" lat="49.0112699" lon="8.4365352"/>
 <node id="4972334551" visible="true" version="1" changeset="50308022" timestamp="2017-07-15T15:31:45Z" user="mapper999" uid="165061" lat="49.0110118" lon="8.4365590"/>
 <node id="4972334552" visible="true" version="1" changeset="50308022" timestamp="2017-07-15T15:31:45Z" user="mapper999" uid="165061" lat="49.0105334" lon="8.4364902"/>
 <node id="4998372639" visible="true" version="1" changeset="50629866" timestamp="2017-07-27T19:41:51Z" user="mapper999" uid="165061" lat="49.0142830" lon="8.4381615"/>
 <node id="4998372643" visible="true" version="3" changeset="129129048" timestamp="2022-11-19T15:45:35Z" user="mapper999" uid="165061" lat="49.0144842" lon="8.4380482"/>
 <node id="4998372646" visible="true" version="1" changeset="50629866" timestamp="2017-07-27T19:41:52Z" user="mapper999" uid="165061" lat="49.0142607" lon="8.4381725"/>
 <node id="4998372647" visible="true" version="2" changeset="112026536" timestamp="2021-10-03T09:44:50Z" user="mapper999" uid="165061" lat="49.0118015" lon="8.4389250"/>
 <node id="4998372648" visible="true" version="2" changeset="112026536" timestamp="2021-10-03T09:44:50Z" user="mapper999" uid="165061" lat="49.0118246" lon="8.4390627"/>
 <node id="4998372649" visible="true" version="1" changeset="50629866" timestamp="2017-07-27T19:41:52Z" user="mapper999" uid="165061" lat="49.0119515" lon="8.4393822"/>
 <node id="4998372650" visible="true" version="2" changeset="112026536" timestamp="2021-10-03T09:44:50Z" user="mapper999" uid="165061" lat="49.0120487" lon="8.4395995"/>
 <node id="4998372651" visible="true" version="2" changeset="112026536" timestamp="2021-10-03T09:44:50Z" user="mapper999" uid="165061" lat="49.0120902" lon="8.4395341"/>
 <node id="4998372652" visible="true" version="1" changeset="50629866" timestamp="2017-07-27T19:41:52Z" user="mapper999" uid="165061" lat="49.0120606" lon="8.4394600"/>
 <node id="4998372653" visible="true" version="2" changeset="112026536" timestamp="2021-10-03T09:44:50Z" user="mapper999" uid="165061" lat="49.0119110" lon="8.4390751"/>
 <node id="4998372654" visible="true" version="1" changeset="50629866" timestamp="2017-07-27T19:41:52Z" user="mapper999" uid="165061" lat="49.0118468" lon="8.4388693"/>
 <node id="4998372655" visible="true" version="1" changeset="50629866" timestamp="2017-07-27T19:41:52Z" user="mapper999" uid="165061" lat="49.0118055" lon="8.4387700"/>
 <node id="4998372656" visible="true" version="1" changeset="50629866" timestamp="2017-07-27T19:41:52Z" user="mapper999" uid="165061" lat="49.0117905" lon="8.4387419"/>
 <node id="4998372657" visible="true" version="2" changeset="112026536" timestamp="2021-10-03T09:44:50Z" user="mapper999" uid="165061" lat="49.0117784" lon="8.4387311"/>
 <node id="4998372658" visible="true" version="2" changeset="112026536" timestamp="2021-10-03T09:44:50Z" user="mapper999" uid="165061" lat="49.0117635" lon="8.4387272"/>
 <node id="4998372659" visible="true" version="2" changeset="112026536" timestamp="2021-10-03T09:44:50Z" user="mapper999" uid="165061" lat="49.0117534" lon="8.4387315"/>
 <node id="4998372660" visible="true" version="1" changeset="50629866" timestamp="2017-07-27T19:41:52Z" user="mapper999" uid="165061" lat="49.0120703" lon="8.4390567"/>
 <node id="4998372661" visible="true" version="1" changeset="50629866" timestamp="2017-07-27T19:41:52Z" user="mapper999" uid="165061" lat="49.0120512" lon="8.4390650"/>
 <node id="4998372662" visible="true" version="1" changeset="50629866" timestamp="2017-07-27T19:41:52Z" user="mapper999" uid="165061" lat="49.0120629" lon="8.4391271"/>
 <node id="4998372663" visible="true" version="1" changeset="50629866" timestamp="2017-07-27T19:41:52Z" user="mapper999" uid="165061" lat="49.0120820" lon="8.4391188"/>
 <node id="4998372664" visible="true" version="1" changeset="50629866" timestamp="2017-07-27T19:41:52Z" user="mapper999" uid="165061" lat="49.0120900" lon="8.4390087"/>
 <node id="4998372665" visible="true" version="1" changeset="50629866" timestamp="2017-07-27T19:41:52Z" user="mapper999" uid="165061" lat="49.0121111" lon="8.4391147"/>
 <node id="4998372666" visible="true" version="1" changeset="50629866" timestamp="2017-07-27T19:41:52Z" user="mapper999" uid="165061" lat="49.0121322" lon="8.4391066"/>
 <node id="4998372667" visible="true" version="1" changeset="50629866" timestamp="2017-07-27T19:41:52Z" user="mapper999" uid="165061" lat="49.0120760" lon="8.4389972"/>
 <node id="4998372668" visible="true" version="1" changeset="50629866" timestamp="2017-07-27T19:41:52Z" user="mapper999" uid="165061" lat="49.0122339" lon="8.4389284"/>
 <node id="4998372669" visible="true" version="1" changeset="50629866" timestamp="2017-07-27T19:41:52Z" user="mapper999" uid="165061" lat="49.0122668" lon="8.4383438"/>
 <node id="4998372670" visible="true" version="1" changeset="50629866" timestamp="2017-07-27T19:41:52Z" user="mapper999" uid="165061" lat="49.0121718" lon="8.4383838"/>
 <node id="4998372671" visible="true" version="1" changeset="50629866" timestamp="2017-07-27T19:41:52Z" user="mapper999" uid="165061" lat="49.0121155" lon="8.4384119"/>
 <node id="4998372672" visible="true" version="1" changeset="50629866" timestamp="2017-07-27T19:41:52Z" user="mapper999" uid="165061" lat="49.0119335" lon="8.4385554"/>
 <node id="4998372673" visible="true" version="1" changeset="50629866" timestamp="2017-07-27T19:41:52Z" user="mapper999" uid="165061" lat="49.0118798" lon="8.4386252"/>
 <node id="4998372674" visible="true" version="1" changeset="50629866" timestamp="2017-07-27T19:41:52Z" user="mapper999" uid="165061" lat="49.0118666" lon="8.4386936"/>
 <node id="4998372675" visible="true" version="1" changeset="50629866" timestamp="2017-07-27T19:41:52Z" user="mapper999" uid="165061" lat="49.0118675" lon="8.4387633"/>
 <node id="4998372676" visible="true" version="2" changeset="112026536" timestamp="2021-10-03T09:44:50Z" user="mapper999" uid="165061" lat="49.0118815" lon="8.4388558"/>
 <node id="4998372677" visible="true" version="2" changeset="112026536" timestamp="2021-10-03T09:44:50Z" user="mapper999" uid="165061" lat="49.0118308" lon="8.4387395"/>
 <node id="4998372678" visible="true" version="1" changeset="50629866" timestamp="2017-07-27T19:41:52Z" user="mapper999" uid="165061" lat="49.0117989" lon="8.4386842"/>
 <node id="4998372679" visible="true" version="1" changeset="50629866" timestamp="2017-07-27T19:41:52Z" user="mapper999" uid="165061" lat="49.0117716" lon="8.4385917"/>
 <node id="4998372680" visible="true" version="1" changeset="50629866" timestamp="2017-07-27T19:41:52Z" user="mapper999" uid="165061" lat="49.0119528" lon="8.4384736"/>
 <node id="4998372681" visible="true" version="1" changeset="50629866" timestamp="2017-07-27T19:41:52Z" user="mapper999" uid="165061" lat="49.0121331" lon="8.4383637"/>
 <node id="4998372682" visible="true" version="1" changeset="50629866" timestamp="2017-07-27T19:41:52Z" user="mapper999" uid="165061" lat="49.0118983" lon="8.4387378"/>
 <node id="4998372683" visible="true" version="1" changeset="50629866" timestamp="2017-07-27T19:41:52Z" user="mapper999" uid="165061" lat="49.0119009" lon="8.4386882"/>
 <node id="4998372684" visible="true" version="1" changeset="50629866" timestamp="2017-07-27T19:41:52Z" user="mapper999" uid="165061" lat="49.0119247" lon="8.4386292"/>
 <node id="4998372685" visible="true" version="1" changeset="50629866" timestamp="2017-07-27T19:41:52Z" user="mapper999" uid="165061" lat="49.0119924" lon="8.4385608"/>
 <node id="4998372686" visible="true" version="1" changeset="50629866" timestamp="2017-07-27T19:41:52Z" user="mapper999" uid="165061" lat="49.0121226" lon="8.4384508"/>
 <node id="4998372687" visible="true" version="1" changeset="50629866" timestamp="2017-07-27T19:41:52Z" user="mapper999" uid="165061" lat="49.0122721" lon="8.4383721"/>
 <node id="4998372689" visible="true" version="3" changeset="166086590" timestamp="2025-05-10T21:17:05Z" user="gerjor" uid="22883170" lat="49.0138306" lon="8.4383577"/>
 <node id="5200761783" visible="true" version="3" changeset="112026536" timestamp="2021-10-03T09:44:50Z" user="mapper999" uid="165061" lat="49.0120808" lon="8.4398473">
  <tag k="railway" v="signal"/>
  <tag k="railway:signal:direction" v="forward"/>
  <tag k="railway:signal:distant" v="DE-VBK:fv"/>
  <tag k="railway:signal:distant:form" v="light"/>
  <tag k="railway:signal:distant:height" v="normal"/>
  <tag k="railway:signal:distant:states" v="DE-VBK:fv0;DE-VBK:fv1"/>
  <tag k="railway:signal:position" v="right"/>
 </node>
 <node id="5210819784" visible="true" version="1" changeset="53508936" timestamp="2017-11-04T16:43:17Z" user="mapper999" uid="165061" lat="49.0152997" lon="8.4430079"/>
 <node id="5210819785" visible="true" version="1" changeset="53508936" timestamp="2017-11-04T16:43:17Z" user="mapper999" uid="165061" lat="49.0159325" lon="8.4435793"/>
 <node id="5210819786" visible="true" version="1" changeset="53508936" timestamp="2017-11-04T16:43:17Z" user="mapper999" uid="165061" lat="49.0158222" lon="8.4434096"/>
 <node id="5352361507" visible="true" version="4" changeset="157412343" timestamp="2024-10-03T10:43:55Z" user="mauriceKA" uid="221817" lat="49.0111374" lon="8.4394661">
  <tag k="amenity" v="bench"/>
  <tag k="backrest" v="yes"/>
  <tag k="check_date" v="2024-10-03"/>
  <tag k="fixme" v="check exact location"/>
 </node>
 <node id="5352361508" visible="true" version="4" changeset="157412343" timestamp="2024-10-03T10:44:03Z" user="mauriceKA" uid="221817" lat="49.0111638" lon="8.4394392">
  <tag k="amenity" v="bench"/>
  <tag k="backrest" v="yes"/>
  <tag k="check_date" v="2024-10-03"/>
  <tag k="fixme" v="check exact location"/>
 </node>
 <node id="5382867401" visible="true" version="1" changeset="56027934" timestamp="2018-02-03T12:33:24Z" user="mapper999" uid="165061" lat="49.0139082" lon="8.4375376"/>
 <node id="5382867403" visible="true" version="1" changeset="56027934" timestamp="2018-02-03T12:33:24Z" user="mapper999" uid="165061" lat="49.0142782" lon="8.4373241"/>
 <node id="5382867404" visible="true" version="1" changeset="56027934" timestamp="2018-02-03T12:33:24Z" user="mapper999" uid="165061" lat="49.0140181" lon="8.4374742"/>
 <node id="5382890614" visible="true" version="2" changeset="181180309" timestamp="2026-04-11T09:13:41Z" user="Scout Jens" uid="12466125" lat="49.0139001" lon="8.4370608"/>
 <node id="5398863277" visible="true" version="1" changeset="56191152" timestamp="2018-02-08T17:51:10Z" user="MitteloberrheinischerWaldameisenschreck" uid="5934860" lat="49.0108122" lon="8.4232926"/>
 <node id="5398863286" visible="true" version="1" changeset="56191152" timestamp="2018-02-08T17:51:11Z" user="MitteloberrheinischerWaldameisenschreck" uid="5934860" lat="49.0110360" lon="8.4257463"/>
 <node id="5398863287" visible="true" version="1" changeset="56191152" timestamp="2018-02-08T17:51:11Z" user="MitteloberrheinischerWaldameisenschreck" uid="5934860" lat="49.0112202" lon="8.4283471"/>
 <node id="5398863288" visible="true" version="1" changeset="56191152" timestamp="2018-02-08T17:51:11Z" user="MitteloberrheinischerWaldameisenschreck" uid="5934860" lat="49.0112798" lon="8.4316925"/>
 <node id="5398863289" visible="true" version="1" changeset="56191152" timestamp="2018-02-08T17:51:11Z" user="MitteloberrheinischerWaldameisenschreck" uid="5934860" lat="49.0112781" lon="8.4321699"/>
 <node id="5398863290" visible="true" version="1" changeset="56191152" timestamp="2018-02-08T17:51:11Z" user="MitteloberrheinischerWaldameisenschreck" uid="5934860" lat="49.0113635" lon="8.4339937"/>
 <node id="5398863291" visible="true" version="1" changeset="56191152" timestamp="2018-02-08T17:51:11Z" user="MitteloberrheinischerWaldameisenschreck" uid="5934860" lat="49.0114769" lon="8.4365076"/>
 <node id="5398863292" visible="true" version="2" changeset="126630731" timestamp="2022-09-25T21:57:44Z" user="MitteloberrheinischerWaldameisenschreck" uid="5934860" lat="49.0115550" lon="8.4381377"/>
 <node id="5398863293" visible="true" version="2" changeset="126630731" timestamp="2022-09-25T21:57:44Z" user="MitteloberrheinischerWaldameisenschreck" uid="5934860" lat="49.0115694" lon="8.4383312"/>
 <node id="5398863294" visible="true" version="1" changeset="56191152" timestamp="2018-02-08T17:51:11Z" user="MitteloberrheinischerWaldameisenschreck" uid="5934860" lat="49.0116046" lon="8.4386165"/>
 <node id="5398863295" visible="true" version="1" changeset="56191152" timestamp="2018-02-08T17:51:11Z" user="MitteloberrheinischerWaldameisenschreck" uid="5934860" lat="49.0116664" lon="8.4389016"/>
 <node id="5398863296" visible="true" version="1" changeset="56191152" timestamp="2018-02-08T17:51:11Z" user="MitteloberrheinischerWaldameisenschreck" uid="5934860" lat="49.0117286" lon="8.4391210"/>
 <node id="5398863297" visible="true" version="1" changeset="56191152" timestamp="2018-02-08T17:51:11Z" user="MitteloberrheinischerWaldameisenschreck" uid="5934860" lat="49.0118518" lon="8.4394522"/>
 <node id="5398863298" visible="true" version="1" changeset="56191152" timestamp="2018-02-08T17:51:11Z" user="MitteloberrheinischerWaldameisenschreck" uid="5934860" lat="49.0119640" lon="8.4396756"/>
 <node id="5398863299" visible="true" version="1" changeset="56191152" timestamp="2018-02-08T17:51:11Z" user="MitteloberrheinischerWaldameisenschreck" uid="5934860" lat="49.0121041" lon="8.4399000"/>
 <node id="5398863300" visible="true" version="1" changeset="56191152" timestamp="2018-02-08T17:51:11Z" user="MitteloberrheinischerWaldameisenschreck" uid="5934860" lat="49.0122688" lon="8.4401106"/>
 <node id="5398863301" visible="true" version="1" changeset="56191152" timestamp="2018-02-08T17:51:11Z" user="MitteloberrheinischerWaldameisenschreck" uid="5934860" lat="49.0127699" lon="8.4407224"/>
 <node id="5398863302" visible="true" version="1" changeset="56191152" timestamp="2018-02-08T17:51:11Z" user="MitteloberrheinischerWaldameisenschreck" uid="5934860" lat="49.0134556" lon="8.4415057"/>
 <node id="5398863303" visible="true" version="1" changeset="56191152" timestamp="2018-02-08T17:51:11Z" user="MitteloberrheinischerWaldameisenschreck" uid="5934860" lat="49.0138390" lon="8.4419030"/>
 <node id="5398863304" visible="true" version="1" changeset="56191152" timestamp="2018-02-08T17:51:11Z" user="MitteloberrheinischerWaldameisenschreck" uid="5934860" lat="49.0143473" lon="8.4424045"/>
 <node id="5398863305" visible="true" version="1" changeset="56191152" timestamp="2018-02-08T17:51:11Z" user="MitteloberrheinischerWaldameisenschreck" uid="5934860" lat="49.0150415" lon="8.4430380"/>
 <node id="5398863306" visible="true" version="1" changeset="56191152" timestamp="2018-02-08T17:51:11Z" user="MitteloberrheinischerWaldameisenschreck" uid="5934860" lat="49.0155349" lon="8.4434483"/>
 <node id="5398863307" visible="true" version="1" changeset="56191152" timestamp="2018-02-08T17:51:11Z" user="MitteloberrheinischerWaldameisenschreck" uid="5934860" lat="49.0159813" lon="8.4437952"/>
 <node id="5398863308" visible="true" version="1" changeset="56191152" timestamp="2018-02-08T17:51:11Z" user="MitteloberrheinischerWaldameisenschreck" uid="5934860" lat="49.0167834" lon="8.4443618"/>
 <node id="5398863309" visible="true" version="1" changeset="56191152" timestamp="2018-02-08T17:51:11Z" user="MitteloberrheinischerWaldameisenschreck" uid="5934860" lat="49.0169798" lon="8.4437108"/>
 <node id="5398863310" visible="true" version="1" changeset="56191152" timestamp="2018-02-08T17:51:11Z" user="MitteloberrheinischerWaldameisenschreck" uid="5934860" lat="49.0178757" lon="8.4411478"/>
 <node id="5403594134" visible="true" version="1" changeset="56241301" timestamp="2018-02-10T14:00:16Z" user="mapper999" uid="165061" lat="49.0117221" lon="8.4380961"/>
 <node id="5403594135" visible="true" version="2" changeset="152492187" timestamp="2024-06-10T11:05:33Z" user="SliderHandle" uid="8549008" lat="49.0116772" lon="8.4382069">
  <tag k="advertising" v="column"/>
  <tag k="check_date" v="2024-06-07"/>
  <tag k="operator" v="JCDecaux"/>
 </node>
 <node id="5403594136" visible="true" version="1" changeset="56241301" timestamp="2018-02-10T14:00:16Z" user="mapper999" uid="165061" lat="49.0116726" lon="8.4381794"/>
 <node id="5403594137" visible="true" version="1" changeset="56241301" timestamp="2018-02-10T14:00:16Z" user="mapper999" uid="165061" lat="49.0116593" lon="8.4382148"/>
 <node id="5403594138" visible="true" version="2" changeset="112026536" timestamp="2021-10-03T09:44:50Z" user="mapper999" uid="165061" lat="49.0114346" lon="8.4384093">
  <tag k="communication:mobile_phone" v="yes"/>
  <tag k="man_made" v="antenna"/>
 </node>
 <node id="5569848041" visible="true" version="1" changeset="58298027" timestamp="2018-04-21T20:17:24Z" user="mapper999" uid="165061" lat="49.0099683" lon="8.4427786"/>
 <node id="5569848042" visible="true" version="1" changeset="58298027" timestamp="2018-04-21T20:17:24Z" user="mapper999" uid="165061" lat="49.0096727" lon="8.4423964"/>
 <node id="5667805017" visible="true" version="1" changeset="59582440" timestamp="2018-06-05T21:10:19Z" user="mapper999" uid="165061" lat="49.0177739" lon="8.4496343"/>
 <node id="5667805018" visible="true" version="1" changeset="59582440" timestamp="2018-06-05T21:10:19Z" user="mapper999" uid="165061" lat="49.0171112" lon="8.4493673"/>
 <node id="5680052942" visible="true" version="3" changeset="103108335" timestamp="2021-04-17T15:37:20Z" user="Scout Jens" uid="12466125" lat="49.0099761" lon="8.4428000">
  <tag k="access" v="permit"/>
  <tag k="barrier" v="gate"/>
 </node>
 <node id="6018485962" visible="true" version="1" changeset="63938694" timestamp="2018-10-27T22:29:55Z" user="mapper999" uid="165061" lat="49.0118012" lon="8.4407752"/>
 <node id="6018485963" visible="true" version="3" changeset="157955742" timestamp="2024-10-16T09:33:08Z" user="Scout Jens" uid="12466125" lat="49.0121152" lon="8.4400677"/>
 <node id="6018485964" visible="true" version="1" changeset="63938694" timestamp="2018-10-27T22:29:55Z" user="mapper999" uid="165061" lat="49.0118279" lon="8.4409204"/>
 <node id="6018485965" visible="true" version="1" changeset="63938694" timestamp="2018-10-27T22:29:55Z" user="mapper999" uid="165061" lat="49.0117890" lon="8.4407086"/>
 <node id="6018485966" visible="true" version="1" changeset="63938694" timestamp="2018-10-27T22:29:55Z" user="mapper999" uid="165061" lat="49.0117874" lon="8.4406861"/>
 <node id="6018485967" visible="true" version="1" changeset="63938694" timestamp="2018-10-27T22:29:55Z" user="mapper999" uid="165061" lat="49.0118093" lon="8.4406137"/>
 <node id="6018485968" visible="true" version="1" changeset="63938694" timestamp="2018-10-27T22:29:55Z" user="mapper999" uid="165061" lat="49.0120676" lon="8.4401463"/>
 <node id="6018485969" visible="true" version="1" changeset="63938694" timestamp="2018-10-27T22:29:55Z" user="mapper999" uid="165061" lat="49.0119705" lon="8.4403015"/>
 <node id="6018485970" visible="true" version="1" changeset="63938694" timestamp="2018-10-27T22:29:56Z" user="mapper999" uid="165061" lat="49.0119499" lon="8.4402751"/>
 <node id="6018485975" visible="true" version="1" changeset="63938694" timestamp="2018-10-27T22:29:56Z" user="mapper999" uid="165061" lat="49.0120404" lon="8.4401114"/>
 <node id="6018485983" visible="true" version="1" changeset="63938694" timestamp="2018-10-27T22:29:56Z" user="mapper999" uid="165061" lat="49.0120610" lon="8.4401378"/>
 <node id="6018491494" visible="true" version="1" changeset="63938694" timestamp="2018-10-27T22:29:56Z" user="mapper999" uid="165061" lat="49.0117857" lon="8.4396940">
  <tag k="denotation" v="urban"/>
  <tag k="natural" v="tree"/>
 </node>
 <node id="6018491495" visible="true" version="1" changeset="63938694" timestamp="2018-10-27T22:29:56Z" user="mapper999" uid="165061" lat="49.0118173" lon="8.4397765">
  <tag k="denotation" v="urban"/>
  <tag k="natural" v="tree"/>
 </node>
 <node id="6018491496" visible="true" version="1" changeset="63938694" timestamp="2018-10-27T22:29:56Z" user="mapper999" uid="165061" lat="49.0118547" lon="8.4398476">
  <tag k="denotation" v="urban"/>
  <tag k="natural" v="tree"/>
 </node>
 <node id="6018491497" visible="true" version="1" changeset="63938694" timestamp="2018-10-27T22:29:56Z" user="mapper999" uid="165061" lat="49.0118983" lon="8.4399234">
  <tag k="denotation" v="urban"/>
  <tag k="natural" v="tree"/>
 </node>
 <node id="6018491498" visible="true" version="1" changeset="63938694" timestamp="2018-10-27T22:29:56Z" user="mapper999" uid="165061" lat="49.0119110" lon="8.4400716">
  <tag k="denotation" v="urban"/>
  <tag k="natural" v="tree"/>
 </node>
 <node id="6018491499" visible="true" version="1" changeset="63938694" timestamp="2018-10-27T22:29:56Z" user="mapper999" uid="165061" lat="49.0118710" lon="8.4401540">
  <tag k="denotation" v="urban"/>
  <tag k="natural" v="tree"/>
 </node>
 <node id="6018491500" visible="true" version="1" changeset="63938694" timestamp="2018-10-27T22:29:56Z" user="mapper999" uid="165061" lat="49.0118015" lon="8.4398295">
  <tag k="denotation" v="urban"/>
  <tag k="natural" v="tree"/>
 </node>
 <node id="6018491501" visible="true" version="1" changeset="63938694" timestamp="2018-10-27T22:29:56Z" user="mapper999" uid="165061" lat="49.0117998" lon="8.4399321">
  <tag k="denotation" v="urban"/>
  <tag k="natural" v="tree"/>
 </node>
 <node id="6018491502" visible="true" version="1" changeset="63938694" timestamp="2018-10-27T22:29:56Z" user="mapper999" uid="165061" lat="49.0117981" lon="8.4400346">
  <tag k="denotation" v="urban"/>
  <tag k="natural" v="tree"/>
 </node>
 <node id="6018491503" visible="true" version="1" changeset="63938694" timestamp="2018-10-27T22:29:56Z" user="mapper999" uid="165061" lat="49.0117958" lon="8.4401678">
  <tag k="denotation" v="urban"/>
  <tag k="natural" v="tree"/>
 </node>
 <node id="6018491505" visible="true" version="2" changeset="78437250" timestamp="2019-12-15T18:35:25Z" user="mapper999" uid="165061" lat="49.0117829" lon="8.4402884"/>
 <node id="6018491506" visible="true" version="2" changeset="78437250" timestamp="2019-12-15T18:35:25Z" user="mapper999" uid="165061" lat="49.0117835" lon="8.4402495"/>
 <node id="6018491507" visible="true" version="2" changeset="78437250" timestamp="2019-12-15T18:35:25Z" user="mapper999" uid="165061" lat="49.0117842" lon="8.4402106"/>
 <node id="6018491508" visible="true" version="2" changeset="78437250" timestamp="2019-12-15T18:35:25Z" user="mapper999" uid="165061" lat="49.0117848" lon="8.4401717"/>
 <node id="6018491509" visible="true" version="2" changeset="78437250" timestamp="2019-12-15T18:35:25Z" user="mapper999" uid="165061" lat="49.0117855" lon="8.4401328"/>
 <node id="6018491510" visible="true" version="2" changeset="78437250" timestamp="2019-12-15T18:35:25Z" user="mapper999" uid="165061" lat="49.0117861" lon="8.4400940"/>
 <node id="6018491511" visible="true" version="2" changeset="78437250" timestamp="2019-12-15T18:35:25Z" user="mapper999" uid="165061" lat="49.0117431" lon="8.4400924"/>
 <node id="6018491512" visible="true" version="2" changeset="78437250" timestamp="2019-12-15T18:35:25Z" user="mapper999" uid="165061" lat="49.0117425" lon="8.4401313"/>
 <node id="6018491513" visible="true" version="2" changeset="78437250" timestamp="2019-12-15T18:35:25Z" user="mapper999" uid="165061" lat="49.0117418" lon="8.4401702"/>
 <node id="6018491514" visible="true" version="2" changeset="78437250" timestamp="2019-12-15T18:35:25Z" user="mapper999" uid="165061" lat="49.0117412" lon="8.4402090"/>
 <node id="6018491515" visible="true" version="2" changeset="78437250" timestamp="2019-12-15T18:35:25Z" user="mapper999" uid="165061" lat="49.0117405" lon="8.4402479"/>
 <node id="6018491517" visible="true" version="1" changeset="63938694" timestamp="2018-10-27T22:29:56Z" user="mapper999" uid="165061" lat="49.0117361" lon="8.4397487"/>
 <node id="6018491518" visible="true" version="1" changeset="63938694" timestamp="2018-10-27T22:29:56Z" user="mapper999" uid="165061" lat="49.0117478" lon="8.4404042"/>
 <node id="6018491519" visible="true" version="1" changeset="63938694" timestamp="2018-10-27T22:29:56Z" user="mapper999" uid="165061" lat="49.0119194" lon="8.4401004"/>
 <node id="6018491520" visible="true" version="1" changeset="63938694" timestamp="2018-10-27T22:29:57Z" user="mapper999" uid="165061" lat="49.0119396" lon="8.4400582"/>
 <node id="6018491521" visible="true" version="1" changeset="63938694" timestamp="2018-10-27T22:29:57Z" user="mapper999" uid="165061" lat="49.0119488" lon="8.4400300"/>
 <node id="6018491522" visible="true" version="1" changeset="63938694" timestamp="2018-10-27T22:29:57Z" user="mapper999" uid="165061" lat="49.0119515" lon="8.4399965"/>
 <node id="6018491523" visible="true" version="1" changeset="63938694" timestamp="2018-10-27T22:29:57Z" user="mapper999" uid="165061" lat="49.0119471" lon="8.4399643"/>
 <node id="6018491524" visible="true" version="1" changeset="63938694" timestamp="2018-10-27T22:29:57Z" user="mapper999" uid="165061" lat="49.0119304" lon="8.4399341"/>
 <node id="6018491525" visible="true" version="1" changeset="63938694" timestamp="2018-10-27T22:29:57Z" user="mapper999" uid="165061" lat="49.0118336" lon="8.4397665"/>
 <node id="6018491526" visible="true" version="1" changeset="63938694" timestamp="2018-10-27T22:29:57Z" user="mapper999" uid="165061" lat="49.0117984" lon="8.4397021"/>
 <node id="6018491527" visible="true" version="2" changeset="112763380" timestamp="2021-10-20T21:07:02Z" user="Pamalosebi" uid="14321673" lat="49.0117750" lon="8.4396566"/>
 <node id="6018491528" visible="true" version="2" changeset="112763380" timestamp="2021-10-20T21:07:02Z" user="Pamalosebi" uid="14321673" lat="49.0117734" lon="8.4397136"/>
 <node id="6018491529" visible="true" version="3" changeset="112763380" timestamp="2021-10-20T21:07:02Z" user="Pamalosebi" uid="14321673" lat="49.0117226" lon="8.4397101"/>
 <node id="6018491531" visible="true" version="2" changeset="80444891" timestamp="2020-02-02T19:41:38Z" user="mapper999" uid="165061" lat="49.0119308" lon="8.4400568">
  <tag k="height" v="6"/>
  <tag k="highway" v="street_lamp"/>
  <tag k="light:colour" v="white"/>
  <tag k="light:count" v="1"/>
  <tag k="light:direction" v="40"/>
  <tag k="light:height" v="6"/>
  <tag k="light:lit" v="dusk-dawn"/>
  <tag k="light:method" v="fluorescent"/>
  <tag k="light:shape" v="directed"/>
  <tag k="light_source" v="lantern"/>
  <tag k="light:tilt" v="-90"/>
  <tag k="operator" v="Stadtwerke Karlsruhe GmbH"/>
  <tag k="support" v="pole"/>
 </node>
 <node id="6018491532" visible="true" version="2" changeset="132532195" timestamp="2023-02-14T11:22:35Z" user="MichaelFS" uid="369020" lat="49.0119115" lon="8.4401125">
  <tag k="man_made" v="street_cabinet"/>
  <tag k="operator" v="Stadtwerke Karlsruhe GmbH"/>
  <tag k="ref" v="K 2253"/>
  <tag k="utility" v="power"/>
 </node>
 <node id="6018491533" visible="true" version="2" changeset="132532195" timestamp="2023-02-14T11:22:35Z" user="MichaelFS" uid="369020" lat="49.0121578" lon="8.4395730">
  <tag k="man_made" v="street_cabinet"/>
  <tag k="operator" v="Stadtwerke Karlsruhe GmbH"/>
  <tag k="ref" v="V1593"/>
  <tag k="utility" v="power"/>
 </node>
 <node id="6018491534" visible="true" version="2" changeset="132532195" timestamp="2023-02-14T11:22:35Z" user="MichaelFS" uid="369020" lat="49.0121575" lon="8.4395663">
  <tag k="man_made" v="street_cabinet"/>
  <tag k="operator" v="Stadtwerke Karlsruhe GmbH"/>
  <tag k="ref" v="K 764"/>
  <tag k="utility" v="power"/>
 </node>
 <node id="6018491535" visible="true" version="3" changeset="114062352" timestamp="2021-11-21T15:35:23Z" user="mapper999" uid="165061" lat="49.0122981" lon="8.4393799">
  <tag k="height" v="3"/>
  <tag k="highway" v="street_lamp"/>
  <tag k="lamp_model:de" v="Kofferleuchte"/>
  <tag k="light:colour" v="orange"/>
  <tag k="light:count" v="1"/>
  <tag k="light:direction" v="250"/>
  <tag k="light:height" v="3"/>
  <tag k="light:lit" v="dusk-dawn"/>
  <tag k="light:method" v="high_pressure_sodium"/>
  <tag k="light:shape" v="directed"/>
  <tag k="light_source" v="lantern"/>
  <tag k="light:tilt" v="-90"/>
  <tag k="operator" v="Stadtwerke Karlsruhe GmbH"/>
  <tag k="support" v="pole"/>
 </node>
 <node id="6047193954" visible="true" version="1" changeset="64305355" timestamp="2018-11-08T20:16:28Z" user="mapper999" uid="165061" lat="49.0114690" lon="8.4378728">
  <tag k="light:colour" v="white"/>
  <tag k="light:count" v="1"/>
  <tag k="light:method" v="fluorescent"/>
  <tag k="light:shape" v="directed"/>
  <tag k="light_source" v="lantern"/>
  <tag k="light:tilt" v="-90"/>
  <tag k="operator" v="Stadtwerke Karlsruhe GmbH"/>
  <tag k="support" v="wire"/>
 </node>
 <node id="6047193955" visible="true" version="1" changeset="64305355" timestamp="2018-11-08T20:16:28Z" user="mapper999" uid="165061" lat="49.0115807" lon="8.4378688">
  <tag k="light:colour" v="white"/>
  <tag k="light:count" v="1"/>
  <tag k="light:method" v="fluorescent"/>
  <tag k="light:shape" v="directed"/>
  <tag k="light_source" v="lantern"/>
  <tag k="light:tilt" v="-90"/>
  <tag k="operator" v="Stadtwerke Karlsruhe GmbH"/>
  <tag k="support" v="wire"/>
 </node>
 <node id="6047193956" visible="true" version="1" changeset="64305355" timestamp="2018-11-08T20:16:28Z" user="mapper999" uid="165061" lat="49.0114365" lon="8.4371366">
  <tag k="light:colour" v="white"/>
  <tag k="light:count" v="1"/>
  <tag k="light:method" v="fluorescent"/>
  <tag k="light:shape" v="directed"/>
  <tag k="light_source" v="lantern"/>
  <tag k="light:tilt" v="-90"/>
  <tag k="operator" v="Stadtwerke Karlsruhe GmbH"/>
  <tag k="support" v="wire"/>
 </node>
 <node id="6047193957" visible="true" version="1" changeset="64305355" timestamp="2018-11-08T20:16:28Z" user="mapper999" uid="165061" lat="49.0115438" lon="8.4371285">
  <tag k="light:colour" v="white"/>
  <tag k="light:count" v="1"/>
  <tag k="light:method" v="fluorescent"/>
  <tag k="light:shape" v="directed"/>
  <tag k="light_source" v="lantern"/>
  <tag k="light:tilt" v="-90"/>
  <tag k="operator" v="Stadtwerke Karlsruhe GmbH"/>
  <tag k="support" v="wire"/>
 </node>
 <node id="6050949488" visible="true" version="1" changeset="64351257" timestamp="2018-11-10T13:03:49Z" user="mapper999" uid="165061" lat="49.0120364" lon="8.4401480">
  <tag k="denotation" v="urban"/>
  <tag k="natural" v="tree"/>
 </node>
 <node id="6052497749" visible="true" version="1" changeset="64371291" timestamp="2018-11-11T10:49:30Z" user="mapper999" uid="165061" lat="49.0130075" lon="8.4468113"/>
 <node id="6052497757" visible="true" version="1" changeset="64371291" timestamp="2018-11-11T10:49:30Z" user="mapper999" uid="165061" lat="49.0126588" lon="8.4461635"/>
 <node id="6053235859" visible="true" version="2" changeset="66171574" timestamp="2019-01-09T18:24:42Z" user="wuff993" uid="9342647" lat="49.0116027" lon="8.4375805">
  <tag k="emergency" v="fire_hydrant"/>
  <tag k="fire_hydrant:diameter" v="150"/>
  <tag k="fire_hydrant:position" v="lane"/>
  <tag k="fire_hydrant:type" v="underground"/>
  <tag k="operator" v="Stadtwerke Karlsruhe GmbH"/>
  <tag k="ref" v="235"/>
  <tag k="survey:date" v="2019-01-09"/>
 </node>
 <node id="6053235860" visible="true" version="2" changeset="112026536" timestamp="2021-10-03T09:44:50Z" user="mapper999" uid="165061" lat="49.0117461" lon="8.4382054">
  <tag k="fixme" v="check type, operator and ref"/>
  <tag k="man_made" v="street_cabinet"/>
 </node>
 <node id="6053235861" visible="true" version="2" changeset="112026536" timestamp="2021-10-03T09:44:50Z" user="mapper999" uid="165061" lat="49.0117434" lon="8.4382221">
  <tag k="fixme" v="check type, operator and ref"/>
  <tag k="man_made" v="street_cabinet"/>
 </node>
 <node id="6053235862" visible="true" version="2" changeset="112026536" timestamp="2021-10-03T09:44:50Z" user="mapper999" uid="165061" lat="49.0117402" lon="8.4382200">
  <tag k="man_made" v="street_cabinet"/>
  <tag k="manufacturer" v="Siemens AG"/>
  <tag k="street_cabinet" v="traffic_control"/>
 </node>
 <node id="6053235863" visible="true" version="2" changeset="112026536" timestamp="2021-10-03T09:44:50Z" user="mapper999" uid="165061" lat="49.0117420" lon="8.4382037">
  <tag k="man_made" v="street_cabinet"/>
  <tag k="operator" v="Stadtwerke Karlsruhe GmbH"/>
  <tag k="street_cabinet" v="street_lighting"/>
 </node>
 <node id="6066080886" visible="true" version="1" changeset="64563522" timestamp="2018-11-16T11:47:23Z" user="Pandabärchen" uid="659944" lat="49.0106699" lon="8.4384726"/>
 <node id="6066080887" visible="true" version="1" changeset="64563522" timestamp="2018-11-16T11:47:23Z" user="Pandabärchen" uid="659944" lat="49.0110126" lon="8.4383330"/>
 <node id="6066080888" visible="true" version="1" changeset="64563522" timestamp="2018-11-16T11:47:23Z" user="Pandabärchen" uid="659944" lat="49.0107328" lon="8.4386229"/>
 <node id="6066080889" visible="true" version="1" changeset="64563522" timestamp="2018-11-16T11:47:23Z" user="Pandabärchen" uid="659944" lat="49.0106373" lon="8.4383406"/>
 <node id="6070580579" visible="true" version="3" changeset="112026536" timestamp="2021-10-03T09:44:50Z" user="mapper999" uid="165061" lat="49.0142884" lon="8.4423787"/>
 <node id="6070580582" visible="true" version="3" changeset="112026536" timestamp="2021-10-03T09:44:50Z" user="mapper999" uid="165061" lat="49.0143156" lon="8.4423578"/>
 <node id="6124678592" visible="true" version="1" changeset="65288758" timestamp="2018-12-08T10:05:31Z" user="mapper999" uid="165061" lat="49.0122330" lon="8.4382584">
  <tag k="light:colour" v="orange"/>
  <tag k="light:count" v="1"/>
  <tag k="light:method" v="sodium"/>
  <tag k="light:shape" v="directed"/>
  <tag k="light_source" v="lantern"/>
  <tag k="light:tilt" v="-90"/>
  <tag k="operator" v="Stadtwerke Karlsruhe GmbH"/>
  <tag k="support" v="wire"/>
 </node>
 <node id="6124678593" visible="true" version="1" changeset="65288758" timestamp="2018-12-08T10:05:31Z" user="mapper999" uid="165061" lat="49.0121951" lon="8.4380968">
  <tag k="light:colour" v="orange"/>
  <tag k="light:count" v="1"/>
  <tag k="light:method" v="sodium"/>
  <tag k="light:shape" v="directed"/>
  <tag k="light_source" v="lantern"/>
  <tag k="light:tilt" v="-90"/>
  <tag k="operator" v="Stadtwerke Karlsruhe GmbH"/>
  <tag k="support" v="wire"/>
 </node>
 <node id="6124678594" visible="true" version="1" changeset="65288758" timestamp="2018-12-08T10:05:31Z" user="mapper999" uid="165061" lat="49.0120131" lon="8.4383791">
  <tag k="light:colour" v="orange"/>
  <tag k="light:count" v="1"/>
  <tag k="light:method" v="sodium"/>
  <tag k="light:shape" v="directed"/>
  <tag k="light_source" v="lantern"/>
  <tag k="light:tilt" v="-90"/>
  <tag k="operator" v="Stadtwerke Karlsruhe GmbH"/>
  <tag k="support" v="wire"/>
 </node>
 <node id="6124678595" visible="true" version="1" changeset="65288758" timestamp="2018-12-08T10:05:31Z" user="mapper999" uid="165061" lat="49.0119717" lon="8.4382470">
  <tag k="light:colour" v="orange"/>
  <tag k="light:count" v="1"/>
  <tag k="light:method" v="sodium"/>
  <tag k="light:shape" v="directed"/>
  <tag k="light_source" v="lantern"/>
  <tag k="light:tilt" v="-90"/>
  <tag k="operator" v="Stadtwerke Karlsruhe GmbH"/>
  <tag k="support" v="wire"/>
 </node>
 <node id="6124678596" visible="true" version="1" changeset="65288758" timestamp="2018-12-08T10:05:31Z" user="mapper999" uid="165061" lat="49.0124920" lon="8.4379546"/>
 <node id="6124923781" visible="true" version="2" changeset="161253735" timestamp="2025-01-11T20:52:04Z" user="Kepler-17c" uid="19452659" lat="49.0114351" lon="8.4403271">
  <tag k="barrier" v="bollard"/>
  <tag k="bollard" v="removable"/>
 </node>
 <node id="6138086766" visible="true" version="1" changeset="65485224" timestamp="2018-12-14T20:50:44Z" user="mapper999" uid="165061" lat="49.0168850" lon="8.4437005"/>
 <node id="6138087304" visible="true" version="1" changeset="65485224" timestamp="2018-12-14T20:50:45Z" user="mapper999" uid="165061" lat="49.0154706" lon="8.4431393"/>
 <node id="6139541802" visible="true" version="2" changeset="126630731" timestamp="2022-09-25T21:57:44Z" user="MitteloberrheinischerWaldameisenschreck" uid="5934860" lat="49.0112993" lon="8.4356949"/>
 <node id="6139541818" visible="true" version="2" changeset="126630731" timestamp="2022-09-25T21:57:44Z" user="MitteloberrheinischerWaldameisenschreck" uid="5934860" lat="49.0114696" lon="8.4365280">
  <tag k="railway" v="signal"/>
  <tag k="railway:signal:departure" v="DE-BOStrab:a"/>
  <tag k="railway:signal:departure:form" v="light"/>
  <tag k="railway:signal:departure:states" v="DE-BOStrab:a2;off"/>
  <tag k="railway:signal:direction" v="forward"/>
  <tag k="railway:signal:position" v="right"/>
  <tag k="railway:signal:request" v="DE-VBK:st9"/>
  <tag k="railway:signal:request:form" v="light"/>
  <tag k="railway:signal:request:states" v="DE-VBK:st9;off"/>
 </node>
 <node id="6139541820" visible="true" version="2" changeset="126630731" timestamp="2022-09-25T21:57:44Z" user="MitteloberrheinischerWaldameisenschreck" uid="5934860" lat="49.0114679" lon="8.4364962"/>
 <node id="6152449748" visible="true" version="1" changeset="65679388" timestamp="2018-12-21T20:33:48Z" user="mapper999" uid="165061" lat="49.0123882" lon="8.4379265">
  <tag k="denotation" v="urban"/>
  <tag k="leaf_cycle" v="deciduous"/>
  <tag k="leaf_type" v="broadleaved"/>
  <tag k="natural" v="tree"/>
 </node>
 <node id="6152449749" visible="true" version="1" changeset="65679388" timestamp="2018-12-21T20:33:48Z" user="mapper999" uid="165061" lat="49.0122906" lon="8.4379734">
  <tag k="denotation" v="urban"/>
  <tag k="leaf_cycle" v="deciduous"/>
  <tag k="leaf_type" v="broadleaved"/>
  <tag k="natural" v="tree"/>
 </node>
 <node id="6152449750" visible="true" version="1" changeset="65679388" timestamp="2018-12-21T20:33:48Z" user="mapper999" uid="165061" lat="49.0122061" lon="8.4380096">
  <tag k="denotation" v="urban"/>
  <tag k="leaf_cycle" v="deciduous"/>
  <tag k="leaf_type" v="broadleaved"/>
  <tag k="natural" v="tree"/>
 </node>
 <node id="6152449751" visible="true" version="1" changeset="65679388" timestamp="2018-12-21T20:33:48Z" user="mapper999" uid="165061" lat="49.0121094" lon="8.4380405">
  <tag k="denotation" v="urban"/>
  <tag k="leaf_cycle" v="deciduous"/>
  <tag k="leaf_type" v="broadleaved"/>
  <tag k="natural" v="tree"/>
 </node>
 <node id="6152449752" visible="true" version="1" changeset="65679388" timestamp="2018-12-21T20:33:48Z" user="mapper999" uid="165061" lat="49.0119836" lon="8.4381169">
  <tag k="denotation" v="urban"/>
  <tag k="leaf_cycle" v="deciduous"/>
  <tag k="leaf_type" v="broadleaved"/>
  <tag k="natural" v="tree"/>
 </node>
 <node id="6152449753" visible="true" version="1" changeset="65679388" timestamp="2018-12-21T20:33:48Z" user="mapper999" uid="165061" lat="49.0120390" lon="8.4380673">
  <tag k="denotation" v="urban"/>
  <tag k="leaf_cycle" v="deciduous"/>
  <tag k="leaf_type" v="broadleaved"/>
  <tag k="natural" v="tree"/>
 </node>
 <node id="6152449769" visible="true" version="4" changeset="112763380" timestamp="2021-10-20T21:07:02Z" user="Pamalosebi" uid="14321673" lat="49.0115329" lon="8.4400335">
  <tag k="height" v="3.5"/>
  <tag k="highway" v="street_lamp"/>
  <tag k="lamp_model:de" v="Kofferleuchte"/>
  <tag k="light:colour" v="white"/>
  <tag k="light:count" v="2"/>
  <tag k="light:direction" v="0;180"/>
  <tag k="light:height" v="3.5"/>
  <tag k="light:lit" v="dusk-dawn"/>
  <tag k="light:method" v="mercury"/>
  <tag k="light:shape" v="directed"/>
  <tag k="light_source" v="lantern"/>
  <tag k="light:tilt" v="-90"/>
  <tag k="operator" v="Stadtwerke Karlsruhe GmbH"/>
  <tag k="support" v="pole"/>
 </node>
 <node id="6152449770" visible="true" version="2" changeset="80444891" timestamp="2020-02-02T19:41:38Z" user="mapper999" uid="165061" lat="49.0115363" lon="8.4395908">
  <tag k="height" v="3.5"/>
  <tag k="highway" v="street_lamp"/>
  <tag k="lamp_model:de" v="Kofferleuchte"/>
  <tag k="light:colour" v="white"/>
  <tag k="light:count" v="2"/>
  <tag k="light:direction" v="0;180"/>
  <tag k="light:height" v="3.5"/>
  <tag k="light:lit" v="dusk-dawn"/>
  <tag k="light:method" v="mercury"/>
  <tag k="light:shape" v="directed"/>
  <tag k="light_source" v="lantern"/>
  <tag k="light:tilt" v="-90"/>
  <tag k="operator" v="Stadtwerke Karlsruhe GmbH"/>
  <tag k="support" v="pole"/>
 </node>
 <node id="6152544352" visible="true" version="1" changeset="65681101" timestamp="2018-12-21T21:45:39Z" user="mapper999" uid="165061" lat="49.0134869" lon="8.4376908"/>
 <node id="6152544353" visible="true" version="1" changeset="65681101" timestamp="2018-12-21T21:45:39Z" user="mapper999" uid="165061" lat="49.0140234" lon="8.4373935"/>
 <node id="6152544400" visible="true" version="1" changeset="65681101" timestamp="2018-12-21T21:45:42Z" user="mapper999" uid="165061" lat="49.0205654" lon="8.4449435"/>
 <node id="6152544403" visible="true" version="1" changeset="65681101" timestamp="2018-12-21T21:45:42Z" user="mapper999" uid="165061" lat="49.0202851" lon="8.4445733"/>
 <node id="6152603869" visible="true" version="1" changeset="65681876" timestamp="2018-12-21T22:29:01Z" user="mapper999" uid="165061" lat="49.0126565" lon="8.4376770"/>
 <node id="6152603871" visible="true" version="1" changeset="65681876" timestamp="2018-12-21T22:29:02Z" user="mapper999" uid="165061" lat="49.0121894" lon="8.4378628">
  <tag k="highway" v="street_lamp"/>
  <tag k="lamp_model:de" v="Kofferleuchte"/>
  <tag k="light:colour" v="white"/>
  <tag k="light:count" v="1"/>
  <tag k="light:direction" v="345"/>
  <tag k="light:method" v="electric"/>
  <tag k="light:shape" v="directed"/>
  <tag k="light_source" v="lantern"/>
  <tag k="light:tilt" v="-90"/>
  <tag k="operator" v="Stadtwerke Karlsruhe GmbH"/>
  <tag k="support" v="pole"/>
 </node>
 <node id="6152603872" visible="true" version="1" changeset="65681876" timestamp="2018-12-21T22:29:02Z" user="mapper999" uid="165061" lat="49.0121402" lon="8.4375141">
  <tag k="highway" v="street_lamp"/>
  <tag k="lamp_model:de" v="Kofferleuchte"/>
  <tag k="light:colour" v="white"/>
  <tag k="light:count" v="1"/>
  <tag k="light:direction" v="345"/>
  <tag k="light:method" v="electric"/>
  <tag k="light:shape" v="directed"/>
  <tag k="light_source" v="lantern"/>
  <tag k="light:tilt" v="-90"/>
  <tag k="operator" v="Stadtwerke Karlsruhe GmbH"/>
  <tag k="support" v="pole"/>
 </node>
 <node id="6152603874" visible="true" version="1" changeset="65681876" timestamp="2018-12-21T22:29:02Z" user="mapper999" uid="165061" lat="49.0120786" lon="8.4371687">
  <tag k="highway" v="street_lamp"/>
  <tag k="lamp_model:de" v="Kofferleuchte"/>
  <tag k="light:colour" v="white"/>
  <tag k="light:count" v="1"/>
  <tag k="light:direction" v="340"/>
  <tag k="light:method" v="electric"/>
  <tag k="light:shape" v="directed"/>
  <tag k="light_source" v="lantern"/>
  <tag k="light:tilt" v="-90"/>
  <tag k="operator" v="Stadtwerke Karlsruhe GmbH"/>
  <tag k="support" v="pole"/>
 </node>
 <node id="6152604606" visible="true" version="2" changeset="71509355" timestamp="2019-06-22T13:06:34Z" user="mapper999" uid="165061" lat="49.0108253" lon="8.4373143">
  <tag k="fixme" v="LED?"/>
  <tag k="highway" v="street_lamp"/>
  <tag k="light:colour" v="white"/>
  <tag k="light:count" v="1"/>
  <tag k="light:direction" v="265"/>
  <tag k="light:method" v="electric"/>
  <tag k="light:shape" v="directed"/>
  <tag k="light_source" v="lantern"/>
  <tag k="light:tilt" v="-90"/>
  <tag k="operator" v="Netto Marken-Discount AG &amp; Co. KG"/>
  <tag k="support" v="pole"/>
 </node>
 <node id="6152604607" visible="true" version="2" changeset="71509355" timestamp="2019-06-22T13:06:34Z" user="mapper999" uid="165061" lat="49.0113129" lon="8.4369857">
  <tag k="fixme" v="LED? light:direction?"/>
  <tag k="highway" v="street_lamp"/>
  <tag k="light:colour" v="white"/>
  <tag k="light:count" v="1"/>
  <tag k="light:direction" v="265"/>
  <tag k="light:method" v="electric"/>
  <tag k="light:shape" v="directed"/>
  <tag k="light_source" v="lantern"/>
  <tag k="light:tilt" v="-90"/>
  <tag k="operator" v="Netto Marken-Discount AG &amp; Co. KG"/>
  <tag k="support" v="pole"/>
 </node>
 <node id="6152604608" visible="true" version="2" changeset="71509355" timestamp="2019-06-22T13:06:34Z" user="mapper999" uid="165061" lat="49.0112874" lon="8.4372063">
  <tag k="fixme" v="LED? light:direction?"/>
  <tag k="highway" v="street_lamp"/>
  <tag k="light:colour" v="white"/>
  <tag k="light:count" v="1"/>
  <tag k="light:direction" v="265"/>
  <tag k="light:method" v="electric"/>
  <tag k="light:shape" v="directed"/>
  <tag k="light_source" v="lantern"/>
  <tag k="light:tilt" v="-90"/>
  <tag k="operator" v="Netto Marken-Discount AG &amp; Co. KG"/>
  <tag k="support" v="pole"/>
 </node>
 <node id="6152604609" visible="true" version="1" changeset="65681876" timestamp="2018-12-21T22:29:07Z" user="mapper999" uid="165061" lat="49.0113049" lon="8.4368186"/>
 <node id="6152604610" visible="true" version="1" changeset="65681876" timestamp="2018-12-21T22:29:07Z" user="mapper999" uid="165061" lat="49.0113063" lon="8.4368534"/>
 <node id="6152604611" visible="true" version="1" changeset="65681876" timestamp="2018-12-21T22:29:07Z" user="mapper999" uid="165061" lat="49.0113076" lon="8.4368882"/>
 <node id="6152604612" visible="true" version="1" changeset="65681876" timestamp="2018-12-21T22:29:07Z" user="mapper999" uid="165061" lat="49.0113090" lon="8.4369230"/>
 <node id="6152604613" visible="true" version="1" changeset="65681876" timestamp="2018-12-21T22:29:07Z" user="mapper999" uid="165061" lat="49.0113104" lon="8.4369577"/>
 <node id="6152604614" visible="true" version="1" changeset="65681876" timestamp="2018-12-21T22:29:07Z" user="mapper999" uid="165061" lat="49.0113118" lon="8.4369925"/>
 <node id="6152604615" visible="true" version="1" changeset="65681876" timestamp="2018-12-21T22:29:07Z" user="mapper999" uid="165061" lat="49.0113132" lon="8.4370273"/>
 <node id="6152604616" visible="true" version="1" changeset="65681876" timestamp="2018-12-21T22:29:07Z" user="mapper999" uid="165061" lat="49.0113145" lon="8.4370621"/>
 <node id="6152604617" visible="true" version="1" changeset="65681876" timestamp="2018-12-21T22:29:07Z" user="mapper999" uid="165061" lat="49.0113159" lon="8.4370968"/>
 <node id="6152604618" visible="true" version="1" changeset="65681876" timestamp="2018-12-21T22:29:07Z" user="mapper999" uid="165061" lat="49.0113173" lon="8.4371316"/>
 <node id="6152604619" visible="true" version="1" changeset="65681876" timestamp="2018-12-21T22:29:07Z" user="mapper999" uid="165061" lat="49.0113187" lon="8.4371664"/>
 <node id="6152604621" visible="true" version="1" changeset="65681876" timestamp="2018-12-21T22:29:07Z" user="mapper999" uid="165061" lat="49.0112599" lon="8.4368577"/>
 <node id="6152604622" visible="true" version="1" changeset="65681876" timestamp="2018-12-21T22:29:07Z" user="mapper999" uid="165061" lat="49.0112613" lon="8.4368925"/>
 <node id="6152604623" visible="true" version="1" changeset="65681876" timestamp="2018-12-21T22:29:07Z" user="mapper999" uid="165061" lat="49.0112627" lon="8.4369272"/>
 <node id="6152604624" visible="true" version="1" changeset="65681876" timestamp="2018-12-21T22:29:07Z" user="mapper999" uid="165061" lat="49.0112641" lon="8.4369620"/>
 <node id="6152604625" visible="true" version="1" changeset="65681876" timestamp="2018-12-21T22:29:07Z" user="mapper999" uid="165061" lat="49.0112654" lon="8.4369968"/>
 <node id="6152604626" visible="true" version="1" changeset="65681876" timestamp="2018-12-21T22:29:07Z" user="mapper999" uid="165061" lat="49.0112668" lon="8.4370316"/>
 <node id="6152604627" visible="true" version="1" changeset="65681876" timestamp="2018-12-21T22:29:07Z" user="mapper999" uid="165061" lat="49.0112682" lon="8.4370663"/>
 <node id="6152604628" visible="true" version="1" changeset="65681876" timestamp="2018-12-21T22:29:07Z" user="mapper999" uid="165061" lat="49.0112696" lon="8.4371011"/>
 <node id="6152604629" visible="true" version="1" changeset="65681876" timestamp="2018-12-21T22:29:07Z" user="mapper999" uid="165061" lat="49.0112710" lon="8.4371359"/>
 <node id="6152604630" visible="true" version="1" changeset="65681876" timestamp="2018-12-21T22:29:07Z" user="mapper999" uid="165061" lat="49.0112724" lon="8.4371707"/>
 <node id="6152604631" visible="true" version="2" changeset="70835993" timestamp="2019-06-01T13:47:50Z" user="mapper999" uid="165061" lat="49.0105899" lon="8.4372686"/>
 <node id="6152604632" visible="true" version="1" changeset="65681876" timestamp="2018-12-21T22:29:07Z" user="mapper999" uid="165061" lat="49.0108916" lon="8.4364590"/>
 <node id="6152604636" visible="true" version="1" changeset="65681876" timestamp="2018-12-21T22:29:08Z" user="mapper999" uid="165061" lat="49.0109391" lon="8.4365262"/>
 <node id="6152604637" visible="true" version="1" changeset="65681876" timestamp="2018-12-21T22:29:08Z" user="mapper999" uid="165061" lat="49.0109377" lon="8.4364905"/>
 <node id="6152604641" visible="true" version="2" changeset="71509355" timestamp="2019-06-22T13:06:34Z" user="mapper999" uid="165061" lat="49.0111497" lon="8.4372894">
  <tag k="fixme" v="LED?"/>
  <tag k="highway" v="street_lamp"/>
  <tag k="light:colour" v="white"/>
  <tag k="light:count" v="1"/>
  <tag k="light:direction" v="265"/>
  <tag k="light:method" v="electric"/>
  <tag k="light:shape" v="directed"/>
  <tag k="light_source" v="lantern"/>
  <tag k="light:tilt" v="-90"/>
  <tag k="operator" v="Netto Marken-Discount AG &amp; Co. KG"/>
  <tag k="support" v="pole"/>
 </node>
 <node id="6152604642" visible="true" version="2" changeset="71509355" timestamp="2019-06-22T13:06:34Z" user="mapper999" uid="165061" lat="49.0109955" lon="8.4373015">
  <tag k="fixme" v="LED?"/>
  <tag k="highway" v="street_lamp"/>
  <tag k="light:colour" v="white"/>
  <tag k="light:count" v="1"/>
  <tag k="light:direction" v="265"/>
  <tag k="light:method" v="electric"/>
  <tag k="light:shape" v="directed"/>
  <tag k="light_source" v="lantern"/>
  <tag k="light:tilt" v="-90"/>
  <tag k="operator" v="Netto Marken-Discount AG &amp; Co. KG"/>
  <tag k="support" v="pole"/>
 </node>
 <node id="6152604643" visible="true" version="1" changeset="65681876" timestamp="2018-12-21T22:29:08Z" user="mapper999" uid="165061" lat="49.0109166" lon="8.4369914"/>
 <node id="6152604644" visible="true" version="1" changeset="65681876" timestamp="2018-12-21T22:29:08Z" user="mapper999" uid="165061" lat="49.0109392" lon="8.4369893"/>
 <node id="6152604645" visible="true" version="1" changeset="65681876" timestamp="2018-12-21T22:29:08Z" user="mapper999" uid="165061" lat="49.0109617" lon="8.4369872"/>
 <node id="6152604646" visible="true" version="1" changeset="65681876" timestamp="2018-12-21T22:29:08Z" user="mapper999" uid="165061" lat="49.0109843" lon="8.4369851"/>
 <node id="6152604647" visible="true" version="1" changeset="65681876" timestamp="2018-12-21T22:29:08Z" user="mapper999" uid="165061" lat="49.0110068" lon="8.4369830"/>
 <node id="6152604648" visible="true" version="1" changeset="65681876" timestamp="2018-12-21T22:29:08Z" user="mapper999" uid="165061" lat="49.0110294" lon="8.4369810"/>
 <node id="6152604649" visible="true" version="1" changeset="65681876" timestamp="2018-12-21T22:29:08Z" user="mapper999" uid="165061" lat="49.0110519" lon="8.4369789"/>
 <node id="6152604650" visible="true" version="1" changeset="65681876" timestamp="2018-12-21T22:29:08Z" user="mapper999" uid="165061" lat="49.0110745" lon="8.4369768"/>
 <node id="6152604651" visible="true" version="1" changeset="65681876" timestamp="2018-12-21T22:29:08Z" user="mapper999" uid="165061" lat="49.0110970" lon="8.4369747"/>
 <node id="6152604652" visible="true" version="1" changeset="65681876" timestamp="2018-12-21T22:29:08Z" user="mapper999" uid="165061" lat="49.0111196" lon="8.4369726"/>
 <node id="6152604653" visible="true" version="1" changeset="65681876" timestamp="2018-12-21T22:29:08Z" user="mapper999" uid="165061" lat="49.0111422" lon="8.4369705"/>
 <node id="6152604654" visible="true" version="1" changeset="65681876" timestamp="2018-12-21T22:29:09Z" user="mapper999" uid="165061" lat="49.0111647" lon="8.4369685"/>
 <node id="6152604655" visible="true" version="1" changeset="65681876" timestamp="2018-12-21T22:29:09Z" user="mapper999" uid="165061" lat="49.0111873" lon="8.4369664"/>
 <node id="6152604656" visible="true" version="1" changeset="65681876" timestamp="2018-12-21T22:29:09Z" user="mapper999" uid="165061" lat="49.0111899" lon="8.4370335"/>
 <node id="6152604657" visible="true" version="1" changeset="65681876" timestamp="2018-12-21T22:29:09Z" user="mapper999" uid="165061" lat="49.0111674" lon="8.4370356"/>
 <node id="6152604658" visible="true" version="1" changeset="65681876" timestamp="2018-12-21T22:29:09Z" user="mapper999" uid="165061" lat="49.0111448" lon="8.4370377"/>
 <node id="6152604659" visible="true" version="1" changeset="65681876" timestamp="2018-12-21T22:29:09Z" user="mapper999" uid="165061" lat="49.0111223" lon="8.4370397"/>
 <node id="6152604660" visible="true" version="1" changeset="65681876" timestamp="2018-12-21T22:29:09Z" user="mapper999" uid="165061" lat="49.0110997" lon="8.4370418"/>
 <node id="6152604661" visible="true" version="1" changeset="65681876" timestamp="2018-12-21T22:29:09Z" user="mapper999" uid="165061" lat="49.0110772" lon="8.4370439"/>
 <node id="6152604662" visible="true" version="1" changeset="65681876" timestamp="2018-12-21T22:29:09Z" user="mapper999" uid="165061" lat="49.0110546" lon="8.4370460"/>
 <node id="6152604663" visible="true" version="1" changeset="65681876" timestamp="2018-12-21T22:29:09Z" user="mapper999" uid="165061" lat="49.0110321" lon="8.4370481"/>
 <node id="6152604664" visible="true" version="1" changeset="65681876" timestamp="2018-12-21T22:29:09Z" user="mapper999" uid="165061" lat="49.0110095" lon="8.4370502"/>
 <node id="6152604665" visible="true" version="1" changeset="65681876" timestamp="2018-12-21T22:29:09Z" user="mapper999" uid="165061" lat="49.0109870" lon="8.4370522"/>
 <node id="6152604666" visible="true" version="1" changeset="65681876" timestamp="2018-12-21T22:29:09Z" user="mapper999" uid="165061" lat="49.0109644" lon="8.4370543"/>
 <node id="6152604667" visible="true" version="1" changeset="65681876" timestamp="2018-12-21T22:29:09Z" user="mapper999" uid="165061" lat="49.0109419" lon="8.4370564"/>
 <node id="6152604668" visible="true" version="2" changeset="83837144" timestamp="2020-04-20T18:18:02Z" user="mapper999" uid="165061" lat="49.0109651" lon="8.4370724"/>
 <node id="6152604669" visible="true" version="2" changeset="83837144" timestamp="2020-04-20T18:18:02Z" user="mapper999" uid="165061" lat="49.0109877" lon="8.4370704"/>
 <node id="6152604670" visible="true" version="2" changeset="83837144" timestamp="2020-04-20T18:18:02Z" user="mapper999" uid="165061" lat="49.0110102" lon="8.4370683"/>
 <node id="6152604671" visible="true" version="2" changeset="83837144" timestamp="2020-04-20T18:18:02Z" user="mapper999" uid="165061" lat="49.0110328" lon="8.4370662"/>
 <node id="6152604672" visible="true" version="2" changeset="83837144" timestamp="2020-04-20T18:18:02Z" user="mapper999" uid="165061" lat="49.0110553" lon="8.4370641"/>
 <node id="6152604673" visible="true" version="2" changeset="83837144" timestamp="2020-04-20T18:18:02Z" user="mapper999" uid="165061" lat="49.0110779" lon="8.4370620"/>
 <node id="6152604674" visible="true" version="2" changeset="83837144" timestamp="2020-04-20T18:18:02Z" user="mapper999" uid="165061" lat="49.0111004" lon="8.4370599"/>
 <node id="6152604675" visible="true" version="2" changeset="83837144" timestamp="2020-04-20T18:18:02Z" user="mapper999" uid="165061" lat="49.0111230" lon="8.4370579"/>
 <node id="6152604676" visible="true" version="2" changeset="83837144" timestamp="2020-04-20T18:18:02Z" user="mapper999" uid="165061" lat="49.0111455" lon="8.4370558"/>
 <node id="6152604677" visible="true" version="2" changeset="83837144" timestamp="2020-04-20T18:18:02Z" user="mapper999" uid="165061" lat="49.0111681" lon="8.4370537"/>
 <node id="6152604678" visible="true" version="1" changeset="65681876" timestamp="2018-12-21T22:29:09Z" user="mapper999" uid="165061" lat="49.0111932" lon="8.4371170"/>
 <node id="6152604679" visible="true" version="2" changeset="83837144" timestamp="2020-04-20T18:18:02Z" user="mapper999" uid="165061" lat="49.0109677" lon="8.4371379"/>
 <node id="6152604680" visible="true" version="2" changeset="83837144" timestamp="2020-04-20T18:18:02Z" user="mapper999" uid="165061" lat="49.0109903" lon="8.4371358"/>
 <node id="6152604681" visible="true" version="2" changeset="83837144" timestamp="2020-04-20T18:18:02Z" user="mapper999" uid="165061" lat="49.0110128" lon="8.4371337"/>
 <node id="6152604682" visible="true" version="2" changeset="83837144" timestamp="2020-04-20T18:18:02Z" user="mapper999" uid="165061" lat="49.0110354" lon="8.4371316"/>
 <node id="6152604683" visible="true" version="2" changeset="83837144" timestamp="2020-04-20T18:18:02Z" user="mapper999" uid="165061" lat="49.0110579" lon="8.4371295"/>
 <node id="6152604684" visible="true" version="2" changeset="83837144" timestamp="2020-04-20T18:18:02Z" user="mapper999" uid="165061" lat="49.0110805" lon="8.4371274"/>
 <node id="6152604685" visible="true" version="2" changeset="83837144" timestamp="2020-04-20T18:18:02Z" user="mapper999" uid="165061" lat="49.0111030" lon="8.4371253"/>
 <node id="6152604686" visible="true" version="2" changeset="83837144" timestamp="2020-04-20T18:18:02Z" user="mapper999" uid="165061" lat="49.0111256" lon="8.4371233"/>
 <node id="6152604687" visible="true" version="2" changeset="83837144" timestamp="2020-04-20T18:18:02Z" user="mapper999" uid="165061" lat="49.0111481" lon="8.4371212"/>
 <node id="6152604688" visible="true" version="2" changeset="83837144" timestamp="2020-04-20T18:18:02Z" user="mapper999" uid="165061" lat="49.0111707" lon="8.4371191"/>
 <node id="6152604689" visible="true" version="1" changeset="65681876" timestamp="2018-12-21T22:29:09Z" user="mapper999" uid="165061" lat="49.0111906" lon="8.4370516"/>
 <node id="6152604690" visible="true" version="2" changeset="83837144" timestamp="2020-04-20T18:18:02Z" user="mapper999" uid="165061" lat="49.0109452" lon="8.4371399"/>
 <node id="6152604691" visible="true" version="2" changeset="83837144" timestamp="2020-04-20T18:18:02Z" user="mapper999" uid="165061" lat="49.0109426" lon="8.4370745"/>
 <node id="6152604692" visible="true" version="2" changeset="83837144" timestamp="2020-04-20T18:18:02Z" user="mapper999" uid="165061" lat="49.0108444" lon="8.4368781"/>
 <node id="6152604693" visible="true" version="2" changeset="83837144" timestamp="2020-04-20T18:18:02Z" user="mapper999" uid="165061" lat="49.0108458" lon="8.4369119"/>
 <node id="6152604694" visible="true" version="2" changeset="83837144" timestamp="2020-04-20T18:18:02Z" user="mapper999" uid="165061" lat="49.0108472" lon="8.4369464"/>
 <node id="6152604695" visible="true" version="2" changeset="83837144" timestamp="2020-04-20T18:18:02Z" user="mapper999" uid="165061" lat="49.0108486" lon="8.4369793"/>
 <node id="6152604696" visible="true" version="2" changeset="83837144" timestamp="2020-04-20T18:18:02Z" user="mapper999" uid="165061" lat="49.0108499" lon="8.4370137"/>
 <node id="6152604697" visible="true" version="2" changeset="83837144" timestamp="2020-04-20T18:18:02Z" user="mapper999" uid="165061" lat="49.0108513" lon="8.4370471"/>
 <node id="6152604698" visible="true" version="2" changeset="83837144" timestamp="2020-04-20T18:18:02Z" user="mapper999" uid="165061" lat="49.0108025" lon="8.4370181"/>
 <node id="6152604699" visible="true" version="2" changeset="83837144" timestamp="2020-04-20T18:18:02Z" user="mapper999" uid="165061" lat="49.0108011" lon="8.4369838"/>
 <node id="6152604700" visible="true" version="2" changeset="83837144" timestamp="2020-04-20T18:18:02Z" user="mapper999" uid="165061" lat="49.0107998" lon="8.4369508"/>
 <node id="6152604701" visible="true" version="2" changeset="83837144" timestamp="2020-04-20T18:18:02Z" user="mapper999" uid="165061" lat="49.0107984" lon="8.4369164"/>
 <node id="6152604702" visible="true" version="2" changeset="83837144" timestamp="2020-04-20T18:18:02Z" user="mapper999" uid="165061" lat="49.0107970" lon="8.4368826"/>
 <node id="6152650102" visible="true" version="1" changeset="65682530" timestamp="2018-12-21T23:10:51Z" user="mapper999" uid="165061" lat="49.0116402" lon="8.4401553">
  <tag k="denotation" v="urban"/>
  <tag k="natural" v="tree"/>
 </node>
 <node id="6152650103" visible="true" version="1" changeset="65682530" timestamp="2018-12-21T23:10:51Z" user="mapper999" uid="165061" lat="49.0116422" lon="8.4400353">
  <tag k="denotation" v="urban"/>
  <tag k="natural" v="tree"/>
 </node>
 <node id="6152650104" visible="true" version="1" changeset="65682530" timestamp="2018-12-21T23:10:52Z" user="mapper999" uid="165061" lat="49.0116439" lon="8.4399267">
  <tag k="denotation" v="urban"/>
  <tag k="natural" v="tree"/>
 </node>
 <node id="6152650105" visible="true" version="1" changeset="65682530" timestamp="2018-12-21T23:10:52Z" user="mapper999" uid="165061" lat="49.0116461" lon="8.4397946">
  <tag k="denotation" v="urban"/>
  <tag k="natural" v="tree"/>
 </node>
 <node id="6152650106" visible="true" version="1" changeset="65682530" timestamp="2018-12-21T23:10:52Z" user="mapper999" uid="165061" lat="49.0116475" lon="8.4397122">
  <tag k="denotation" v="urban"/>
  <tag k="natural" v="tree"/>
 </node>
 <node id="6152650107" visible="true" version="5" changeset="132532195" timestamp="2023-02-14T11:22:35Z" user="MichaelFS" uid="369020" lat="49.0117281" lon="8.4396986">
  <tag k="man_made" v="street_cabinet"/>
  <tag k="utility" v="power"/>
 </node>
 <node id="6196142622" visible="true" version="1" changeset="66171513" timestamp="2019-01-09T18:22:19Z" user="wuff993" uid="9342647" lat="49.0123079" lon="8.4377300">
  <tag k="emergency" v="fire_hydrant"/>
  <tag k="fire_hydrant:diameter" v="100"/>
  <tag k="fire_hydrant:position" v="lane"/>
  <tag k="fire_hydrant:type" v="underground"/>
  <tag k="survey:date" v="2019-01-09"/>
 </node>
 <node id="6205814388" visible="true" version="1" changeset="66279293" timestamp="2019-01-13T17:02:58Z" user="mapper999" uid="165061" lat="49.0112284" lon="8.4410915"/>
 <node id="6205814389" visible="true" version="1" changeset="66279293" timestamp="2019-01-13T17:02:58Z" user="mapper999" uid="165061" lat="49.0111778" lon="8.4429281"/>
 <node id="6254644704" visible="true" version="3" changeset="151856854" timestamp="2024-05-26T15:11:12Z" user="amapanda ᚛ᚐᚋᚐᚅᚇᚐ᚜ 🏳️‍⚧️" uid="23770" lat="49.0114157" lon="8.4382999">
  <tag k="board_type" v="technology"/>
  <tag k="check_date" v="2024-05-26"/>
  <tag k="information" v="board"/>
  <tag k="name" v="Testfeld Autonomes Fahren"/>
  <tag k="operator" v="FZI Forschungszentrum Informatik am Karlsruher Institut für Technologie"/>
  <tag k="start_date" v="2018"/>
  <tag k="tourism" v="information"/>
 </node>
 <node id="6254644705" visible="true" version="1" changeset="66866967" timestamp="2019-02-02T23:10:05Z" user="mapper999" uid="165061" lat="49.0111209" lon="8.4384385"/>
 <node id="6254644740" visible="true" version="2" changeset="132532195" timestamp="2023-02-14T11:22:35Z" user="MichaelFS" uid="369020" lat="49.0120535" lon="8.4402097">
  <tag k="man_made" v="street_cabinet"/>
  <tag k="operator" v="Stadtwerke Karlsruhe GmbH"/>
  <tag k="ref" v="K 3047"/>
  <tag k="utility" v="power"/>
 </node>
 <node id="6254644742" visible="true" version="3" changeset="151856854" timestamp="2024-05-26T15:06:06Z" user="amapanda ᚛ᚐᚋᚐᚅᚇᚐ᚜ 🏳️‍⚧️" uid="23770" lat="49.0113964" lon="8.4384350">
  <tag k="advertising" v="column"/>
  <tag k="animated" v="no"/>
  <tag k="check_date" v="2024-05-26"/>
  <tag k="land_property" v="public"/>
  <tag k="luminous" v="no"/>
  <tag k="man_made" v="advertising"/>
  <tag k="message" v="commercial"/>
  <tag k="visibility" v="house"/>
 </node>
 <node id="6254644743" visible="true" version="2" changeset="70600445" timestamp="2019-05-24T22:02:48Z" user="mapper999" uid="165061" lat="49.0107912" lon="8.4389015">
  <tag k="highway" v="street_lamp"/>
  <tag k="light:colour" v="white"/>
  <tag k="light:count" v="1"/>
  <tag k="light:direction" v="150"/>
  <tag k="light:method" v="fluorescent"/>
  <tag k="light:shape" v="directed"/>
  <tag k="light_source" v="lantern"/>
  <tag k="light:tilt" v="-90"/>
  <tag k="operator" v="Stadtwerke Karlsruhe GmbH"/>
  <tag k="operator:type" v="public"/>
  <tag k="support" v="pole"/>
 </node>
 <node id="6267933249" visible="true" version="1" changeset="67049774" timestamp="2019-02-09T13:56:42Z" user="mapper999" uid="165061" lat="49.0107701" lon="8.4382255">
  <tag k="entrance" v="yes"/>
  <tag k="level" v="1"/>
 </node>
 <node id="6267933250" visible="true" version="1" changeset="67049774" timestamp="2019-02-09T13:56:42Z" user="mapper999" uid="165061" lat="49.0107696" lon="8.4382118"/>
 <node id="6415919576" visible="true" version="1" changeset="69372006" timestamp="2019-04-19T10:22:31Z" user="mapper999" uid="165061" lat="49.0133153" lon="8.4373873"/>
 <node id="6415919577" visible="true" version="1" changeset="69372006" timestamp="2019-04-19T10:22:31Z" user="mapper999" uid="165061" lat="49.0127797" lon="8.4376475"/>
 <node id="6415919578" visible="true" version="1" changeset="69372006" timestamp="2019-04-19T10:22:31Z" user="mapper999" uid="165061" lat="49.0122853" lon="8.4378205"/>
 <node id="6415919579" visible="true" version="1" changeset="69372006" timestamp="2019-04-19T10:22:31Z" user="mapper999" uid="165061" lat="49.0121797" lon="8.4379292"/>
 <node id="6415919580" visible="true" version="2" changeset="152492187" timestamp="2024-06-10T11:05:32Z" user="SliderHandle" uid="8549008" lat="49.0117632" lon="8.4382783">
  <tag k="camera:mount" v="pole"/>
  <tag k="camera:type" v="fixed"/>
  <tag k="check_date" v="2024-06-07"/>
  <tag k="description" v="Teil des Testfelds Autonomes Fahren"/>
  <tag k="man_made" v="surveillance"/>
  <tag k="operator" v="FZI Forschungszentrum Informatik am Karlsruher Institut für Technologie"/>
  <tag k="surveillance" v="public"/>
  <tag k="surveillance:type" v="camera"/>
  <tag k="surveillance:zone" v="traffic"/>
 </node>
 <node id="6415919581" visible="true" version="2" changeset="152492187" timestamp="2024-06-10T11:05:32Z" user="SliderHandle" uid="8549008" lat="49.0117654" lon="8.4382827">
  <tag k="camera:mount" v="pole"/>
  <tag k="camera:type" v="fixed"/>
  <tag k="check_date" v="2024-06-07"/>
  <tag k="description" v="Teil des Testfelds Autonomes Fahren"/>
  <tag k="man_made" v="surveillance"/>
  <tag k="operator" v="FZI Forschungszentrum Informatik am Karlsruher Institut für Technologie"/>
  <tag k="surveillance" v="public"/>
  <tag k="surveillance:type" v="camera"/>
  <tag k="surveillance:zone" v="traffic"/>
 </node>
 <node id="6415919583" visible="true" version="1" changeset="69372006" timestamp="2019-04-19T10:22:31Z" user="mapper999" uid="165061" lat="49.0131199" lon="8.4375152"/>
 <node id="6415919584" visible="true" version="1" changeset="69372006" timestamp="2019-04-19T10:22:31Z" user="mapper999" uid="165061" lat="49.0131709" lon="8.4374902"/>
 <node id="6415920986" visible="true" version="1" changeset="69372006" timestamp="2019-04-19T10:22:32Z" user="mapper999" uid="165061" lat="49.0131229" lon="8.4375295"/>
 <node id="6415920987" visible="true" version="1" changeset="69372006" timestamp="2019-04-19T10:22:32Z" user="mapper999" uid="165061" lat="49.0131739" lon="8.4375045"/>
 <node id="6415920988" visible="true" version="1" changeset="69372006" timestamp="2019-04-19T10:22:32Z" user="mapper999" uid="165061" lat="49.0132045" lon="8.4375282"/>
 <node id="6415920989" visible="true" version="1" changeset="69372006" timestamp="2019-04-19T10:22:32Z" user="mapper999" uid="165061" lat="49.0131966" lon="8.4375460"/>
 <node id="6415920990" visible="true" version="1" changeset="69372006" timestamp="2019-04-19T10:22:32Z" user="mapper999" uid="165061" lat="49.0131330" lon="8.4375772"/>
 <node id="6415925645" visible="true" version="1" changeset="69372098" timestamp="2019-04-19T10:26:42Z" user="mapper999" uid="165061" lat="49.0127322" lon="8.4380894"/>
 <node id="6416011612" visible="true" version="1" changeset="69373460" timestamp="2019-04-19T11:27:10Z" user="mapper999" uid="165061" lat="49.0179397" lon="8.4416098"/>
 <node id="6416144931" visible="true" version="1" changeset="69375024" timestamp="2019-04-19T12:30:55Z" user="mapper999" uid="165061" lat="49.0166099" lon="8.4440500"/>
 <node id="6416144932" visible="true" version="1" changeset="69375024" timestamp="2019-04-19T12:30:56Z" user="mapper999" uid="165061" lat="49.0165850" lon="8.4440317"/>
 <node id="6416144933" visible="true" version="1" changeset="69375024" timestamp="2019-04-19T12:30:56Z" user="mapper999" uid="165061" lat="49.0165602" lon="8.4440133"/>
 <node id="6416144934" visible="true" version="1" changeset="69375024" timestamp="2019-04-19T12:30:56Z" user="mapper999" uid="165061" lat="49.0165353" lon="8.4439950"/>
 <node id="6416144935" visible="true" version="1" changeset="69375024" timestamp="2019-04-19T12:30:56Z" user="mapper999" uid="165061" lat="49.0165105" lon="8.4439766"/>
 <node id="6416144936" visible="true" version="1" changeset="69375024" timestamp="2019-04-19T12:30:56Z" user="mapper999" uid="165061" lat="49.0164856" lon="8.4439583"/>
 <node id="6416144937" visible="true" version="1" changeset="69375024" timestamp="2019-04-19T12:30:56Z" user="mapper999" uid="165061" lat="49.0164608" lon="8.4439399"/>
 <node id="6416144938" visible="true" version="1" changeset="69375024" timestamp="2019-04-19T12:30:56Z" user="mapper999" uid="165061" lat="49.0164359" lon="8.4439215"/>
 <node id="6416144939" visible="true" version="1" changeset="69375024" timestamp="2019-04-19T12:30:56Z" user="mapper999" uid="165061" lat="49.0164111" lon="8.4439032"/>
 <node id="6416144940" visible="true" version="1" changeset="69375024" timestamp="2019-04-19T12:30:56Z" user="mapper999" uid="165061" lat="49.0163862" lon="8.4438848"/>
 <node id="6416144941" visible="true" version="1" changeset="69375024" timestamp="2019-04-19T12:30:56Z" user="mapper999" uid="165061" lat="49.0163614" lon="8.4438665"/>
 <node id="6416951458" visible="true" version="1" changeset="69388684" timestamp="2019-04-19T20:39:17Z" user="mapper999" uid="165061" lat="49.0155620" lon="8.4432096"/>
 <node id="6416951461" visible="true" version="1" changeset="69388684" timestamp="2019-04-19T20:39:17Z" user="mapper999" uid="165061" lat="49.0156127" lon="8.4432486"/>
 <node id="6416951468" visible="true" version="1" changeset="69388684" timestamp="2019-04-19T20:39:17Z" user="mapper999" uid="165061" lat="49.0154166" lon="8.4430978"/>
 <node id="6416952100" visible="true" version="1" changeset="69388684" timestamp="2019-04-19T20:39:21Z" user="mapper999" uid="165061" lat="49.0160685" lon="8.4436768"/>
 <node id="6439649279" visible="true" version="3" changeset="157955742" timestamp="2024-10-16T09:33:08Z" user="Scout Jens" uid="12466125" lat="49.0123735" lon="8.4403582"/>
 <node id="6439649282" visible="true" version="1" changeset="69749744" timestamp="2019-04-30T19:56:54Z" user="mapper999" uid="165061" lat="49.0120863" lon="8.4402835"/>
 <node id="6439649594" visible="true" version="2" changeset="112026536" timestamp="2021-10-03T09:44:50Z" user="mapper999" uid="165061" lat="49.0128589" lon="8.4406984"/>
 <node id="6439649595" visible="true" version="1" changeset="69749744" timestamp="2019-04-30T19:56:55Z" user="mapper999" uid="165061" lat="49.0129031" lon="8.4406074"/>
 <node id="6439649599" visible="true" version="1" changeset="69749744" timestamp="2019-04-30T19:56:55Z" user="mapper999" uid="165061" lat="49.0122193" lon="8.4398188">
  <tag k="denotation" v="urban"/>
  <tag k="leaf_cycle" v="deciduous"/>
  <tag k="leaf_type" v="broadleaved"/>
  <tag k="natural" v="tree"/>
  <tag k="start_date" v="2014"/>
 </node>
 <node id="6439649600" visible="true" version="1" changeset="69749744" timestamp="2019-04-30T19:56:55Z" user="mapper999" uid="165061" lat="49.0122866" lon="8.4399180">
  <tag k="denotation" v="urban"/>
  <tag k="leaf_cycle" v="deciduous"/>
  <tag k="leaf_type" v="broadleaved"/>
  <tag k="natural" v="tree"/>
  <tag k="start_date" v="2014"/>
 </node>
 <node id="6439649601" visible="true" version="1" changeset="69749744" timestamp="2019-04-30T19:56:55Z" user="mapper999" uid="165061" lat="49.0121894" lon="8.4397175"/>
 <node id="6439649602" visible="true" version="2" changeset="112026536" timestamp="2021-10-03T09:44:50Z" user="mapper999" uid="165061" lat="49.0121774" lon="8.4397197"/>
 <node id="6439649603" visible="true" version="2" changeset="112026536" timestamp="2021-10-03T09:44:50Z" user="mapper999" uid="165061" lat="49.0121696" lon="8.4398053"/>
 <node id="6439649604" visible="true" version="1" changeset="69749744" timestamp="2019-04-30T19:56:55Z" user="mapper999" uid="165061" lat="49.0123443" lon="8.4400314"/>
 <node id="6439649605" visible="true" version="1" changeset="69749744" timestamp="2019-04-30T19:56:55Z" user="mapper999" uid="165061" lat="49.0123713" lon="8.4399837"/>
 <node id="6439649607" visible="true" version="2" changeset="112026536" timestamp="2021-10-03T09:44:50Z" user="mapper999" uid="165061" lat="49.0125872" lon="8.4403744"/>
 <node id="6439649608" visible="true" version="1" changeset="69749744" timestamp="2019-04-30T19:56:55Z" user="mapper999" uid="165061" lat="49.0126340" lon="8.4402870"/>
 <node id="6439649609" visible="true" version="1" changeset="69749744" timestamp="2019-04-30T19:56:55Z" user="mapper999" uid="165061" lat="49.0127414" lon="8.4404203"/>
 <node id="6439649610" visible="true" version="2" changeset="81055282" timestamp="2020-02-15T21:19:34Z" user="mapper999" uid="165061" lat="49.0130687" lon="8.4407989"/>
 <node id="6450454900" visible="true" version="1" changeset="69912740" timestamp="2019-05-05T18:39:33Z" user="mapper999" uid="165061" lat="49.0210597" lon="8.4455416"/>
 <node id="6498653578" visible="true" version="2" changeset="157412343" timestamp="2024-10-03T10:42:36Z" user="mauriceKA" uid="221817" lat="49.0114593" lon="8.4388916">
  <tag k="camera:direction" v="350"/>
  <tag k="camera:mount" v="pole"/>
  <tag k="camera:type" v="fixed"/>
  <tag k="check_date" v="2024-10-03"/>
  <tag k="description" v="Teil des Testfelds Autonomes Fahren"/>
  <tag k="man_made" v="surveillance"/>
  <tag k="operator" v="FZI Forschungszentrum Informatik am Karlsruher Institut für Technologie"/>
  <tag k="start_date" v="2019"/>
  <tag k="surveillance" v="public"/>
  <tag k="surveillance:type" v="camera"/>
  <tag k="surveillance:zone" v="traffic"/>
 </node>
 <node id="6498653579" visible="true" version="2" changeset="157412343" timestamp="2024-10-03T10:42:42Z" user="mauriceKA" uid="221817" lat="49.0114610" lon="8.4388911">
  <tag k="camera:direction" v="325"/>
  <tag k="camera:mount" v="pole"/>
  <tag k="camera:type" v="fixed"/>
  <tag k="check_date" v="2024-10-03"/>
  <tag k="description" v="Teil des Testfelds Autonomes Fahren"/>
  <tag k="man_made" v="surveillance"/>
  <tag k="operator" v="FZI Forschungszentrum Informatik am Karlsruher Institut für Technologie"/>
  <tag k="start_date" v="2019"/>
  <tag k="surveillance" v="public"/>
  <tag k="surveillance:type" v="camera"/>
  <tag k="surveillance:zone" v="traffic"/>
 </node>
 <node id="6498653580" visible="true" version="2" changeset="157412343" timestamp="2024-10-03T10:42:48Z" user="mauriceKA" uid="221817" lat="49.0114617" lon="8.4388936">
  <tag k="camera:direction" v="310"/>
  <tag k="camera:mount" v="pole"/>
  <tag k="camera:type" v="fixed"/>
  <tag k="check_date" v="2024-10-03"/>
  <tag k="description" v="Teil des Testfelds Autonomes Fahren"/>
  <tag k="man_made" v="surveillance"/>
  <tag k="operator" v="FZI Forschungszentrum Informatik am Karlsruher Institut für Technologie"/>
  <tag k="start_date" v="2019"/>
  <tag k="surveillance" v="public"/>
  <tag k="surveillance:type" v="camera"/>
  <tag k="surveillance:zone" v="traffic"/>
 </node>
 <node id="6498653886" visible="true" version="1" changeset="70599401" timestamp="2019-05-24T21:06:50Z" user="mapper999" uid="165061" lat="49.0114819" lon="8.4401663">
  <tag k="denotation" v="urban"/>
  <tag k="natural" v="tree"/>
 </node>
 <node id="6498653887" visible="true" version="2" changeset="174101123" timestamp="2025-11-02T12:53:23Z" user="FOSS Fan" uid="23309910" lat="49.0114847" lon="8.4400140">
  <tag k="denotation" v="urban"/>
  <tag k="leaf_type" v="broadleaved"/>
  <tag k="natural" v="tree"/>
 </node>
 <node id="6498653888" visible="true" version="2" changeset="174101123" timestamp="2025-11-02T12:53:19Z" user="FOSS Fan" uid="23309910" lat="49.0114868" lon="8.4399048">
  <tag k="denotation" v="urban"/>
  <tag k="leaf_type" v="broadleaved"/>
  <tag k="natural" v="tree"/>
 </node>
 <node id="6498653889" visible="true" version="2" changeset="174101123" timestamp="2025-11-02T12:53:16Z" user="FOSS Fan" uid="23309910" lat="49.0114890" lon="8.4397866">
  <tag k="denotation" v="urban"/>
  <tag k="leaf_type" v="broadleaved"/>
  <tag k="natural" v="tree"/>
 </node>
 <node id="6498653890" visible="true" version="2" changeset="174101123" timestamp="2025-11-02T12:53:13Z" user="FOSS Fan" uid="23309910" lat="49.0114913" lon="8.4396619">
  <tag k="denotation" v="urban"/>
  <tag k="leaf_type" v="broadleaved"/>
  <tag k="natural" v="tree"/>
 </node>
 <node id="6498653891" visible="true" version="2" changeset="174101123" timestamp="2025-11-02T12:53:06Z" user="FOSS Fan" uid="23309910" lat="49.0114934" lon="8.4395477">
  <tag k="denotation" v="urban"/>
  <tag k="leaf_type" v="broadleaved"/>
  <tag k="natural" v="tree"/>
 </node>
 <node id="6498653892" visible="true" version="2" changeset="174101123" timestamp="2025-11-02T12:53:04Z" user="FOSS Fan" uid="23309910" lat="49.0114956" lon="8.4394331">
  <tag k="denotation" v="urban"/>
  <tag k="leaf_type" v="broadleaved"/>
  <tag k="natural" v="tree"/>
 </node>
 <node id="6498653893" visible="true" version="2" changeset="174101123" timestamp="2025-11-02T12:53:00Z" user="FOSS Fan" uid="23309910" lat="49.0114979" lon="8.4393056">
  <tag k="denotation" v="urban"/>
  <tag k="leaf_type" v="broadleaved"/>
  <tag k="natural" v="tree"/>
 </node>
 <node id="6498653894" visible="true" version="2" changeset="174101123" timestamp="2025-11-02T12:52:58Z" user="FOSS Fan" uid="23309910" lat="49.0115005" lon="8.4391703">
  <tag k="denotation" v="urban"/>
  <tag k="leaf_type" v="broadleaved"/>
  <tag k="natural" v="tree"/>
 </node>
 <node id="6498653895" visible="true" version="1" changeset="70599401" timestamp="2019-05-24T21:06:50Z" user="mapper999" uid="165061" lat="49.0110441" lon="8.4394962"/>
 <node id="6498653896" visible="true" version="1" changeset="70599401" timestamp="2019-05-24T21:06:50Z" user="mapper999" uid="165061" lat="49.0112997" lon="8.4391831"/>
 <node id="6498653897" visible="true" version="1" changeset="70599401" timestamp="2019-05-24T21:06:50Z" user="mapper999" uid="165061" lat="49.0113371" lon="8.4391308"/>
 <node id="6498653898" visible="true" version="1" changeset="70599401" timestamp="2019-05-24T21:06:50Z" user="mapper999" uid="165061" lat="49.0113516" lon="8.4391154"/>
 <node id="6498653899" visible="true" version="1" changeset="70599401" timestamp="2019-05-24T21:06:50Z" user="mapper999" uid="165061" lat="49.0113841" lon="8.4391066"/>
 <node id="6498653900" visible="true" version="1" changeset="70599401" timestamp="2019-05-24T21:06:50Z" user="mapper999" uid="165061" lat="49.0114158" lon="8.4391053"/>
 <node id="6498653901" visible="true" version="1" changeset="70599401" timestamp="2019-05-24T21:06:50Z" user="mapper999" uid="165061" lat="49.0113269" lon="8.4393884"/>
 <node id="6498653902" visible="true" version="1" changeset="70599401" timestamp="2019-05-24T21:06:50Z" user="mapper999" uid="165061" lat="49.0113331" lon="8.4393789"/>
 <node id="6498653903" visible="true" version="1" changeset="70599401" timestamp="2019-05-24T21:06:50Z" user="mapper999" uid="165061" lat="49.0113375" lon="8.4393668"/>
 <node id="6498653904" visible="true" version="1" changeset="70599401" timestamp="2019-05-24T21:06:50Z" user="mapper999" uid="165061" lat="49.0113388" lon="8.4393507"/>
 <node id="6498653905" visible="true" version="1" changeset="70599401" timestamp="2019-05-24T21:06:50Z" user="mapper999" uid="165061" lat="49.0113410" lon="8.4393246"/>
 <node id="6498653906" visible="true" version="1" changeset="70599401" timestamp="2019-05-24T21:06:50Z" user="mapper999" uid="165061" lat="49.0113463" lon="8.4392937"/>
 <node id="6498653907" visible="true" version="1" changeset="70599401" timestamp="2019-05-24T21:06:51Z" user="mapper999" uid="165061" lat="49.0113503" lon="8.4392729"/>
 <node id="6498653908" visible="true" version="1" changeset="70599401" timestamp="2019-05-24T21:06:51Z" user="mapper999" uid="165061" lat="49.0113494" lon="8.4392508"/>
 <node id="6498653909" visible="true" version="1" changeset="70599401" timestamp="2019-05-24T21:06:51Z" user="mapper999" uid="165061" lat="49.0113445" lon="8.4392247"/>
 <node id="6498653910" visible="true" version="1" changeset="70599401" timestamp="2019-05-24T21:06:51Z" user="mapper999" uid="165061" lat="49.0113454" lon="8.4391972"/>
 <node id="6498653911" visible="true" version="1" changeset="70599401" timestamp="2019-05-24T21:06:51Z" user="mapper999" uid="165061" lat="49.0113546" lon="8.4391777"/>
 <node id="6498653912" visible="true" version="1" changeset="70599401" timestamp="2019-05-24T21:06:51Z" user="mapper999" uid="165061" lat="49.0113665" lon="8.4391670"/>
 <node id="6498653913" visible="true" version="1" changeset="70599401" timestamp="2019-05-24T21:06:51Z" user="mapper999" uid="165061" lat="49.0113841" lon="8.4391623"/>
 <node id="6498653914" visible="true" version="1" changeset="70599401" timestamp="2019-05-24T21:06:51Z" user="mapper999" uid="165061" lat="49.0114030" lon="8.4391603"/>
 <node id="6498653915" visible="true" version="1" changeset="70599401" timestamp="2019-05-24T21:06:51Z" user="mapper999" uid="165061" lat="49.0114255" lon="8.4391563"/>
 <node id="6498653916" visible="true" version="1" changeset="70599401" timestamp="2019-05-24T21:06:51Z" user="mapper999" uid="165061" lat="49.0114360" lon="8.4391522"/>
 <node id="6498653917" visible="true" version="1" changeset="70599401" timestamp="2019-05-24T21:06:51Z" user="mapper999" uid="165061" lat="49.0114356" lon="8.4391315"/>
 <node id="6498653918" visible="true" version="1" changeset="70599401" timestamp="2019-05-24T21:06:51Z" user="mapper999" uid="165061" lat="49.0114321" lon="8.4391087"/>
 <node id="6498653919" visible="true" version="1" changeset="70599401" timestamp="2019-05-24T21:06:51Z" user="mapper999" uid="165061" lat="49.0114417" lon="8.4391180"/>
 <node id="6498653920" visible="true" version="1" changeset="70599401" timestamp="2019-05-24T21:06:51Z" user="mapper999" uid="165061" lat="49.0114510" lon="8.4391402"/>
 <node id="6498653921" visible="true" version="2" changeset="112026536" timestamp="2021-10-03T09:44:50Z" user="mapper999" uid="165061" lat="49.0116905" lon="8.4396316"/>
 <node id="6498653922" visible="true" version="2" changeset="112026536" timestamp="2021-10-03T09:44:50Z" user="mapper999" uid="165061" lat="49.0117578" lon="8.4396246"/>
 <node id="6498653923" visible="true" version="2" changeset="112026536" timestamp="2021-10-03T09:44:50Z" user="mapper999" uid="165061" lat="49.0117118" lon="8.4395160"/>
 <node id="6498653924" visible="true" version="1" changeset="70599401" timestamp="2019-05-24T21:06:51Z" user="mapper999" uid="165061" lat="49.0117012" lon="8.4394895"/>
 <node id="6498653925" visible="true" version="1" changeset="70599401" timestamp="2019-05-24T21:06:51Z" user="mapper999" uid="165061" lat="49.0116678" lon="8.4393963"/>
 <node id="6498653926" visible="true" version="1" changeset="70599401" timestamp="2019-05-24T21:06:51Z" user="mapper999" uid="165061" lat="49.0116128" lon="8.4392434"/>
 <node id="6498653927" visible="true" version="1" changeset="70599401" timestamp="2019-05-24T21:06:51Z" user="mapper999" uid="165061" lat="49.0115935" lon="8.4391905"/>
 <node id="6498653928" visible="true" version="1" changeset="70599401" timestamp="2019-05-24T21:06:51Z" user="mapper999" uid="165061" lat="49.0115781" lon="8.4391583"/>
 <node id="6498653929" visible="true" version="1" changeset="70599401" timestamp="2019-05-24T21:06:51Z" user="mapper999" uid="165061" lat="49.0115570" lon="8.4391288"/>
 <node id="6498653930" visible="true" version="1" changeset="70599401" timestamp="2019-05-24T21:06:51Z" user="mapper999" uid="165061" lat="49.0115389" lon="8.4391087"/>
 <node id="6498653931" visible="true" version="1" changeset="70599401" timestamp="2019-05-24T21:06:51Z" user="mapper999" uid="165061" lat="49.0115227" lon="8.4391013"/>
 <node id="6498653932" visible="true" version="1" changeset="70599401" timestamp="2019-05-24T21:06:51Z" user="mapper999" uid="165061" lat="49.0115068" lon="8.4391006"/>
 <node id="6498653933" visible="true" version="1" changeset="70599401" timestamp="2019-05-24T21:06:51Z" user="mapper999" uid="165061" lat="49.0114976" lon="8.4391100"/>
 <node id="6498653934" visible="true" version="1" changeset="70599401" timestamp="2019-05-24T21:06:51Z" user="mapper999" uid="165061" lat="49.0114915" lon="8.4391315"/>
 <node id="6498653935" visible="true" version="2" changeset="112763380" timestamp="2021-10-20T21:07:02Z" user="Pamalosebi" uid="14321673" lat="49.0115578" lon="8.4395474"/>
 <node id="6498653936" visible="true" version="2" changeset="112763380" timestamp="2021-10-20T21:07:02Z" user="Pamalosebi" uid="14321673" lat="49.0115590" lon="8.4394995"/>
 <node id="6498653937" visible="true" version="2" changeset="112763380" timestamp="2021-10-20T21:07:02Z" user="Pamalosebi" uid="14321673" lat="49.0114836" lon="8.4394961"/>
 <node id="6498653938" visible="true" version="2" changeset="112763380" timestamp="2021-10-20T21:07:02Z" user="Pamalosebi" uid="14321673" lat="49.0114794" lon="8.4397104"/>
 <node id="6498653939" visible="true" version="2" changeset="112763380" timestamp="2021-10-20T21:07:02Z" user="Pamalosebi" uid="14321673" lat="49.0114992" lon="8.4397113"/>
 <node id="6498653941" visible="true" version="3" changeset="123604525" timestamp="2022-07-14T11:16:47Z" user="Pamalosebi" uid="14321673" lat="49.0114789" lon="8.4397318"/>
 <node id="6498653942" visible="true" version="3" changeset="123604525" timestamp="2022-07-14T11:16:47Z" user="Pamalosebi" uid="14321673" lat="49.0114990" lon="8.4397328"/>
 <node id="6498653944" visible="true" version="3" changeset="123604525" timestamp="2022-07-14T11:16:47Z" user="Pamalosebi" uid="14321673" lat="49.0114710" lon="8.4400922"/>
 <node id="6498653946" visible="true" version="3" changeset="123604525" timestamp="2022-07-14T11:16:47Z" user="Pamalosebi" uid="14321673" lat="49.0115278" lon="8.4404135"/>
 <node id="6498653947" visible="true" version="3" changeset="123604525" timestamp="2022-07-14T11:16:47Z" user="Pamalosebi" uid="14321673" lat="49.0114635" lon="8.4404100"/>
 <node id="6498653948" visible="true" version="2" changeset="123604525" timestamp="2022-07-14T11:16:47Z" user="Pamalosebi" uid="14321673" lat="49.0114718" lon="8.4400838"/>
 <node id="6498653949" visible="true" version="1" changeset="70599401" timestamp="2019-05-24T21:06:51Z" user="mapper999" uid="165061" lat="49.0115424" lon="8.4397254"/>
 <node id="6498653950" visible="true" version="1" changeset="70599401" timestamp="2019-05-24T21:06:51Z" user="mapper999" uid="165061" lat="49.0114457" lon="8.4397205"/>
 <node id="6498653951" visible="true" version="1" changeset="70599401" timestamp="2019-05-24T21:06:51Z" user="mapper999" uid="165061" lat="49.0114787" lon="8.4397222"/>
 <node id="6498653952" visible="true" version="2" changeset="112763380" timestamp="2021-10-20T21:07:02Z" user="Pamalosebi" uid="14321673" lat="49.0114992" lon="8.4397231"/>
 <node id="6498802486" visible="true" version="1" changeset="70600445" timestamp="2019-05-24T22:02:39Z" user="mapper999" uid="165061" lat="49.0114524" lon="8.4378699"/>
 <node id="6498802487" visible="true" version="1" changeset="70600445" timestamp="2019-05-24T22:02:39Z" user="mapper999" uid="165061" lat="49.0114503" lon="8.4378255"/>
 <node id="6498802488" visible="true" version="1" changeset="70600445" timestamp="2019-05-24T22:02:39Z" user="mapper999" uid="165061" lat="49.0114270" lon="8.4371809"/>
 <node id="6498802489" visible="true" version="1" changeset="70600445" timestamp="2019-05-24T22:02:39Z" user="mapper999" uid="165061" lat="49.0114308" lon="8.4372721"/>
 <node id="6498802490" visible="true" version="1" changeset="70600445" timestamp="2019-05-24T22:02:39Z" user="mapper999" uid="165061" lat="49.0114252" lon="8.4371426"/>
 <node id="6498802491" visible="true" version="1" changeset="70600445" timestamp="2019-05-24T22:02:39Z" user="mapper999" uid="165061" lat="49.0114293" lon="8.4372297"/>
 <node id="6498802492" visible="true" version="1" changeset="70600445" timestamp="2019-05-24T22:02:39Z" user="mapper999" uid="165061" lat="49.0113783" lon="8.4372379"/>
 <node id="6498802493" visible="true" version="1" changeset="70600445" timestamp="2019-05-24T22:02:39Z" user="mapper999" uid="165061" lat="49.0114131" lon="8.4368894"/>
 <node id="6498802494" visible="true" version="1" changeset="70600445" timestamp="2019-05-24T22:02:39Z" user="mapper999" uid="165061" lat="49.0114111" lon="8.4368469"/>
 <node id="6498802495" visible="true" version="1" changeset="70600445" timestamp="2019-05-24T22:02:39Z" user="mapper999" uid="165061" lat="49.0114090" lon="8.4368043"/>
 <node id="6498802496" visible="true" version="1" changeset="70600445" timestamp="2019-05-24T22:02:39Z" user="mapper999" uid="165061" lat="49.0114069" lon="8.4367617"/>
 <node id="6498802497" visible="true" version="1" changeset="70600445" timestamp="2019-05-24T22:02:39Z" user="mapper999" uid="165061" lat="49.0114209" lon="8.4370511"/>
 <node id="6498802498" visible="true" version="1" changeset="70600445" timestamp="2019-05-24T22:02:39Z" user="mapper999" uid="165061" lat="49.0114188" lon="8.4370076"/>
 <node id="6498802499" visible="true" version="1" changeset="70600445" timestamp="2019-05-24T22:02:39Z" user="mapper999" uid="165061" lat="49.0113643" lon="8.4369388"/>
 <node id="6498802500" visible="true" version="1" changeset="70600445" timestamp="2019-05-24T22:02:39Z" user="mapper999" uid="165061" lat="49.0113623" lon="8.4368951"/>
 <node id="6498802501" visible="true" version="1" changeset="70600445" timestamp="2019-05-24T22:02:39Z" user="mapper999" uid="165061" lat="49.0113602" lon="8.4368515"/>
 <node id="6498802502" visible="true" version="1" changeset="70600445" timestamp="2019-05-24T22:02:39Z" user="mapper999" uid="165061" lat="49.0113722" lon="8.4371081"/>
 <node id="6498802503" visible="true" version="1" changeset="70600445" timestamp="2019-05-24T22:02:39Z" user="mapper999" uid="165061" lat="49.0113702" lon="8.4370645"/>
 <node id="6498802504" visible="true" version="1" changeset="70600445" timestamp="2019-05-24T22:02:39Z" user="mapper999" uid="165061" lat="49.0114167" lon="8.4369641"/>
 <node id="6498802505" visible="true" version="1" changeset="70600445" timestamp="2019-05-24T22:02:39Z" user="mapper999" uid="165061" lat="49.0113664" lon="8.4369824"/>
 <node id="6498802506" visible="true" version="1" changeset="70600445" timestamp="2019-05-24T22:02:39Z" user="mapper999" uid="165061" lat="49.0114152" lon="8.4369320"/>
 <node id="6498802507" visible="true" version="1" changeset="70600445" timestamp="2019-05-24T22:02:39Z" user="mapper999" uid="165061" lat="49.0113682" lon="8.4370209"/>
 <node id="6498802508" visible="true" version="1" changeset="70600445" timestamp="2019-05-24T22:02:39Z" user="mapper999" uid="165061" lat="49.0114230" lon="8.4370946"/>
 <node id="6498802509" visible="true" version="1" changeset="70600445" timestamp="2019-05-24T22:02:39Z" user="mapper999" uid="165061" lat="49.0113765" lon="8.4371996"/>
 <node id="6498802510" visible="true" version="1" changeset="70600445" timestamp="2019-05-24T22:02:39Z" user="mapper999" uid="165061" lat="49.0113743" lon="8.4371516"/>
 <node id="6498802534" visible="true" version="1" changeset="70600445" timestamp="2019-05-24T22:02:40Z" user="mapper999" uid="165061" lat="49.0113512" lon="8.4349115"/>
 <node id="6498802536" visible="true" version="1" changeset="70600445" timestamp="2019-05-24T22:02:40Z" user="mapper999" uid="165061" lat="49.0112627" lon="8.4349620"/>
 <node id="6498802546" visible="true" version="1" changeset="70600445" timestamp="2019-05-24T22:02:40Z" user="mapper999" uid="165061" lat="49.0110045" lon="8.4383006"/>
 <node id="6498802572" visible="true" version="1" changeset="70600445" timestamp="2019-05-24T22:02:42Z" user="mapper999" uid="165061" lat="49.0111704" lon="8.4379681"/>
 <node id="6498802573" visible="true" version="1" changeset="70600445" timestamp="2019-05-24T22:02:42Z" user="mapper999" uid="165061" lat="49.0111979" lon="8.4379659"/>
 <node id="6498802574" visible="true" version="1" changeset="70600445" timestamp="2019-05-24T22:02:42Z" user="mapper999" uid="165061" lat="49.0114116" lon="8.4373894">
  <tag k="man_made" v="street_cabinet"/>
  <tag k="operator" v="Deutsche Post AG"/>
  <tag k="street_cabinet" v="postal_service"/>
 </node>
 <node id="6515065874" visible="true" version="2" changeset="83837144" timestamp="2020-04-20T18:18:02Z" user="mapper999" uid="165061" lat="49.0112511" lon="8.4372075"/>
 <node id="6515065875" visible="true" version="2" changeset="83837144" timestamp="2020-04-20T18:18:02Z" user="mapper999" uid="165061" lat="49.0112540" lon="8.4372792"/>
 <node id="6515065876" visible="true" version="2" changeset="83837144" timestamp="2020-04-20T18:18:02Z" user="mapper999" uid="165061" lat="49.0112285" lon="8.4372096"/>
 <node id="6515065877" visible="true" version="2" changeset="83837144" timestamp="2020-04-20T18:18:02Z" user="mapper999" uid="165061" lat="49.0112314" lon="8.4372813"/>
 <node id="6515065878" visible="true" version="2" changeset="83837144" timestamp="2020-04-20T18:18:02Z" user="mapper999" uid="165061" lat="49.0112060" lon="8.4372117"/>
 <node id="6515065879" visible="true" version="2" changeset="83837144" timestamp="2020-04-20T18:18:02Z" user="mapper999" uid="165061" lat="49.0112089" lon="8.4372834"/>
 <node id="6515065880" visible="true" version="2" changeset="83837144" timestamp="2020-04-20T18:18:02Z" user="mapper999" uid="165061" lat="49.0111834" lon="8.4372137"/>
 <node id="6515065881" visible="true" version="2" changeset="83837144" timestamp="2020-04-20T18:18:02Z" user="mapper999" uid="165061" lat="49.0111863" lon="8.4372854"/>
 <node id="6515065882" visible="true" version="2" changeset="83837144" timestamp="2020-04-20T18:18:02Z" user="mapper999" uid="165061" lat="49.0111608" lon="8.4372158"/>
 <node id="6515065883" visible="true" version="2" changeset="83837144" timestamp="2020-04-20T18:18:02Z" user="mapper999" uid="165061" lat="49.0111637" lon="8.4372875"/>
 <node id="6515065884" visible="true" version="2" changeset="83837144" timestamp="2020-04-20T18:18:02Z" user="mapper999" uid="165061" lat="49.0111382" lon="8.4372179"/>
 <node id="6515106985" visible="true" version="2" changeset="83837144" timestamp="2020-04-20T18:18:02Z" user="mapper999" uid="165061" lat="49.0111411" lon="8.4372896"/>
 <node id="6515106986" visible="true" version="2" changeset="83837144" timestamp="2020-04-20T18:18:02Z" user="mapper999" uid="165061" lat="49.0111156" lon="8.4372200"/>
 <node id="6515106987" visible="true" version="2" changeset="83837144" timestamp="2020-04-20T18:18:02Z" user="mapper999" uid="165061" lat="49.0111185" lon="8.4372917"/>
 <node id="6515106988" visible="true" version="2" changeset="83837144" timestamp="2020-04-20T18:18:02Z" user="mapper999" uid="165061" lat="49.0110931" lon="8.4372221"/>
 <node id="6515106989" visible="true" version="2" changeset="83837144" timestamp="2020-04-20T18:18:02Z" user="mapper999" uid="165061" lat="49.0110960" lon="8.4372938"/>
 <node id="6515106990" visible="true" version="2" changeset="83837144" timestamp="2020-04-20T18:18:02Z" user="mapper999" uid="165061" lat="49.0110705" lon="8.4372242"/>
 <node id="6515106991" visible="true" version="2" changeset="83837144" timestamp="2020-04-20T18:18:02Z" user="mapper999" uid="165061" lat="49.0110734" lon="8.4372959"/>
 <node id="6515106992" visible="true" version="2" changeset="83837144" timestamp="2020-04-20T18:18:02Z" user="mapper999" uid="165061" lat="49.0110479" lon="8.4372263"/>
 <node id="6515106993" visible="true" version="2" changeset="83837144" timestamp="2020-04-20T18:18:02Z" user="mapper999" uid="165061" lat="49.0110508" lon="8.4372980"/>
 <node id="6515106994" visible="true" version="2" changeset="83837144" timestamp="2020-04-20T18:18:02Z" user="mapper999" uid="165061" lat="49.0110253" lon="8.4372284"/>
 <node id="6515106995" visible="true" version="2" changeset="83837144" timestamp="2020-04-20T18:18:02Z" user="mapper999" uid="165061" lat="49.0110282" lon="8.4373001"/>
 <node id="6515106996" visible="true" version="2" changeset="83837144" timestamp="2020-04-20T18:18:02Z" user="mapper999" uid="165061" lat="49.0110027" lon="8.4372304"/>
 <node id="6515106997" visible="true" version="2" changeset="83837144" timestamp="2020-04-20T18:18:02Z" user="mapper999" uid="165061" lat="49.0110056" lon="8.4373021"/>
 <node id="6515106998" visible="true" version="2" changeset="83837144" timestamp="2020-04-20T18:18:02Z" user="mapper999" uid="165061" lat="49.0109802" lon="8.4372325"/>
 <node id="6515106999" visible="true" version="2" changeset="83837144" timestamp="2020-04-20T18:18:02Z" user="mapper999" uid="165061" lat="49.0109831" lon="8.4373042"/>
 <node id="6515107000" visible="true" version="2" changeset="83837144" timestamp="2020-04-20T18:18:02Z" user="mapper999" uid="165061" lat="49.0109576" lon="8.4372346"/>
 <node id="6515107001" visible="true" version="2" changeset="83837144" timestamp="2020-04-20T18:18:02Z" user="mapper999" uid="165061" lat="49.0109605" lon="8.4373063"/>
 <node id="6515107002" visible="true" version="2" changeset="83837144" timestamp="2020-04-20T18:18:02Z" user="mapper999" uid="165061" lat="49.0109350" lon="8.4372367"/>
 <node id="6515107003" visible="true" version="2" changeset="83837144" timestamp="2020-04-20T18:18:02Z" user="mapper999" uid="165061" lat="49.0109379" lon="8.4373084"/>
 <node id="6515107004" visible="true" version="2" changeset="83837144" timestamp="2020-04-20T18:18:02Z" user="mapper999" uid="165061" lat="49.0109124" lon="8.4372388"/>
 <node id="6515107005" visible="true" version="2" changeset="83837144" timestamp="2020-04-20T18:18:02Z" user="mapper999" uid="165061" lat="49.0109153" lon="8.4373105"/>
 <node id="6515107006" visible="true" version="2" changeset="83837144" timestamp="2020-04-20T18:18:02Z" user="mapper999" uid="165061" lat="49.0108898" lon="8.4372409"/>
 <node id="6515107007" visible="true" version="2" changeset="83837144" timestamp="2020-04-20T18:18:02Z" user="mapper999" uid="165061" lat="49.0108927" lon="8.4373126"/>
 <node id="6515107008" visible="true" version="2" changeset="83837144" timestamp="2020-04-20T18:18:02Z" user="mapper999" uid="165061" lat="49.0108673" lon="8.4372430"/>
 <node id="6515107009" visible="true" version="2" changeset="83837144" timestamp="2020-04-20T18:18:02Z" user="mapper999" uid="165061" lat="49.0108702" lon="8.4373147"/>
 <node id="6515107010" visible="true" version="2" changeset="83837144" timestamp="2020-04-20T18:18:02Z" user="mapper999" uid="165061" lat="49.0108447" lon="8.4372451"/>
 <node id="6515107011" visible="true" version="2" changeset="83837144" timestamp="2020-04-20T18:18:02Z" user="mapper999" uid="165061" lat="49.0108476" lon="8.4373168"/>
 <node id="6515107012" visible="true" version="2" changeset="83837144" timestamp="2020-04-20T18:18:02Z" user="mapper999" uid="165061" lat="49.0108221" lon="8.4372471"/>
 <node id="6515107013" visible="true" version="2" changeset="83837144" timestamp="2020-04-20T18:18:02Z" user="mapper999" uid="165061" lat="49.0108250" lon="8.4373188"/>
 <node id="6515107014" visible="true" version="2" changeset="83837144" timestamp="2020-04-20T18:18:02Z" user="mapper999" uid="165061" lat="49.0107995" lon="8.4372492"/>
 <node id="6515107015" visible="true" version="2" changeset="83837144" timestamp="2020-04-20T18:18:02Z" user="mapper999" uid="165061" lat="49.0108024" lon="8.4373209"/>
 <node id="6515107016" visible="true" version="2" changeset="83837144" timestamp="2020-04-20T18:18:02Z" user="mapper999" uid="165061" lat="49.0107769" lon="8.4372513"/>
 <node id="6515107017" visible="true" version="2" changeset="83837144" timestamp="2020-04-20T18:18:02Z" user="mapper999" uid="165061" lat="49.0107798" lon="8.4373230"/>
 <node id="6515107018" visible="true" version="2" changeset="83837144" timestamp="2020-04-20T18:18:02Z" user="mapper999" uid="165061" lat="49.0107544" lon="8.4372534"/>
 <node id="6515107019" visible="true" version="2" changeset="83837144" timestamp="2020-04-20T18:18:02Z" user="mapper999" uid="165061" lat="49.0107573" lon="8.4373251"/>
 <node id="6515107060" visible="true" version="1" changeset="70835993" timestamp="2019-06-01T13:47:50Z" user="mapper999" uid="165061" lat="49.0112366" lon="8.4365587"/>
 <node id="6515107064" visible="true" version="1" changeset="70835993" timestamp="2019-06-01T13:47:50Z" user="mapper999" uid="165061" lat="49.0109355" lon="8.4368991"/>
 <node id="6515107065" visible="true" version="1" changeset="70835993" timestamp="2019-06-01T13:47:50Z" user="mapper999" uid="165061" lat="49.0109329" lon="8.4368303"/>
 <node id="6515107066" visible="true" version="1" changeset="70835993" timestamp="2019-06-01T13:47:50Z" user="mapper999" uid="165061" lat="49.0109581" lon="8.4368971"/>
 <node id="6515107067" visible="true" version="1" changeset="70835993" timestamp="2019-06-01T13:47:50Z" user="mapper999" uid="165061" lat="49.0109554" lon="8.4368282"/>
 <node id="6515107068" visible="true" version="1" changeset="70835993" timestamp="2019-06-01T13:47:50Z" user="mapper999" uid="165061" lat="49.0109807" lon="8.4368951"/>
 <node id="6515107069" visible="true" version="1" changeset="70835993" timestamp="2019-06-01T13:47:50Z" user="mapper999" uid="165061" lat="49.0109780" lon="8.4368261"/>
 <node id="6515107070" visible="true" version="1" changeset="70835993" timestamp="2019-06-01T13:47:50Z" user="mapper999" uid="165061" lat="49.0110033" lon="8.4368930"/>
 <node id="6515107071" visible="true" version="1" changeset="70835993" timestamp="2019-06-01T13:47:50Z" user="mapper999" uid="165061" lat="49.0110006" lon="8.4368241"/>
 <node id="6515107072" visible="true" version="1" changeset="70835993" timestamp="2019-06-01T13:47:50Z" user="mapper999" uid="165061" lat="49.0110258" lon="8.4368910"/>
 <node id="6515107073" visible="true" version="1" changeset="70835993" timestamp="2019-06-01T13:47:50Z" user="mapper999" uid="165061" lat="49.0110231" lon="8.4368220"/>
 <node id="6515107074" visible="true" version="1" changeset="70835993" timestamp="2019-06-01T13:47:50Z" user="mapper999" uid="165061" lat="49.0110484" lon="8.4368890"/>
 <node id="6515107075" visible="true" version="1" changeset="70835993" timestamp="2019-06-01T13:47:50Z" user="mapper999" uid="165061" lat="49.0110457" lon="8.4368199"/>
 <node id="6515107076" visible="true" version="1" changeset="70835993" timestamp="2019-06-01T13:47:50Z" user="mapper999" uid="165061" lat="49.0110710" lon="8.4368869"/>
 <node id="6515107077" visible="true" version="1" changeset="70835993" timestamp="2019-06-01T13:47:50Z" user="mapper999" uid="165061" lat="49.0110683" lon="8.4368178"/>
 <node id="6515107078" visible="true" version="1" changeset="70835993" timestamp="2019-06-01T13:47:50Z" user="mapper999" uid="165061" lat="49.0110935" lon="8.4368849"/>
 <node id="6515107079" visible="true" version="1" changeset="70835993" timestamp="2019-06-01T13:47:50Z" user="mapper999" uid="165061" lat="49.0110909" lon="8.4368157"/>
 <node id="6515107080" visible="true" version="1" changeset="70835993" timestamp="2019-06-01T13:47:50Z" user="mapper999" uid="165061" lat="49.0111161" lon="8.4368829"/>
 <node id="6515107081" visible="true" version="1" changeset="70835993" timestamp="2019-06-01T13:47:50Z" user="mapper999" uid="165061" lat="49.0111134" lon="8.4368136"/>
 <node id="6515107082" visible="true" version="1" changeset="70835993" timestamp="2019-06-01T13:47:50Z" user="mapper999" uid="165061" lat="49.0111387" lon="8.4368808"/>
 <node id="6515107083" visible="true" version="1" changeset="70835993" timestamp="2019-06-01T13:47:50Z" user="mapper999" uid="165061" lat="49.0111360" lon="8.4368116"/>
 <node id="6515107084" visible="true" version="1" changeset="70835993" timestamp="2019-06-01T13:47:50Z" user="mapper999" uid="165061" lat="49.0111613" lon="8.4368788"/>
 <node id="6515107085" visible="true" version="1" changeset="70835993" timestamp="2019-06-01T13:47:50Z" user="mapper999" uid="165061" lat="49.0111586" lon="8.4368095"/>
 <node id="6515107111" visible="true" version="1" changeset="70835993" timestamp="2019-06-01T13:47:50Z" user="mapper999" uid="165061" lat="49.0111811" lon="8.4368074"/>
 <node id="6515107112" visible="true" version="1" changeset="70835993" timestamp="2019-06-01T13:47:50Z" user="mapper999" uid="165061" lat="49.0111838" lon="8.4368768"/>
 <node id="6515107113" visible="true" version="1" changeset="70835993" timestamp="2019-06-01T13:47:50Z" user="mapper999" uid="165061" lat="49.0109130" lon="8.4369012"/>
 <node id="6515107114" visible="true" version="3" changeset="182127660" timestamp="2026-05-02T18:03:59Z" user="JustFelicia" uid="23891092" lat="49.0117786" lon="8.4387509">
  <tag k="camera:direction" v="245"/>
  <tag k="camera:mount" v="pole"/>
  <tag k="camera:type" v="fixed"/>
  <tag k="check_date" v="2026-05-02"/>
  <tag k="description" v="Teil des Testfelds Autonomes Fahren"/>
  <tag k="man_made" v="surveillance"/>
  <tag k="operator" v="FZI Forschungszentrum Informatik am Karlsruher Institut für Technologie"/>
  <tag k="start_date" v="2019"/>
  <tag k="surveillance" v="public"/>
  <tag k="surveillance:type" v="camera"/>
  <tag k="surveillance:zone" v="traffic"/>
 </node>
 <node id="6515107115" visible="true" version="4" changeset="182127660" timestamp="2026-05-02T18:04:04Z" user="JustFelicia" uid="23891092" lat="49.0117777" lon="8.4387548">
  <tag k="camera:direction" v="210"/>
  <tag k="camera:mount" v="pole"/>
  <tag k="camera:type" v="fixed"/>
  <tag k="check_date" v="2026-05-02"/>
  <tag k="description" v="Teil des Testfelds Autonomes Fahren"/>
  <tag k="light:direction" v="95;215;335"/>
  <tag k="man_made" v="surveillance"/>
  <tag k="operator" v="FZI Forschungszentrum Informatik am Karlsruher Institut für Technologie"/>
  <tag k="start_date" v="2019"/>
  <tag k="surveillance" v="public"/>
  <tag k="surveillance:type" v="camera"/>
  <tag k="surveillance:zone" v="traffic"/>
 </node>
 <node id="6597636286" visible="true" version="1" changeset="72031825" timestamp="2019-07-08T22:33:16Z" user="mapper999" uid="165061" lat="49.0211318" lon="8.4464854"/>
 <node id="6597636287" visible="true" version="2" changeset="165057874" timestamp="2025-04-17T07:42:32Z" user="Scout Jens" uid="12466125" lat="49.0213652" lon="8.4458909"/>
 <node id="6597636288" visible="true" version="1" changeset="72031825" timestamp="2019-07-08T22:33:16Z" user="mapper999" uid="165061" lat="49.0209717" lon="8.4468877"/>
 <node id="6779941210" visible="true" version="3" changeset="156169847" timestamp="2024-09-04T06:12:54Z" user="Scout Jens" uid="12466125" lat="49.0139403" lon="8.4385181"/>
 <node id="6779941217" visible="true" version="2" changeset="182127660" timestamp="2026-05-02T17:26:45Z" user="JustFelicia" uid="23891092" lat="49.0122699" lon="8.4391174">
  <tag k="amenity" v="waste_basket"/>
  <tag k="check_date" v="2026-05-02"/>
  <tag k="waste" v="trash"/>
 </node>
 <node id="6779941218" visible="true" version="2" changeset="179313485" timestamp="2026-03-03T17:17:16Z" user="JustFelicia" uid="23891092" lat="49.0122844" lon="8.4391048">
  <tag k="amenity" v="bench"/>
  <tag k="backrest" v="yes"/>
 </node>
 <node id="6779941219" visible="true" version="2" changeset="179313485" timestamp="2026-03-03T17:17:20Z" user="JustFelicia" uid="23891092" lat="49.0122554" lon="8.4391299">
  <tag k="amenity" v="bench"/>
  <tag k="backrest" v="yes"/>
 </node>
 <node id="6847507043" visible="true" version="2" changeset="83837144" timestamp="2020-04-20T18:18:02Z" user="mapper999" uid="165061" lat="49.0108561" lon="8.4371644"/>
 <node id="6847507044" visible="true" version="3" changeset="83837144" timestamp="2020-04-20T18:18:02Z" user="mapper999" uid="165061" lat="49.0108504" lon="8.4370252"/>
 <node id="6847507045" visible="true" version="3" changeset="83837144" timestamp="2020-04-20T18:18:02Z" user="mapper999" uid="165061" lat="49.0108030" lon="8.4370297"/>
 <node id="6847507046" visible="true" version="6" changeset="158557666" timestamp="2024-10-30T20:08:14Z" user="B-Rabbit" uid="952926" lat="49.0108272" lon="8.4370099">
  <tag k="amenity" v="parcel_locker"/>
  <tag k="brand" v="DHL Packstation"/>
  <tag k="brand:wikidata" v="Q1766703"/>
  <tag k="opening_hours" v="24/7"/>
  <tag k="operator" v="DHL"/>
  <tag k="operator:wikidata" v="Q489815"/>
  <tag k="parcel_locker:type" v="cabinet"/>
  <tag k="parcel_mail_in" v="yes"/>
  <tag k="parcel_pickup" v="yes"/>
  <tag k="postal_code" v="76131"/>
  <tag k="ref" v="150"/>
  <tag k="start_date" v="2019-09"/>
  <tag k="website" v="https://www.packstation.de/"/>
 </node>
 <node id="7006579861" visible="true" version="2" changeset="155298577" timestamp="2024-08-15T19:24:24Z" user="rbpca" uid="16188450" lat="49.0113261" lon="8.4382163">
  <tag k="access" v="customers"/>
  <tag k="amenity" v="vending_machine"/>
  <tag k="check_date" v="2024-08-15"/>
  <tag k="customers" v="anatolia Pizza &amp; Kebap Haus"/>
  <tag k="indoor" v="yes"/>
  <tag k="level" v="0"/>
  <tag k="opening_hours" v="Mo-Fr 10:00-21:30; Sa-Su,PH 12:00-21:30"/>
  <tag k="operator" v="tobaccoland Automatengesellschaft mbH &amp; Co. KG"/>
  <tag k="payment:coins" v="50c;1€;2€"/>
  <tag k="payment:ep_geldkarte" v="yes"/>
  <tag k="payment:girocard" v="yes"/>
  <tag k="payment:notes" v="5€;10€"/>
  <tag k="ref" v="493936"/>
  <tag k="vending" v="cigarettes"/>
 </node>
 <node id="7006579862" visible="true" version="1" changeset="77489581" timestamp="2019-11-24T18:31:21Z" user="mapper999" uid="165061" lat="49.0113681" lon="8.4382207"/>
 <node id="7006579863" visible="true" version="1" changeset="77489581" timestamp="2019-11-24T18:31:21Z" user="mapper999" uid="165061" lat="49.0113905" lon="8.4380719"/>
 <node id="7040704475" visible="true" version="1" changeset="78092563" timestamp="2019-12-07T17:53:57Z" user="mapper999" uid="165061" lat="49.0138027" lon="8.4371238"/>
 <node id="7058463193" visible="true" version="2" changeset="112763380" timestamp="2021-10-20T21:07:02Z" user="Pamalosebi" uid="14321673" lat="49.0116472" lon="8.4400236"/>
 <node id="7058463194" visible="true" version="2" changeset="112763380" timestamp="2021-10-20T21:07:02Z" user="Pamalosebi" uid="14321673" lat="49.0116470" lon="8.4400505"/>
 <node id="7058463195" visible="true" version="2" changeset="112763380" timestamp="2021-10-20T21:07:02Z" user="Pamalosebi" uid="14321673" lat="49.0116419" lon="8.4404056"/>
 <node id="7058463196" visible="true" version="2" changeset="112763380" timestamp="2021-10-20T21:07:02Z" user="Pamalosebi" uid="14321673" lat="49.0116321" lon="8.4404081"/>
 <node id="7058463197" visible="true" version="2" changeset="112763380" timestamp="2021-10-20T21:07:02Z" user="Pamalosebi" uid="14321673" lat="49.0116372" lon="8.4400477"/>
 <node id="7058463198" visible="true" version="2" changeset="112763380" timestamp="2021-10-20T21:07:02Z" user="Pamalosebi" uid="14321673" lat="49.0116375" lon="8.4400252"/>
 <node id="7058463199" visible="true" version="1" changeset="78437250" timestamp="2019-12-15T18:35:25Z" user="mapper999" uid="165061" lat="49.0115992" lon="8.4397008"/>
 <node id="7058463200" visible="true" version="1" changeset="78437250" timestamp="2019-12-15T18:35:25Z" user="mapper999" uid="165061" lat="49.0116025" lon="8.4396971"/>
 <node id="7058463201" visible="true" version="1" changeset="78437250" timestamp="2019-12-15T18:35:25Z" user="mapper999" uid="165061" lat="49.0116575" lon="8.4397008"/>
 <node id="7058463202" visible="true" version="2" changeset="112763380" timestamp="2021-10-20T21:07:02Z" user="Pamalosebi" uid="14321673" lat="49.0116506" lon="8.4397872"/>
 <node id="7058463203" visible="true" version="2" changeset="112763380" timestamp="2021-10-20T21:07:02Z" user="Pamalosebi" uid="14321673" lat="49.0116939" lon="8.4397887"/>
 <node id="7058463206" visible="true" version="2" changeset="112763380" timestamp="2021-10-20T21:07:02Z" user="Pamalosebi" uid="14321673" lat="49.0116417" lon="8.4397314"/>
 <node id="7058463207" visible="true" version="2" changeset="112763380" timestamp="2021-10-20T21:07:02Z" user="Pamalosebi" uid="14321673" lat="49.0115988" lon="8.4397300"/>
 <node id="7058463208" visible="true" version="2" changeset="112763380" timestamp="2021-10-20T21:07:02Z" user="Pamalosebi" uid="14321673" lat="49.0116841" lon="8.4404276"/>
 <node id="7058463209" visible="true" version="2" changeset="112763380" timestamp="2021-10-20T21:07:02Z" user="Pamalosebi" uid="14321673" lat="49.0115891" lon="8.4404244"/>
 <node id="7058463210" visible="true" version="2" changeset="112763380" timestamp="2021-10-20T21:07:02Z" user="Pamalosebi" uid="14321673" lat="49.0115894" lon="8.4404067"/>
 <node id="7058463211" visible="true" version="2" changeset="112763380" timestamp="2021-10-20T21:07:02Z" user="Pamalosebi" uid="14321673" lat="49.0116844" lon="8.4404070"/>
 <node id="7058463212" visible="true" version="2" changeset="112763380" timestamp="2021-10-20T21:07:02Z" user="Pamalosebi" uid="14321673" lat="49.0116905" lon="8.4400251"/>
 <node id="7058463213" visible="true" version="2" changeset="112763380" timestamp="2021-10-20T21:07:02Z" user="Pamalosebi" uid="14321673" lat="49.0116901" lon="8.4400520"/>
 <node id="7058463214" visible="true" version="2" changeset="112763380" timestamp="2021-10-20T21:07:02Z" user="Pamalosebi" uid="14321673" lat="49.0115943" lon="8.4400463"/>
 <node id="7058463215" visible="true" version="2" changeset="112763380" timestamp="2021-10-20T21:07:02Z" user="Pamalosebi" uid="14321673" lat="49.0115947" lon="8.4400238"/>
 <node id="7094967216" visible="true" version="1" changeset="79001857" timestamp="2019-12-30T06:33:23Z" user="ErraticThunder" uid="10170574" lat="49.0112329" lon="8.4286624"/>
 <node id="7126700916" visible="true" version="1" changeset="79485372" timestamp="2020-01-12T19:29:15Z" user="mapper999" uid="165061" lat="49.0123959" lon="8.4399106">
  <tag k="denomination" v="roman_catholic"/>
  <tag k="flag:type" v="religious"/>
  <tag k="height" v="6"/>
  <tag k="man_made" v="flagpole"/>
  <tag k="operator" v="Katholische Kirchengemeinde St. Martin"/>
  <tag k="operator:type" v="religious"/>
  <tag k="religion" v="christian"/>
 </node>
 <node id="7126700924" visible="true" version="2" changeset="135330496" timestamp="2023-04-25T07:39:55Z" user="Scout Jens" uid="12466125" lat="49.0141204" lon="8.4411347"/>
 <node id="7179666141" visible="true" version="1" changeset="80444891" timestamp="2020-02-02T19:41:38Z" user="mapper999" uid="165061" lat="49.0111576" lon="8.4393132">
  <tag k="emergency" v="fire_hydrant"/>
  <tag k="fire_hydrant:diameter" v="150"/>
  <tag k="fire_hydrant:position" v="sidewalk"/>
  <tag k="fire_hydrant:type" v="underground"/>
  <tag k="operator" v="Stadtwerke Karlsruhe GmbH"/>
  <tag k="ref" v="5642"/>
  <tag k="water_source" v="main"/>
 </node>
 <node id="7214939588" visible="true" version="3" changeset="103128585" timestamp="2021-04-18T09:04:49Z" user="mapper999" uid="165061" lat="49.0142681" lon="8.4421076"/>
 <node id="7214939589" visible="true" version="3" changeset="103128585" timestamp="2021-04-18T09:04:49Z" user="mapper999" uid="165061" lat="49.0142353" lon="8.4420725"/>
 <node id="7214939594" visible="true" version="3" changeset="129704733" timestamp="2022-12-04T13:27:09Z" user="mapper999" uid="165061" lat="49.0144396" lon="8.4422806"/>
 <node id="7214939595" visible="true" version="3" changeset="103128585" timestamp="2021-04-18T09:04:49Z" user="mapper999" uid="165061" lat="49.0143343" lon="8.4421783"/>
 <node id="7214939606" visible="true" version="1" changeset="81055282" timestamp="2020-02-15T21:19:34Z" user="mapper999" uid="165061" lat="49.0126623" lon="8.4403221"/>
 <node id="7214939610" visible="true" version="1" changeset="81055282" timestamp="2020-02-15T21:19:34Z" user="mapper999" uid="165061" lat="49.0120885" lon="8.4393873">
  <tag k="man_made" v="street_cabinet"/>
  <tag k="model" v="KVz 83"/>
  <tag k="street_cabinet" v="telecom"/>
 </node>
 <node id="7214939611" visible="true" version="1" changeset="81055282" timestamp="2020-02-15T21:19:34Z" user="mapper999" uid="165061" lat="49.0121324" lon="8.4392192">
  <tag k="fixme" v="continue"/>
 </node>
 <node id="7426768983" visible="true" version="1" changeset="83837144" timestamp="2020-04-20T18:18:02Z" user="mapper999" uid="165061" lat="49.0109310" lon="8.4370665">
  <tag k="denotation" v="urban"/>
  <tag k="height" v="4"/>
  <tag k="leaf_cycle" v="deciduous"/>
  <tag k="leaf_type" v="broadleaved"/>
  <tag k="natural" v="tree"/>
 </node>
 <node id="7426790485" visible="true" version="1" changeset="83837144" timestamp="2020-04-20T18:18:02Z" user="mapper999" uid="165061" lat="49.0110217" lon="8.4370582">
  <tag k="denotation" v="urban"/>
  <tag k="height" v="4"/>
  <tag k="leaf_cycle" v="deciduous"/>
  <tag k="leaf_type" v="broadleaved"/>
  <tag k="natural" v="tree"/>
 </node>
 <node id="7426790488" visible="true" version="1" changeset="83837144" timestamp="2020-04-20T18:18:02Z" user="mapper999" uid="165061" lat="49.0110891" lon="8.4370519">
  <tag k="denotation" v="urban"/>
  <tag k="height" v="4"/>
  <tag k="leaf_cycle" v="deciduous"/>
  <tag k="leaf_type" v="broadleaved"/>
  <tag k="natural" v="tree"/>
 </node>
 <node id="7426790489" visible="true" version="1" changeset="83837144" timestamp="2020-04-20T18:18:02Z" user="mapper999" uid="165061" lat="49.0111678" lon="8.4370447">
  <tag k="denotation" v="urban"/>
  <tag k="height" v="4"/>
  <tag k="leaf_cycle" v="deciduous"/>
  <tag k="leaf_type" v="broadleaved"/>
  <tag k="natural" v="tree"/>
 </node>
 <node id="7426790491" visible="true" version="1" changeset="83837144" timestamp="2020-04-20T18:18:02Z" user="mapper999" uid="165061" lat="49.0106207" lon="8.4371167"/>
 <node id="7426790492" visible="true" version="1" changeset="83837144" timestamp="2020-04-20T18:18:02Z" user="mapper999" uid="165061" lat="49.0106634" lon="8.4371127"/>
 <node id="7426790493" visible="true" version="1" changeset="83837144" timestamp="2020-04-20T18:18:02Z" user="mapper999" uid="165061" lat="49.0106406" lon="8.4371148"/>
 <node id="7426790494" visible="true" version="1" changeset="83837144" timestamp="2020-04-20T18:18:02Z" user="mapper999" uid="165061" lat="49.0106236" lon="8.4371889"/>
 <node id="7426790495" visible="true" version="1" changeset="83837144" timestamp="2020-04-20T18:18:02Z" user="mapper999" uid="165061" lat="49.0106664" lon="8.4371847"/>
 <node id="7426790502" visible="true" version="1" changeset="83837144" timestamp="2020-04-20T18:18:02Z" user="mapper999" uid="165061" lat="49.0107799" lon="8.4367453"/>
 <node id="7426790503" visible="true" version="1" changeset="83837144" timestamp="2020-04-20T18:18:02Z" user="mapper999" uid="165061" lat="49.0107690" lon="8.4364821"/>
 <node id="7426790505" visible="true" version="1" changeset="83837144" timestamp="2020-04-20T18:18:02Z" user="mapper999" uid="165061" lat="49.0105780" lon="8.4371208"/>
 <node id="7426790506" visible="true" version="1" changeset="83837144" timestamp="2020-04-20T18:18:02Z" user="mapper999" uid="165061" lat="49.0107918" lon="8.4367547"/>
 <node id="7508594243" visible="true" version="1" changeset="85043861" timestamp="2020-05-11T20:07:10Z" user="mapper999" uid="165061" lat="49.0139315" lon="8.4417526"/>
 <node id="7683761835" visible="true" version="1" changeset="87541418" timestamp="2020-07-04T21:07:32Z" user="mapper999" uid="165061" lat="49.0134455" lon="8.4474108"/>
 <node id="7683761836" visible="true" version="2" changeset="117638504" timestamp="2022-02-20T13:27:49Z" user="mapper999" uid="165061" lat="49.0136465" lon="8.4475925"/>
 <node id="7683761837" visible="true" version="1" changeset="87541418" timestamp="2020-07-04T21:07:32Z" user="mapper999" uid="165061" lat="49.0135308" lon="8.4471922"/>
 <node id="7683761838" visible="true" version="2" changeset="117638504" timestamp="2022-02-20T13:27:49Z" user="mapper999" uid="165061" lat="49.0140050" lon="8.4474885"/>
 <node id="7683761839" visible="true" version="2" changeset="117638504" timestamp="2022-02-20T13:27:49Z" user="mapper999" uid="165061" lat="49.0137943" lon="8.4472264"/>
 <node id="7683761840" visible="true" version="2" changeset="117638504" timestamp="2022-02-20T13:27:49Z" user="mapper999" uid="165061" lat="49.0155911" lon="8.4484260"/>
 <node id="7834237073" visible="true" version="3" changeset="134132506" timestamp="2023-03-26T11:29:02Z" user="mapper999" uid="165061" lat="49.0180437" lon="8.4411481"/>
 <node id="7835862246" visible="true" version="1" changeset="89792207" timestamp="2020-08-22T20:33:03Z" user="mapper999" uid="165061" lat="49.0140207" lon="8.4374816"/>
 <node id="7835862257" visible="true" version="1" changeset="89792207" timestamp="2020-08-22T20:33:03Z" user="mapper999" uid="165061" lat="49.0126237" lon="8.4380862"/>
 <node id="9139003542" visible="true" version="1" changeset="111984010" timestamp="2021-10-01T22:26:59Z" user="mapper999" uid="165061" lat="49.0178521" lon="8.4406885"/>
 <node id="9139003557" visible="true" version="3" changeset="181426933" timestamp="2026-04-16T18:21:22Z" user="John_mapper" uid="10048267" lat="49.0172120" lon="8.4395192"/>
 <node id="9139003560" visible="true" version="2" changeset="134132506" timestamp="2023-03-26T11:29:02Z" user="mapper999" uid="165061" lat="49.0175242" lon="8.4400732"/>
 <node id="9139003616" visible="true" version="1" changeset="111984010" timestamp="2021-10-01T22:26:59Z" user="mapper999" uid="165061" lat="49.0152861" lon="8.4375379"/>
 <node id="9139003639" visible="true" version="1" changeset="111984010" timestamp="2021-10-01T22:26:59Z" user="mapper999" uid="165061" lat="49.0161426" lon="8.4374569"/>
 <node id="9139003640" visible="true" version="1" changeset="111984010" timestamp="2021-10-01T22:26:59Z" user="mapper999" uid="165061" lat="49.0165196" lon="8.4382259"/>
 <node id="9139003646" visible="true" version="1" changeset="111984010" timestamp="2021-10-01T22:26:59Z" user="mapper999" uid="165061" lat="49.0164787" lon="8.4381409"/>
 <node id="9139003693" visible="true" version="2" changeset="134132506" timestamp="2023-03-26T11:29:02Z" user="mapper999" uid="165061" lat="49.0171799" lon="8.4394645"/>
 <node id="9139003694" visible="true" version="1" changeset="111984010" timestamp="2021-10-01T22:26:59Z" user="mapper999" uid="165061" lat="49.0169528" lon="8.4390574"/>
 <node id="9139003705" visible="true" version="1" changeset="111984010" timestamp="2021-10-01T22:26:59Z" user="mapper999" uid="165061" lat="49.0169253" lon="8.4390089"/>
 <node id="9139003706" visible="true" version="2" changeset="184087956" timestamp="2026-06-14T10:20:35Z" user="mapper999" uid="165061" lat="49.0168390" lon="8.4388675"/>
 <node id="9139003712" visible="true" version="2" changeset="184087956" timestamp="2026-06-14T10:20:35Z" user="mapper999" uid="165061" lat="49.0168244" lon="8.4388398"/>
 <node id="9139003713" visible="true" version="1" changeset="111984010" timestamp="2021-10-01T22:26:59Z" user="mapper999" uid="165061" lat="49.0164886" lon="8.4381618"/>
 <node id="9141330342" visible="true" version="1" changeset="112026536" timestamp="2021-10-03T09:44:50Z" user="mapper999" uid="165061" lat="49.0117394" lon="8.4382279">
  <tag k="fixme" v="check type, operator and ref"/>
  <tag k="man_made" v="street_cabinet"/>
 </node>
 <node id="9141330343" visible="true" version="1" changeset="112026536" timestamp="2021-10-03T09:44:50Z" user="mapper999" uid="165061" lat="49.0117270" lon="8.4387669">
  <tag k="cycleway" v="asl"/>
 </node>
 <node id="9141330344" visible="true" version="2" changeset="131338729" timestamp="2023-01-16T13:37:59Z" user="Scout Jens" uid="12466125" lat="49.0115913" lon="8.4387620"/>
 <node id="9141330345" visible="true" version="2" changeset="131338729" timestamp="2023-01-16T13:37:59Z" user="Scout Jens" uid="12466125" lat="49.0115872" lon="8.4387794"/>
 <node id="9141330347" visible="true" version="2" changeset="126630731" timestamp="2022-09-25T21:57:44Z" user="MitteloberrheinischerWaldameisenschreck" uid="5934860" lat="49.0114562" lon="8.4384710"/>
 <node id="9141330348" visible="true" version="1" changeset="112026536" timestamp="2021-10-03T09:44:50Z" user="mapper999" uid="165061" lat="49.0117094" lon="8.4383050"/>
 <node id="9141330349" visible="true" version="1" changeset="112026536" timestamp="2021-10-03T09:44:50Z" user="mapper999" uid="165061" lat="49.0116102" lon="8.4381139"/>
 <node id="9141330350" visible="true" version="1" changeset="112026536" timestamp="2021-10-03T09:44:50Z" user="mapper999" uid="165061" lat="49.0116311" lon="8.4379546"/>
 <node id="9141330351" visible="true" version="1" changeset="112026536" timestamp="2021-10-03T09:44:50Z" user="mapper999" uid="165061" lat="49.0116207" lon="8.4380328"/>
 <node id="9141330352" visible="true" version="1" changeset="112026536" timestamp="2021-10-03T09:44:50Z" user="mapper999" uid="165061" lat="49.0116159" lon="8.4379714"/>
 <node id="9141330353" visible="true" version="1" changeset="112026536" timestamp="2021-10-03T09:44:50Z" user="mapper999" uid="165061" lat="49.0116007" lon="8.4380358"/>
 <node id="9141330354" visible="true" version="1" changeset="112026536" timestamp="2021-10-03T09:44:50Z" user="mapper999" uid="165061" lat="49.0114835" lon="8.4381555"/>
 <node id="9141330355" visible="true" version="1" changeset="112026536" timestamp="2021-10-03T09:44:50Z" user="mapper999" uid="165061" lat="49.0114826" lon="8.4380495"/>
 <node id="9141330356" visible="true" version="1" changeset="112026536" timestamp="2021-10-03T09:44:50Z" user="mapper999" uid="165061" lat="49.0113846" lon="8.4384197"/>
 <node id="9141330357" visible="true" version="1" changeset="112026536" timestamp="2021-10-03T09:44:50Z" user="mapper999" uid="165061" lat="49.0114116" lon="8.4384163"/>
 <node id="9141330359" visible="true" version="2" changeset="131338729" timestamp="2023-01-16T13:37:59Z" user="Scout Jens" uid="12466125" lat="49.0114473" lon="8.4383902"/>
 <node id="9141330360" visible="true" version="2" changeset="131338729" timestamp="2023-01-16T13:37:59Z" user="Scout Jens" uid="12466125" lat="49.0115209" lon="8.4381392"/>
 <node id="9141330361" visible="true" version="2" changeset="131338729" timestamp="2023-01-16T13:37:59Z" user="Scout Jens" uid="12466125" lat="49.0115182" lon="8.4382266"/>
 <node id="9141330362" visible="true" version="2" changeset="131338729" timestamp="2023-01-16T13:37:59Z" user="Scout Jens" uid="12466125" lat="49.0115170" lon="8.4383125"/>
 <node id="9141330363" visible="true" version="2" changeset="131338729" timestamp="2023-01-16T13:37:59Z" user="Scout Jens" uid="12466125" lat="49.0115426" lon="8.4384702"/>
 <node id="9141330364" visible="true" version="2" changeset="131338729" timestamp="2023-01-16T13:37:59Z" user="Scout Jens" uid="12466125" lat="49.0115570" lon="8.4384684"/>
 <node id="9141330365" visible="true" version="2" changeset="131338729" timestamp="2023-01-16T13:37:59Z" user="Scout Jens" uid="12466125" lat="49.0116199" lon="8.4384201"/>
 <node id="9141330366" visible="true" version="2" changeset="131338729" timestamp="2023-01-16T13:37:59Z" user="Scout Jens" uid="12466125" lat="49.0116120" lon="8.4382530"/>
 <node id="9141330367" visible="true" version="2" changeset="131338729" timestamp="2023-01-16T13:37:59Z" user="Scout Jens" uid="12466125" lat="49.0117553" lon="8.4383203"/>
 <node id="9141330368" visible="true" version="2" changeset="131338729" timestamp="2023-01-16T13:37:59Z" user="Scout Jens" uid="12466125" lat="49.0117327" lon="8.4382809"/>
 <node id="9141347442" visible="true" version="1" changeset="112026536" timestamp="2021-10-03T09:44:50Z" user="mapper999" uid="165061" lat="49.0121666" lon="8.4396357"/>
 <node id="9141347443" visible="true" version="1" changeset="112026536" timestamp="2021-10-03T09:44:50Z" user="mapper999" uid="165061" lat="49.0118565" lon="8.4387932"/>
 <node id="9141347444" visible="true" version="1" changeset="112026536" timestamp="2021-10-03T09:44:50Z" user="mapper999" uid="165061" lat="49.0121163" lon="8.4397730"/>
 <node id="9141347448" visible="true" version="1" changeset="112026536" timestamp="2021-10-03T09:44:50Z" user="mapper999" uid="165061" lat="49.0125743" lon="8.4417212"/>
 <node id="9141347449" visible="true" version="1" changeset="112026536" timestamp="2021-10-03T09:44:50Z" user="mapper999" uid="165061" lat="49.0127069" lon="8.4406295"/>
 <node id="9141347463" visible="true" version="1" changeset="112026536" timestamp="2021-10-03T09:44:50Z" user="mapper999" uid="165061" lat="49.0119565" lon="8.4398784"/>
 <node id="9141347464" visible="true" version="1" changeset="112026536" timestamp="2021-10-03T09:44:50Z" user="mapper999" uid="165061" lat="49.0119842" lon="8.4399210"/>
 <node id="9141347465" visible="true" version="1" changeset="112026536" timestamp="2021-10-03T09:44:50Z" user="mapper999" uid="165061" lat="49.0119955" lon="8.4399462"/>
 <node id="9141347466" visible="true" version="1" changeset="112026536" timestamp="2021-10-03T09:44:50Z" user="mapper999" uid="165061" lat="49.0119985" lon="8.4399666"/>
 <node id="9141347467" visible="true" version="1" changeset="112026536" timestamp="2021-10-03T09:44:50Z" user="mapper999" uid="165061" lat="49.0119981" lon="8.4399820"/>
 <node id="9141347468" visible="true" version="1" changeset="112026536" timestamp="2021-10-03T09:44:50Z" user="mapper999" uid="165061" lat="49.0119440" lon="8.4398969"/>
 <node id="9141347469" visible="true" version="1" changeset="112026536" timestamp="2021-10-03T09:44:50Z" user="mapper999" uid="165061" lat="49.0117650" lon="8.4396424"/>
 <node id="9141347470" visible="true" version="1" changeset="112026536" timestamp="2021-10-03T09:44:50Z" user="mapper999" uid="165061" lat="49.0116869" lon="8.4395241"/>
 <node id="9141347471" visible="true" version="1" changeset="112026536" timestamp="2021-10-03T09:44:50Z" user="mapper999" uid="165061" lat="49.0116711" lon="8.4395371"/>
 <node id="9141347472" visible="true" version="1" changeset="112026536" timestamp="2021-10-03T09:44:50Z" user="mapper999" uid="165061" lat="49.0117030" lon="8.4395157"/>
 <node id="9141347473" visible="true" version="1" changeset="112026536" timestamp="2021-10-03T09:44:50Z" user="mapper999" uid="165061" lat="49.0117474" lon="8.4396347"/>
 <node id="9141347474" visible="true" version="1" changeset="112026536" timestamp="2021-10-03T09:44:50Z" user="mapper999" uid="165061" lat="49.0117162" lon="8.4396458"/>
 <node id="9141347475" visible="true" version="1" changeset="112026536" timestamp="2021-10-03T09:44:50Z" user="mapper999" uid="165061" lat="49.0116819" lon="8.4393554"/>
 <node id="9141347476" visible="true" version="1" changeset="112026536" timestamp="2021-10-03T09:44:50Z" user="mapper999" uid="165061" lat="49.0117195" lon="8.4394510"/>
 <node id="9141347477" visible="true" version="1" changeset="112026536" timestamp="2021-10-03T09:44:50Z" user="mapper999" uid="165061" lat="49.0117786" lon="8.4395921"/>
 <node id="9141347478" visible="true" version="1" changeset="112026536" timestamp="2021-10-03T09:44:50Z" user="mapper999" uid="165061" lat="49.0118576" lon="8.4397500"/>
 <node id="9141347479" visible="true" version="1" changeset="112026536" timestamp="2021-10-03T09:44:50Z" user="mapper999" uid="165061" lat="49.0119172" lon="8.4398540"/>
 <node id="9141347480" visible="true" version="1" changeset="112026536" timestamp="2021-10-03T09:44:50Z" user="mapper999" uid="165061" lat="49.0119324" lon="8.4398362"/>
 <node id="9141347481" visible="true" version="1" changeset="112026536" timestamp="2021-10-03T09:44:50Z" user="mapper999" uid="165061" lat="49.0118356" lon="8.4396572"/>
 <node id="9141347482" visible="true" version="1" changeset="112026536" timestamp="2021-10-03T09:44:50Z" user="mapper999" uid="165061" lat="49.0117725" lon="8.4395281"/>
 <node id="9141347483" visible="true" version="1" changeset="112026536" timestamp="2021-10-03T09:44:50Z" user="mapper999" uid="165061" lat="49.0117252" lon="8.4394134"/>
 <node id="9141347484" visible="true" version="1" changeset="112026536" timestamp="2021-10-03T09:44:50Z" user="mapper999" uid="165061" lat="49.0116733" lon="8.4392773"/>
 <node id="9141347485" visible="true" version="1" changeset="112026536" timestamp="2021-10-03T09:44:50Z" user="mapper999" uid="165061" lat="49.0115933" lon="8.4391103"/>
 <node id="9141347486" visible="true" version="1" changeset="112026536" timestamp="2021-10-03T09:44:50Z" user="mapper999" uid="165061" lat="49.0115471" lon="8.4390473"/>
 <node id="9141347487" visible="true" version="1" changeset="112026536" timestamp="2021-10-03T09:44:50Z" user="mapper999" uid="165061" lat="49.0115277" lon="8.4389920"/>
 <node id="9141347488" visible="true" version="1" changeset="112026536" timestamp="2021-10-03T09:44:50Z" user="mapper999" uid="165061" lat="49.0115260" lon="8.4389625"/>
 <node id="9141347489" visible="true" version="2" changeset="131338729" timestamp="2023-01-16T13:37:59Z" user="Scout Jens" uid="12466125" lat="49.0117113" lon="8.4392453"/>
 <node id="9141347490" visible="true" version="2" changeset="131338729" timestamp="2023-01-16T13:37:59Z" user="Scout Jens" uid="12466125" lat="49.0116400" lon="8.4390234"/>
 <node id="9141347491" visible="true" version="2" changeset="131338729" timestamp="2023-01-16T13:37:59Z" user="Scout Jens" uid="12466125" lat="49.0117139" lon="8.4388685"/>
 <node id="9141347492" visible="true" version="1" changeset="112026536" timestamp="2021-10-03T09:44:50Z" user="mapper999" uid="165061" lat="49.0118151" lon="8.4389947"/>
 <node id="9141347493" visible="true" version="1" changeset="112026536" timestamp="2021-10-03T09:44:50Z" user="mapper999" uid="165061" lat="49.0120488" lon="8.4397492"/>
 <node id="9141347494" visible="true" version="1" changeset="112026536" timestamp="2021-10-03T09:44:50Z" user="mapper999" uid="165061" lat="49.0120646" lon="8.4397305"/>
 <node id="9141347495" visible="true" version="1" changeset="112026536" timestamp="2021-10-03T09:44:50Z" user="mapper999" uid="165061" lat="49.0120423" lon="8.4396868"/>
 <node id="9141347496" visible="true" version="1" changeset="112026536" timestamp="2021-10-03T09:44:50Z" user="mapper999" uid="165061" lat="49.0120246" lon="8.4397079"/>
 <node id="9141347497" visible="true" version="1" changeset="112026536" timestamp="2021-10-03T09:44:50Z" user="mapper999" uid="165061" lat="49.0120070" lon="8.4396733"/>
 <node id="9141347498" visible="true" version="1" changeset="112026536" timestamp="2021-10-03T09:44:50Z" user="mapper999" uid="165061" lat="49.0120270" lon="8.4396497"/>
 <node id="9141347499" visible="true" version="1" changeset="112026536" timestamp="2021-10-03T09:44:50Z" user="mapper999" uid="165061" lat="49.0119801" lon="8.4397795"/>
 <node id="9141347500" visible="true" version="1" changeset="112026536" timestamp="2021-10-03T09:44:50Z" user="mapper999" uid="165061" lat="49.0120019" lon="8.4398143"/>
 <node id="9141347501" visible="true" version="1" changeset="112026536" timestamp="2021-10-03T09:44:50Z" user="mapper999" uid="165061" lat="49.0119878" lon="8.4398348"/>
 <node id="9141347502" visible="true" version="1" changeset="112026536" timestamp="2021-10-03T09:44:50Z" user="mapper999" uid="165061" lat="49.0119661" lon="8.4397998"/>
 <node id="9141347503" visible="true" version="1" changeset="112026536" timestamp="2021-10-03T09:44:50Z" user="mapper999" uid="165061" lat="49.0119390" lon="8.4397564"/>
 <node id="9141347504" visible="true" version="1" changeset="112026536" timestamp="2021-10-03T09:44:50Z" user="mapper999" uid="165061" lat="49.0119542" lon="8.4397344"/>
 <node id="9141347505" visible="true" version="2" changeset="126630731" timestamp="2022-09-25T21:57:44Z" user="MitteloberrheinischerWaldameisenschreck" uid="5934860" lat="49.0121122" lon="8.4395946"/>
 <node id="9141347506" visible="true" version="2" changeset="126630731" timestamp="2022-09-25T21:57:44Z" user="MitteloberrheinischerWaldameisenschreck" uid="5934860" lat="49.0121479" lon="8.4396655"/>
 <node id="9141347507" visible="true" version="2" changeset="126630731" timestamp="2022-09-25T21:57:44Z" user="MitteloberrheinischerWaldameisenschreck" uid="5934860" lat="49.0121393" lon="8.4397608"/>
 <node id="9141347508" visible="true" version="2" changeset="126630731" timestamp="2022-09-25T21:57:44Z" user="MitteloberrheinischerWaldameisenschreck" uid="5934860" lat="49.0120710" lon="8.4396470"/>
 <node id="9141347509" visible="true" version="1" changeset="112026536" timestamp="2021-10-03T09:44:50Z" user="mapper999" uid="165061" lat="49.0121272" lon="8.4397038">
  <tag k="fixme" v="more details for street cabinet"/>
  <tag k="man_made" v="street_cabinet"/>
 </node>
 <node id="9141347510" visible="true" version="1" changeset="112026536" timestamp="2021-10-03T09:44:50Z" user="mapper999" uid="165061" lat="49.0126321" lon="8.4406238"/>
 <node id="9141347511" visible="true" version="1" changeset="112026536" timestamp="2021-10-03T09:44:50Z" user="mapper999" uid="165061" lat="49.0128164" lon="8.4408098"/>
 <node id="9141347512" visible="true" version="1" changeset="112026536" timestamp="2021-10-03T09:44:50Z" user="mapper999" uid="165061" lat="49.0120291" lon="8.4399023"/>
 <node id="9141347513" visible="true" version="1" changeset="112026536" timestamp="2021-10-03T09:44:50Z" user="mapper999" uid="165061" lat="49.0120375" lon="8.4399043"/>
 <node id="9141347514" visible="true" version="1" changeset="112026536" timestamp="2021-10-03T09:44:50Z" user="mapper999" uid="165061" lat="49.0119678" lon="8.4397548"/>
 <node id="9141347515" visible="true" version="1" changeset="112026536" timestamp="2021-10-03T09:44:50Z" user="mapper999" uid="165061" lat="49.0121037" lon="8.4398278"/>
 <node id="9141347516" visible="true" version="1" changeset="112026536" timestamp="2021-10-03T09:44:50Z" user="mapper999" uid="165061" lat="49.0121030" lon="8.4398107"/>
 <node id="9141347517" visible="true" version="1" changeset="112026536" timestamp="2021-10-03T09:44:50Z" user="mapper999" uid="165061" lat="49.0121572" lon="8.4399140"/>
 <node id="9141347518" visible="true" version="1" changeset="112026536" timestamp="2021-10-03T09:44:50Z" user="mapper999" uid="165061" lat="49.0121640" lon="8.4399111"/>
 <node id="9141347519" visible="true" version="1" changeset="112026536" timestamp="2021-10-03T09:44:50Z" user="mapper999" uid="165061" lat="49.0121163" lon="8.4400137"/>
 <node id="9141347520" visible="true" version="1" changeset="112026536" timestamp="2021-10-03T09:44:50Z" user="mapper999" uid="165061" lat="49.0121366" lon="8.4400489"/>
 <node id="9141347521" visible="true" version="1" changeset="112026536" timestamp="2021-10-03T09:44:50Z" user="mapper999" uid="165061" lat="49.0121844" lon="8.4400840"/>
 <node id="9141347522" visible="true" version="2" changeset="157955742" timestamp="2024-10-16T09:33:08Z" user="Scout Jens" uid="12466125" lat="49.0121757" lon="8.4401276"/>
 <node id="9141347585" visible="true" version="2" changeset="112762009" timestamp="2021-10-20T20:26:53Z" user="Pamalosebi" uid="14321673" lat="49.0132250" lon="8.4419439"/>
 <node id="9188328459" visible="true" version="1" changeset="112762009" timestamp="2021-10-20T20:26:53Z" user="Pamalosebi" uid="14321673" lat="49.0132619" lon="8.4420312"/>
 <node id="9188328460" visible="true" version="1" changeset="112762009" timestamp="2021-10-20T20:26:53Z" user="Pamalosebi" uid="14321673" lat="49.0132482" lon="8.4420611"/>
 <node id="9188328464" visible="true" version="1" changeset="112762009" timestamp="2021-10-20T20:26:53Z" user="Pamalosebi" uid="14321673" lat="49.0130334" lon="8.4423549"/>
 <node id="9188428061" visible="true" version="1" changeset="112763380" timestamp="2021-10-20T21:07:02Z" user="Pamalosebi" uid="14321673" lat="49.0117450" lon="8.4399875"/>
 <node id="9188428062" visible="true" version="1" changeset="112763380" timestamp="2021-10-20T21:07:02Z" user="Pamalosebi" uid="14321673" lat="49.0117458" lon="8.4399491"/>
 <node id="9188428063" visible="true" version="1" changeset="112763380" timestamp="2021-10-20T21:07:02Z" user="Pamalosebi" uid="14321673" lat="49.0117888" lon="8.4399511"/>
 <node id="9188428064" visible="true" version="1" changeset="112763380" timestamp="2021-10-20T21:07:02Z" user="Pamalosebi" uid="14321673" lat="49.0117880" lon="8.4399895"/>
 <node id="9188428065" visible="true" version="1" changeset="112763380" timestamp="2021-10-20T21:07:02Z" user="Pamalosebi" uid="14321673" lat="49.0116932" lon="8.4398284"/>
 <node id="9188428066" visible="true" version="1" changeset="112763380" timestamp="2021-10-20T21:07:02Z" user="Pamalosebi" uid="14321673" lat="49.0116500" lon="8.4398269"/>
 <node id="9188428067" visible="true" version="1" changeset="112763380" timestamp="2021-10-20T21:07:02Z" user="Pamalosebi" uid="14321673" lat="49.0116926" lon="8.4398675"/>
 <node id="9188428068" visible="true" version="1" changeset="112763380" timestamp="2021-10-20T21:07:02Z" user="Pamalosebi" uid="14321673" lat="49.0116495" lon="8.4398659"/>
 <node id="9188428069" visible="true" version="1" changeset="112763380" timestamp="2021-10-20T21:07:02Z" user="Pamalosebi" uid="14321673" lat="49.0116920" lon="8.4399068"/>
 <node id="9188428070" visible="true" version="1" changeset="112763380" timestamp="2021-10-20T21:07:02Z" user="Pamalosebi" uid="14321673" lat="49.0116489" lon="8.4399052"/>
 <node id="9188428071" visible="true" version="1" changeset="112763380" timestamp="2021-10-20T21:07:02Z" user="Pamalosebi" uid="14321673" lat="49.0116914" lon="8.4399467"/>
 <node id="9188428072" visible="true" version="1" changeset="112763380" timestamp="2021-10-20T21:07:02Z" user="Pamalosebi" uid="14321673" lat="49.0116483" lon="8.4399451"/>
 <node id="9188428073" visible="true" version="1" changeset="112763380" timestamp="2021-10-20T21:07:02Z" user="Pamalosebi" uid="14321673" lat="49.0116907" lon="8.4399867"/>
 <node id="9188428074" visible="true" version="1" changeset="112763380" timestamp="2021-10-20T21:07:02Z" user="Pamalosebi" uid="14321673" lat="49.0116475" lon="8.4399851"/>
 <node id="9188428075" visible="true" version="1" changeset="112763380" timestamp="2021-10-20T21:07:02Z" user="Pamalosebi" uid="14321673" lat="49.0116465" lon="8.4400878"/>
 <node id="9188428076" visible="true" version="1" changeset="112763380" timestamp="2021-10-20T21:07:02Z" user="Pamalosebi" uid="14321673" lat="49.0116891" lon="8.4400892"/>
 <node id="9188428077" visible="true" version="1" changeset="112763380" timestamp="2021-10-20T21:07:02Z" user="Pamalosebi" uid="14321673" lat="49.0116459" lon="8.4401278"/>
 <node id="9188428078" visible="true" version="1" changeset="112763380" timestamp="2021-10-20T21:07:02Z" user="Pamalosebi" uid="14321673" lat="49.0116885" lon="8.4401292"/>
 <node id="9188428079" visible="true" version="1" changeset="112763380" timestamp="2021-10-20T21:07:02Z" user="Pamalosebi" uid="14321673" lat="49.0116453" lon="8.4401673"/>
 <node id="9188428080" visible="true" version="1" changeset="112763380" timestamp="2021-10-20T21:07:02Z" user="Pamalosebi" uid="14321673" lat="49.0116880" lon="8.4401687"/>
 <node id="9188428081" visible="true" version="1" changeset="112763380" timestamp="2021-10-20T21:07:02Z" user="Pamalosebi" uid="14321673" lat="49.0116448" lon="8.4402077"/>
 <node id="9188428082" visible="true" version="1" changeset="112763380" timestamp="2021-10-20T21:07:02Z" user="Pamalosebi" uid="14321673" lat="49.0116874" lon="8.4402091"/>
 <node id="9188428083" visible="true" version="1" changeset="112763380" timestamp="2021-10-20T21:07:02Z" user="Pamalosebi" uid="14321673" lat="49.0116442" lon="8.4402480"/>
 <node id="9188428084" visible="true" version="1" changeset="112763380" timestamp="2021-10-20T21:07:02Z" user="Pamalosebi" uid="14321673" lat="49.0116868" lon="8.4402494"/>
 <node id="9188428085" visible="true" version="1" changeset="112763380" timestamp="2021-10-20T21:07:02Z" user="Pamalosebi" uid="14321673" lat="49.0116436" lon="8.4402875"/>
 <node id="9188428088" visible="true" version="1" changeset="112763380" timestamp="2021-10-20T21:07:02Z" user="Pamalosebi" uid="14321673" lat="49.0116430" lon="8.4403270"/>
 <node id="9188428091" visible="true" version="1" changeset="112763380" timestamp="2021-10-20T21:07:02Z" user="Pamalosebi" uid="14321673" lat="49.0115934" lon="8.4400842"/>
 <node id="9188428092" visible="true" version="1" changeset="112763380" timestamp="2021-10-20T21:07:02Z" user="Pamalosebi" uid="14321673" lat="49.0116367" lon="8.4400858"/>
 <node id="9188428093" visible="true" version="1" changeset="112763380" timestamp="2021-10-20T21:07:02Z" user="Pamalosebi" uid="14321673" lat="49.0115928" lon="8.4401250"/>
 <node id="9188428094" visible="true" version="1" changeset="112763380" timestamp="2021-10-20T21:07:02Z" user="Pamalosebi" uid="14321673" lat="49.0116361" lon="8.4401266"/>
 <node id="9188428095" visible="true" version="1" changeset="112763380" timestamp="2021-10-20T21:07:02Z" user="Pamalosebi" uid="14321673" lat="49.0115922" lon="8.4401646"/>
 <node id="9188428096" visible="true" version="1" changeset="112763380" timestamp="2021-10-20T21:07:02Z" user="Pamalosebi" uid="14321673" lat="49.0116355" lon="8.4401661"/>
 <node id="9188428097" visible="true" version="1" changeset="112763380" timestamp="2021-10-20T21:07:02Z" user="Pamalosebi" uid="14321673" lat="49.0115916" lon="8.4402066"/>
 <node id="9188428098" visible="true" version="1" changeset="112763380" timestamp="2021-10-20T21:07:02Z" user="Pamalosebi" uid="14321673" lat="49.0116349" lon="8.4402081"/>
 <node id="9188428099" visible="true" version="1" changeset="112763380" timestamp="2021-10-20T21:07:02Z" user="Pamalosebi" uid="14321673" lat="49.0115910" lon="8.4402467"/>
 <node id="9188428100" visible="true" version="1" changeset="112763380" timestamp="2021-10-20T21:07:02Z" user="Pamalosebi" uid="14321673" lat="49.0116344" lon="8.4402482"/>
 <node id="9188428102" visible="true" version="1" changeset="112763380" timestamp="2021-10-20T21:07:02Z" user="Pamalosebi" uid="14321673" lat="49.0116338" lon="8.4402893"/>
 <node id="9188428104" visible="true" version="1" changeset="112763380" timestamp="2021-10-20T21:07:02Z" user="Pamalosebi" uid="14321673" lat="49.0116332" lon="8.4403292"/>
 <node id="9188428106" visible="true" version="1" changeset="112763380" timestamp="2021-10-20T21:07:02Z" user="Pamalosebi" uid="14321673" lat="49.0116326" lon="8.4403696"/>
 <node id="9188428108" visible="true" version="1" changeset="112763380" timestamp="2021-10-20T21:07:02Z" user="Pamalosebi" uid="14321673" lat="49.0115949" lon="8.4399838"/>
 <node id="9188428109" visible="true" version="1" changeset="112763380" timestamp="2021-10-20T21:07:02Z" user="Pamalosebi" uid="14321673" lat="49.0116381" lon="8.4399852"/>
 <node id="9188428110" visible="true" version="1" changeset="112763380" timestamp="2021-10-20T21:07:02Z" user="Pamalosebi" uid="14321673" lat="49.0115955" lon="8.4399443"/>
 <node id="9188428111" visible="true" version="1" changeset="112763380" timestamp="2021-10-20T21:07:02Z" user="Pamalosebi" uid="14321673" lat="49.0116386" lon="8.4399457"/>
 <node id="9188428112" visible="true" version="1" changeset="112763380" timestamp="2021-10-20T21:07:02Z" user="Pamalosebi" uid="14321673" lat="49.0115960" lon="8.4399036"/>
 <node id="9188428113" visible="true" version="1" changeset="112763380" timestamp="2021-10-20T21:07:02Z" user="Pamalosebi" uid="14321673" lat="49.0116392" lon="8.4399051"/>
 <node id="9188428114" visible="true" version="1" changeset="112763380" timestamp="2021-10-20T21:07:02Z" user="Pamalosebi" uid="14321673" lat="49.0115966" lon="8.4398631"/>
 <node id="9188428115" visible="true" version="1" changeset="112763380" timestamp="2021-10-20T21:07:02Z" user="Pamalosebi" uid="14321673" lat="49.0116398" lon="8.4398645"/>
 <node id="9188428116" visible="true" version="1" changeset="112763380" timestamp="2021-10-20T21:07:02Z" user="Pamalosebi" uid="14321673" lat="49.0115972" lon="8.4398207"/>
 <node id="9188448217" visible="true" version="1" changeset="112763380" timestamp="2021-10-20T21:07:02Z" user="Pamalosebi" uid="14321673" lat="49.0116404" lon="8.4398222"/>
 <node id="9188448218" visible="true" version="1" changeset="112763380" timestamp="2021-10-20T21:07:02Z" user="Pamalosebi" uid="14321673" lat="49.0115978" lon="8.4397799"/>
 <node id="9188448219" visible="true" version="1" changeset="112763380" timestamp="2021-10-20T21:07:02Z" user="Pamalosebi" uid="14321673" lat="49.0116410" lon="8.4397814"/>
 <node id="9188448220" visible="true" version="1" changeset="112763380" timestamp="2021-10-20T21:07:02Z" user="Pamalosebi" uid="14321673" lat="49.0115006" lon="8.4396435"/>
 <node id="9188448221" visible="true" version="1" changeset="112763380" timestamp="2021-10-20T21:07:02Z" user="Pamalosebi" uid="14321673" lat="49.0115443" lon="8.4396454"/>
 <node id="9188448222" visible="true" version="1" changeset="112763380" timestamp="2021-10-20T21:07:02Z" user="Pamalosebi" uid="14321673" lat="49.0114999" lon="8.4396845"/>
 <node id="9188448223" visible="true" version="1" changeset="112763380" timestamp="2021-10-20T21:07:02Z" user="Pamalosebi" uid="14321673" lat="49.0115435" lon="8.4396864"/>
 <node id="9188448224" visible="true" version="1" changeset="112763380" timestamp="2021-10-20T21:07:02Z" user="Pamalosebi" uid="14321673" lat="49.0115430" lon="8.4397250"/>
 <node id="9188448225" visible="true" version="2" changeset="123604525" timestamp="2022-07-14T11:16:47Z" user="Pamalosebi" uid="14321673" lat="49.0114983" lon="8.4397657"/>
 <node id="9188448226" visible="true" version="1" changeset="112763380" timestamp="2021-10-20T21:07:02Z" user="Pamalosebi" uid="14321673" lat="49.0115421" lon="8.4397679"/>
 <node id="9188448227" visible="true" version="2" changeset="123604525" timestamp="2022-07-14T11:16:47Z" user="Pamalosebi" uid="14321673" lat="49.0114975" lon="8.4398055"/>
 <node id="9188448228" visible="true" version="1" changeset="112763380" timestamp="2021-10-20T21:07:02Z" user="Pamalosebi" uid="14321673" lat="49.0115413" lon="8.4398077"/>
 <node id="9188448229" visible="true" version="2" changeset="123604525" timestamp="2022-07-14T11:16:47Z" user="Pamalosebi" uid="14321673" lat="49.0114966" lon="8.4398477"/>
 <node id="9188448230" visible="true" version="1" changeset="112763380" timestamp="2021-10-20T21:07:02Z" user="Pamalosebi" uid="14321673" lat="49.0115404" lon="8.4398499"/>
 <node id="9188448231" visible="true" version="2" changeset="123604525" timestamp="2022-07-14T11:16:47Z" user="Pamalosebi" uid="14321673" lat="49.0114957" lon="8.4398880"/>
 <node id="9188448232" visible="true" version="1" changeset="112763380" timestamp="2021-10-20T21:07:02Z" user="Pamalosebi" uid="14321673" lat="49.0115395" lon="8.4398902"/>
 <node id="9188448233" visible="true" version="2" changeset="123604525" timestamp="2022-07-14T11:16:47Z" user="Pamalosebi" uid="14321673" lat="49.0114949" lon="8.4399305"/>
 <node id="9188448234" visible="true" version="1" changeset="112763380" timestamp="2021-10-20T21:07:02Z" user="Pamalosebi" uid="14321673" lat="49.0115386" lon="8.4399327"/>
 <node id="9188448235" visible="true" version="2" changeset="123604525" timestamp="2022-07-14T11:16:47Z" user="Pamalosebi" uid="14321673" lat="49.0114940" lon="8.4399705"/>
 <node id="9188448236" visible="true" version="1" changeset="112763380" timestamp="2021-10-20T21:07:02Z" user="Pamalosebi" uid="14321673" lat="49.0115379" lon="8.4399727"/>
 <node id="9188448237" visible="true" version="1" changeset="112763380" timestamp="2021-10-20T21:07:02Z" user="Pamalosebi" uid="14321673" lat="49.0116047" lon="8.4396129"/>
 <node id="9188448238" visible="true" version="1" changeset="112763380" timestamp="2021-10-20T21:07:02Z" user="Pamalosebi" uid="14321673" lat="49.0115790" lon="8.4396117"/>
 <node id="9188448239" visible="true" version="1" changeset="112763380" timestamp="2021-10-20T21:07:02Z" user="Pamalosebi" uid="14321673" lat="49.0115804" lon="8.4395485"/>
 <node id="9188448240" visible="true" version="1" changeset="112763380" timestamp="2021-10-20T21:07:02Z" user="Pamalosebi" uid="14321673" lat="49.0116061" lon="8.4395499"/>
 <node id="9188448241" visible="true" version="1" changeset="112763380" timestamp="2021-10-20T21:07:02Z" user="Pamalosebi" uid="14321673" lat="49.0116315" lon="8.4396143"/>
 <node id="9188448242" visible="true" version="1" changeset="112763380" timestamp="2021-10-20T21:07:02Z" user="Pamalosebi" uid="14321673" lat="49.0116328" lon="8.4395513"/>
 <node id="9188448243" visible="true" version="3" changeset="148706988" timestamp="2024-03-15T20:41:26Z" user="Rainero" uid="137242" lat="49.0114862" lon="8.4403089"/>
 <node id="9188448245" visible="true" version="3" changeset="148706988" timestamp="2024-03-15T20:41:26Z" user="Rainero" uid="137242" lat="49.0114875" lon="8.4402522"/>
 <node id="9188448246" visible="true" version="2" changeset="148706988" timestamp="2024-03-15T20:41:26Z" user="Rainero" uid="137242" lat="49.0115317" lon="8.4402545"/>
 <node id="9188448247" visible="true" version="3" changeset="148706988" timestamp="2024-03-15T20:41:26Z" user="Rainero" uid="137242" lat="49.0114885" lon="8.4402099"/>
 <node id="9188448248" visible="true" version="2" changeset="148706988" timestamp="2024-03-15T20:41:26Z" user="Rainero" uid="137242" lat="49.0115326" lon="8.4402122"/>
 <node id="9188448249" visible="true" version="3" changeset="148706988" timestamp="2024-03-15T20:41:26Z" user="Rainero" uid="137242" lat="49.0114894" lon="8.4401676"/>
 <node id="9188448250" visible="true" version="2" changeset="148706988" timestamp="2024-03-15T20:41:26Z" user="Rainero" uid="137242" lat="49.0115336" lon="8.4401700"/>
 <node id="9188448252" visible="true" version="2" changeset="148706988" timestamp="2024-03-15T20:41:26Z" user="Rainero" uid="137242" lat="49.0115345" lon="8.4401274"/>
 <node id="9188448254" visible="true" version="2" changeset="148706988" timestamp="2024-03-15T20:41:26Z" user="Rainero" uid="137242" lat="49.0115354" lon="8.4400873"/>
 <node id="9231036071" visible="true" version="1" changeset="113460251" timestamp="2021-11-06T20:21:46Z" user="mapper999" uid="165061" lat="49.0117683" lon="8.4396551"/>
 <node id="9231036072" visible="true" version="1" changeset="113460251" timestamp="2021-11-06T20:21:46Z" user="mapper999" uid="165061" lat="49.0117675" lon="8.4396972"/>
 <node id="9231036073" visible="true" version="1" changeset="113460251" timestamp="2021-11-06T20:21:46Z" user="mapper999" uid="165061" lat="49.0117238" lon="8.4396953"/>
 <node id="9272337443" visible="true" version="1" changeset="114062352" timestamp="2021-11-21T15:35:23Z" user="mapper999" uid="165061" lat="49.0123741" lon="8.4399376"/>
 <node id="9272337444" visible="true" version="1" changeset="114062352" timestamp="2021-11-21T15:35:23Z" user="mapper999" uid="165061" lat="49.0123847" lon="8.4399442"/>
 <node id="9272337445" visible="true" version="1" changeset="114062352" timestamp="2021-11-21T15:35:23Z" user="mapper999" uid="165061" lat="49.0123961" lon="8.4399452"/>
 <node id="9272337446" visible="true" version="1" changeset="114062352" timestamp="2021-11-21T15:35:23Z" user="mapper999" uid="165061" lat="49.0124109" lon="8.4399435"/>
 <node id="9272337447" visible="true" version="1" changeset="114062352" timestamp="2021-11-21T15:35:23Z" user="mapper999" uid="165061" lat="49.0124245" lon="8.4399378"/>
 <node id="9272337448" visible="true" version="1" changeset="114062352" timestamp="2021-11-21T15:35:23Z" user="mapper999" uid="165061" lat="49.0124366" lon="8.4399277"/>
 <node id="9272337449" visible="true" version="1" changeset="114062352" timestamp="2021-11-21T15:35:23Z" user="mapper999" uid="165061" lat="49.0124496" lon="8.4399053"/>
 <node id="9272337450" visible="true" version="1" changeset="114062352" timestamp="2021-11-21T15:35:23Z" user="mapper999" uid="165061" lat="49.0124566" lon="8.4398848"/>
 <node id="9272337451" visible="true" version="1" changeset="114062352" timestamp="2021-11-21T15:35:23Z" user="mapper999" uid="165061" lat="49.0124609" lon="8.4398560"/>
 <node id="9272337452" visible="true" version="2" changeset="135330496" timestamp="2023-04-25T07:39:55Z" user="Scout Jens" uid="12466125" lat="49.0121332" lon="8.4401638"/>
 <node id="9272337458" visible="true" version="1" changeset="114062352" timestamp="2021-11-21T15:35:23Z" user="mapper999" uid="165061" lat="49.0124712" lon="8.4400504"/>
 <node id="9272337459" visible="true" version="1" changeset="114062352" timestamp="2021-11-21T15:35:23Z" user="mapper999" uid="165061" lat="49.0126144" lon="8.4402177"/>
 <node id="9521703150" visible="true" version="1" changeset="117638504" timestamp="2022-02-20T13:27:49Z" user="mapper999" uid="165061" lat="49.0139379" lon="8.4473408"/>
 <node id="9521703154" visible="true" version="1" changeset="117638504" timestamp="2022-02-20T13:27:49Z" user="mapper999" uid="165061" lat="49.0140199" lon="8.4474061"/>
 <node id="9887088262" visible="true" version="2" changeset="148706988" timestamp="2024-03-15T20:41:26Z" user="Rainero" uid="137242" lat="49.0114914" lon="8.4400780"/>
 <node id="9887088263" visible="true" version="2" changeset="148706988" timestamp="2024-03-15T20:41:26Z" user="Rainero" uid="137242" lat="49.0114913" lon="8.4400850"/>
 <node id="9887088264" visible="true" version="1" changeset="123604525" timestamp="2022-07-14T11:16:47Z" user="Pamalosebi" uid="14321673" lat="49.0114718" lon="8.4400770"/>
 <node id="9887088265" visible="true" version="2" changeset="148706988" timestamp="2024-03-15T20:41:26Z" user="Rainero" uid="137242" lat="49.0114911" lon="8.4400933"/>
 <node id="9887088266" visible="true" version="2" changeset="148706988" timestamp="2024-03-15T20:41:26Z" user="Rainero" uid="137242" lat="49.0114904" lon="8.4401251"/>
 <node id="9887088269" visible="true" version="1" changeset="123604525" timestamp="2022-07-14T11:16:47Z" user="Pamalosebi" uid="14321673" lat="49.0114371" lon="8.4400825"/>
 <node id="9907154990" visible="true" version="1" changeset="124000665" timestamp="2022-07-24T08:42:30Z" user="mapper999" uid="165061" lat="49.0115416" lon="8.4390463">
  <tag k="diameter" v="150"/>
  <tag k="manhole" v="gas"/>
  <tag k="man_made" v="manhole"/>
  <tag k="operator" v="Stadtwerke Karlsruhe Netzservice GmbH"/>
  <tag k="pipeline" v="valve"/>
  <tag k="substance" v="gas"/>
 </node>
 <node id="9907154991" visible="true" version="1" changeset="124000665" timestamp="2022-07-24T08:42:30Z" user="mapper999" uid="165061" lat="49.0115143" lon="8.4391080">
  <tag k="colour" v="yellow"/>
  <tag k="marker" v="post"/>
  <tag k="operator" v="Stadtwerke Karlsruhe Netzservice GmbH"/>
  <tag k="utility" v="gas"/>
 </node>
 <node id="9907154992" visible="true" version="1" changeset="124000665" timestamp="2022-07-24T08:42:30Z" user="mapper999" uid="165061" lat="49.0123216" lon="8.4389366"/>
 <node id="9907154993" visible="true" version="1" changeset="124000665" timestamp="2022-07-24T08:42:30Z" user="mapper999" uid="165061" lat="49.0122996" lon="8.4389462"/>
 <node id="9907154994" visible="true" version="1" changeset="124000665" timestamp="2022-07-24T08:42:30Z" user="mapper999" uid="165061" lat="49.0123032" lon="8.4389653"/>
 <node id="9907154995" visible="true" version="1" changeset="124000665" timestamp="2022-07-24T08:42:30Z" user="mapper999" uid="165061" lat="49.0123252" lon="8.4389557"/>
 <node id="9907154996" visible="true" version="1" changeset="124000665" timestamp="2022-07-24T08:42:30Z" user="mapper999" uid="165061" lat="49.0123336" lon="8.4390003"/>
 <node id="9907154997" visible="true" version="1" changeset="124000665" timestamp="2022-07-24T08:42:30Z" user="mapper999" uid="165061" lat="49.0123116" lon="8.4390099"/>
 <node id="9907154998" visible="true" version="1" changeset="124000665" timestamp="2022-07-24T08:42:30Z" user="mapper999" uid="165061" lat="49.0123152" lon="8.4390292"/>
 <node id="9907154999" visible="true" version="1" changeset="124000665" timestamp="2022-07-24T08:42:30Z" user="mapper999" uid="165061" lat="49.0123372" lon="8.4390196"/>
 <node id="9907155000" visible="true" version="1" changeset="124000665" timestamp="2022-07-24T08:42:30Z" user="mapper999" uid="165061" lat="49.0121608" lon="8.4393266"/>
 <node id="9907155001" visible="true" version="1" changeset="124000665" timestamp="2022-07-24T08:42:30Z" user="mapper999" uid="165061" lat="49.0121644" lon="8.4393735"/>
 <node id="9907155002" visible="true" version="1" changeset="124000665" timestamp="2022-07-24T08:42:30Z" user="mapper999" uid="165061" lat="49.0121727" lon="8.4394285"/>
 <node id="9907155003" visible="true" version="1" changeset="124000665" timestamp="2022-07-24T08:42:30Z" user="mapper999" uid="165061" lat="49.0121799" lon="8.4394537"/>
 <node id="9907155004" visible="true" version="1" changeset="124000665" timestamp="2022-07-24T08:42:30Z" user="mapper999" uid="165061" lat="49.0121745" lon="8.4391952">
  <tag k="check_date" v="2022-07-23"/>
  <tag k="emergency_telephone_code" v="112"/>
  <tag k="highway" v="emergency_access_point"/>
  <tag k="name" v="Spiel- und Sportanlage Mannheimer Straße/Pfarrer-Junker-Weg"/>
  <tag k="operator" v="Stadt Karlsruhe"/>
  <tag k="ref" v="KA-8226"/>
  <tag k="start_date" v="2022"/>
 </node>
 <node id="10052396840" visible="true" version="1" changeset="126630731" timestamp="2022-09-25T21:57:44Z" user="MitteloberrheinischerWaldameisenschreck" uid="5934860" lat="49.0131617" lon="8.4387671"/>
 <node id="10052396841" visible="true" version="1" changeset="126630731" timestamp="2022-09-25T21:57:44Z" user="MitteloberrheinischerWaldameisenschreck" uid="5934860" lat="49.0114024" lon="8.4384941"/>
 <node id="10052396842" visible="true" version="1" changeset="126630731" timestamp="2022-09-25T21:57:44Z" user="MitteloberrheinischerWaldameisenschreck" uid="5934860" lat="49.0118212" lon="8.4391076"/>
 <node id="10052396849" visible="true" version="1" changeset="126630731" timestamp="2022-09-25T21:57:44Z" user="MitteloberrheinischerWaldameisenschreck" uid="5934860" lat="49.0114442" lon="8.4356153"/>
 <node id="10052396850" visible="true" version="1" changeset="126630731" timestamp="2022-09-25T21:57:44Z" user="MitteloberrheinischerWaldameisenschreck" uid="5934860" lat="49.0114722" lon="8.4350303"/>
 <node id="10202087392" visible="true" version="2" changeset="134132506" timestamp="2023-03-26T11:29:02Z" user="mapper999" uid="165061" lat="49.0172538" lon="8.4395955"/>
 <node id="10202161419" visible="true" version="2" changeset="184087956" timestamp="2026-06-14T10:20:35Z" user="mapper999" uid="165061" lat="49.0168005" lon="8.4387900"/>
 <node id="10202161420" visible="true" version="1" changeset="129129048" timestamp="2022-11-19T15:45:35Z" user="mapper999" uid="165061" lat="49.0165050" lon="8.4381958"/>
 <node id="10202161429" visible="true" version="1" changeset="129129048" timestamp="2022-11-19T15:45:35Z" user="mapper999" uid="165061" lat="49.0164714" lon="8.4381261"/>
 <node id="10202161443" visible="true" version="1" changeset="129129048" timestamp="2022-11-19T15:45:35Z" user="mapper999" uid="165061" lat="49.0161274" lon="8.4374232"/>
 <node id="10202161450" visible="true" version="1" changeset="129129048" timestamp="2022-11-19T15:45:35Z" user="mapper999" uid="165061" lat="49.0159031" lon="8.4369877"/>
 <node id="10202161458" visible="true" version="1" changeset="129129048" timestamp="2022-11-19T15:45:35Z" user="mapper999" uid="165061" lat="49.0159432" lon="8.4370160"/>
 <node id="10202161459" visible="true" version="1" changeset="129129048" timestamp="2022-11-19T15:45:35Z" user="mapper999" uid="165061" lat="49.0159185" lon="8.4369911"/>
 <node id="10202161460" visible="true" version="1" changeset="129129048" timestamp="2022-11-19T15:45:35Z" user="mapper999" uid="165061" lat="49.0158899" lon="8.4369911"/>
 <node id="10202161464" visible="true" version="1" changeset="129129048" timestamp="2022-11-19T15:45:35Z" user="mapper999" uid="165061" lat="49.0143581" lon="8.4382685"/>
 <node id="10202161468" visible="true" version="1" changeset="129129048" timestamp="2022-11-19T15:45:35Z" user="mapper999" uid="165061" lat="49.0144032" lon="8.4381250"/>
 <node id="10202161469" visible="true" version="1" changeset="129129048" timestamp="2022-11-19T15:45:35Z" user="mapper999" uid="165061" lat="49.0144446" lon="8.4380871"/>
 <node id="10202161470" visible="true" version="1" changeset="129129048" timestamp="2022-11-19T15:45:35Z" user="mapper999" uid="165061" lat="49.0143704" lon="8.4381151"/>
 <node id="10202161471" visible="true" version="1" changeset="129129048" timestamp="2022-11-19T15:45:35Z" user="mapper999" uid="165061" lat="49.0143802" lon="8.4381389"/>
 <node id="10235832649" visible="true" version="1" changeset="129682337" timestamp="2022-12-03T16:28:27Z" user="soyesi5722" uid="17785221" lat="49.0122435" lon="8.4362718"/>
 <node id="10235832650" visible="true" version="1" changeset="129682337" timestamp="2022-12-03T16:28:27Z" user="soyesi5722" uid="17785221" lat="49.0120827" lon="8.4363449"/>
 <node id="10235832651" visible="true" version="1" changeset="129682337" timestamp="2022-12-03T16:28:27Z" user="soyesi5722" uid="17785221" lat="49.0122550" lon="8.4371941"/>
 <node id="10235832652" visible="true" version="1" changeset="129682337" timestamp="2022-12-03T16:28:27Z" user="soyesi5722" uid="17785221" lat="49.0123346" lon="8.4377586"/>
 <node id="10235832653" visible="true" version="1" changeset="129682337" timestamp="2022-12-03T16:28:27Z" user="soyesi5722" uid="17785221" lat="49.0125117" lon="8.4376876"/>
 <node id="10237871214" visible="true" version="1" changeset="129704733" timestamp="2022-12-04T13:27:09Z" user="mapper999" uid="165061" lat="49.0147559" lon="8.4425223"/>
 <node id="10237871215" visible="true" version="1" changeset="129704733" timestamp="2022-12-04T13:27:09Z" user="mapper999" uid="165061" lat="49.0148597" lon="8.4426194"/>
 <node id="10237871219" visible="true" version="1" changeset="129704733" timestamp="2022-12-04T13:27:09Z" user="mapper999" uid="165061" lat="49.0149879" lon="8.4427254"/>
 <node id="10237871221" visible="true" version="1" changeset="129704733" timestamp="2022-12-04T13:27:09Z" user="mapper999" uid="165061" lat="49.0148775" lon="8.4426360"/>
 <node id="10559463426" visible="true" version="1" changeset="131338729" timestamp="2023-01-16T13:37:59Z" user="Scout Jens" uid="12466125" lat="49.0115560" lon="8.4384537"/>
 <node id="10559463427" visible="true" version="1" changeset="131338729" timestamp="2023-01-16T13:37:59Z" user="Scout Jens" uid="12466125" lat="49.0115817" lon="8.4384458"/>
 <node id="10559463428" visible="true" version="1" changeset="131338729" timestamp="2023-01-16T13:37:59Z" user="Scout Jens" uid="12466125" lat="49.0115788" lon="8.4384203"/>
 <node id="10559463429" visible="true" version="1" changeset="131338729" timestamp="2023-01-16T13:37:59Z" user="Scout Jens" uid="12466125" lat="49.0116028" lon="8.4384113"/>
 <node id="10559463430" visible="true" version="1" changeset="131338729" timestamp="2023-01-16T13:37:59Z" user="Scout Jens" uid="12466125" lat="49.0114554" lon="8.4367281"/>
 <node id="10741456922" visible="true" version="1" changeset="133786724" timestamp="2023-03-17T12:34:37Z" user="B-Rabbit" uid="952926" lat="49.0115464" lon="8.4366911"/>
 <node id="10741456923" visible="true" version="1" changeset="133786724" timestamp="2023-03-17T12:34:37Z" user="B-Rabbit" uid="952926" lat="49.0115464" lon="8.4367979"/>
 <node id="10741456924" visible="true" version="1" changeset="133786724" timestamp="2023-03-17T12:34:37Z" user="B-Rabbit" uid="952926" lat="49.0115490" lon="8.4369448"/>
 <node id="10741456925" visible="true" version="1" changeset="133786724" timestamp="2023-03-17T12:34:37Z" user="B-Rabbit" uid="952926" lat="49.0115875" lon="8.4378341"/>
 <node id="10763473755" visible="true" version="1" changeset="134132506" timestamp="2023-03-26T11:29:02Z" user="mapper999" uid="165061" lat="49.0171863" lon="8.4394755"/>
 <node id="10763473756" visible="true" version="1" changeset="134132506" timestamp="2023-03-26T11:29:02Z" user="mapper999" uid="165061" lat="49.0174027" lon="8.4398588"/>
 <node id="10763473794" visible="true" version="1" changeset="134132506" timestamp="2023-03-26T11:29:02Z" user="mapper999" uid="165061" lat="49.0173640" lon="8.4397910"/>
 <node id="10763473797" visible="true" version="1" changeset="134132506" timestamp="2023-03-26T11:29:02Z" user="mapper999" uid="165061" lat="49.0171643" lon="8.4394375"/>
 <node id="10839193208" visible="true" version="1" changeset="135330496" timestamp="2023-04-25T07:39:55Z" user="Scout Jens" uid="12466125" lat="49.0118089" lon="8.4407273"/>
 <node id="10839193209" visible="true" version="1" changeset="135330496" timestamp="2023-04-25T07:39:55Z" user="Scout Jens" uid="12466125" lat="49.0116370" lon="8.4411056"/>
 <node id="10839193210" visible="true" version="1" changeset="135330496" timestamp="2023-04-25T07:39:55Z" user="Scout Jens" uid="12466125" lat="49.0116356" lon="8.4411483"/>
 <node id="10839193211" visible="true" version="1" changeset="135330496" timestamp="2023-04-25T07:39:55Z" user="Scout Jens" uid="12466125" lat="49.0118837" lon="8.4411332"/>
 <node id="10839193212" visible="true" version="1" changeset="135330496" timestamp="2023-04-25T07:39:55Z" user="Scout Jens" uid="12466125" lat="49.0121530" lon="8.4395747"/>
 <node id="10839193215" visible="true" version="1" changeset="135330496" timestamp="2023-04-25T07:39:55Z" user="Scout Jens" uid="12466125" lat="49.0121542" lon="8.4395505"/>
 <node id="10839193218" visible="true" version="1" changeset="135330496" timestamp="2023-04-25T07:39:55Z" user="Scout Jens" uid="12466125" lat="49.0121595" lon="8.4395277"/>
 <node id="10839193221" visible="true" version="1" changeset="135330496" timestamp="2023-04-25T07:39:55Z" user="Scout Jens" uid="12466125" lat="49.0121676" lon="8.4395061"/>
 <node id="10839193224" visible="true" version="1" changeset="135330496" timestamp="2023-04-25T07:39:55Z" user="Scout Jens" uid="12466125" lat="49.0121822" lon="8.4394805"/>
 <node id="10839193227" visible="true" version="1" changeset="135330496" timestamp="2023-04-25T07:39:55Z" user="Scout Jens" uid="12466125" lat="49.0122031" lon="8.4394587"/>
 <node id="10839193230" visible="true" version="1" changeset="135330496" timestamp="2023-04-25T07:39:55Z" user="Scout Jens" uid="12466125" lat="49.0122851" lon="8.4393843"/>
 <node id="10839193233" visible="true" version="1" changeset="135330496" timestamp="2023-04-25T07:39:55Z" user="Scout Jens" uid="12466125" lat="49.0123832" lon="8.4393112"/>
 <node id="10839193236" visible="true" version="1" changeset="135330496" timestamp="2023-04-25T07:39:55Z" user="Scout Jens" uid="12466125" lat="49.0125619" lon="8.4391834"/>
 <node id="10839193239" visible="true" version="1" changeset="135330496" timestamp="2023-04-25T07:39:55Z" user="Scout Jens" uid="12466125" lat="49.0129191" lon="8.4389812"/>
 <node id="10839193241" visible="true" version="1" changeset="135330496" timestamp="2023-04-25T07:39:55Z" user="Scout Jens" uid="12466125" lat="49.0130861" lon="8.4389117"/>
 <node id="10839193243" visible="true" version="1" changeset="135330496" timestamp="2023-04-25T07:39:55Z" user="Scout Jens" uid="12466125" lat="49.0132972" lon="8.4388589"/>
 <node id="10839193245" visible="true" version="1" changeset="135330496" timestamp="2023-04-25T07:39:55Z" user="Scout Jens" uid="12466125" lat="49.0139890" lon="8.4385148"/>
 <node id="10839193247" visible="true" version="1" changeset="135330496" timestamp="2023-04-25T07:39:55Z" user="Scout Jens" uid="12466125" lat="49.0140223" lon="8.4384982"/>
 <node id="10839193254" visible="true" version="1" changeset="135330496" timestamp="2023-04-25T07:39:55Z" user="Scout Jens" uid="12466125" lat="49.0131424" lon="8.4388976"/>
 <node id="11053438218" visible="true" version="1" changeset="138679686" timestamp="2023-07-18T17:04:19Z" user="MarkusHD" uid="396203" lat="49.0108151" lon="8.4386514">
  <tag k="entrance" v="main"/>
 </node>
 <node id="11250901060" visible="true" version="2" changeset="152492190" timestamp="2024-06-10T11:05:33Z" user="SliderHandle" uid="8549008" lat="49.0108387" lon="8.4387041">
  <tag k="amenity" v="vending_machine"/>
  <tag k="brand" v="Schwalbe"/>
  <tag k="indoor" v="no"/>
  <tag k="payment:coins" v="yes"/>
  <tag k="vending" v="bicycle_tube"/>
 </node>
 <node id="11735086098" visible="true" version="1" changeset="148706988" timestamp="2024-03-15T20:41:26Z" user="Rainero" uid="137242" lat="49.0114909" lon="8.4400999"/>
 <node id="11735086099" visible="true" version="1" changeset="148706988" timestamp="2024-03-15T20:41:26Z" user="Rainero" uid="137242" lat="49.0115355" lon="8.4400862"/>
 <node id="12241052714" visible="true" version="1" changeset="157708047" timestamp="2024-10-10T10:15:53Z" user="Scout Jens" uid="12466125" lat="49.0116303" lon="8.4459602"/>
 <node id="12827103469" visible="true" version="1" changeset="166086590" timestamp="2025-05-10T21:17:05Z" user="gerjor" uid="22883170" lat="49.0128904" lon="8.4387968"/>
 <node id="12827103470" visible="true" version="1" changeset="166086590" timestamp="2025-05-10T21:17:05Z" user="gerjor" uid="22883170" lat="49.0129307" lon="8.4387780"/>
 <node id="12827103471" visible="true" version="2" changeset="166086834" timestamp="2025-05-10T21:28:57Z" user="gerjor" uid="22883170" lat="49.0127987" lon="8.4380616">
  <tag k="access" v="permit"/>
  <tag k="barrier" v="gate"/>
  <tag k="bicycle" v="yes"/>
  <tag k="foot" v="permit"/>
  <tag k="horse" v="no"/>
  <tag k="locked" v="yes"/>
  <tag k="motor_vehicle" v="no"/>
  <tag k="wheelchair" v="limited"/>
 </node>
 <node id="12827170932" visible="true" version="1" changeset="166086799" timestamp="2025-05-10T21:27:28Z" user="gerjor" uid="22883170" lat="49.0130321" lon="8.4388145"/>
 <node id="13204947288" visible="true" version="1" changeset="173053142" timestamp="2025-10-09T14:08:55Z" user="gerjor" uid="22883170" lat="49.0135007" lon="8.4385155"/>
 <node id="13204947289" visible="true" version="1" changeset="173053142" timestamp="2025-10-09T14:08:55Z" user="gerjor" uid="22883170" lat="49.0133427" lon="8.4378348"/>
 <node id="13204957092" visible="true" version="1" changeset="173053772" timestamp="2025-10-09T14:23:14Z" user="gerjor" uid="22883170" lat="49.0126341" lon="8.4381365">
  <tag k="access" v="permit"/>
  <tag k="barrier" v="gate"/>
  <tag k="locked" v="yes"/>
  <tag k="material" v="metal"/>
 </node>
 <node id="13722675165" visible="true" version="1" changeset="181180309" timestamp="2026-04-11T09:13:41Z" user="Scout Jens" uid="12466125" lat="49.0120046" lon="8.4326302"/>
 <node id="13722675174" visible="true" version="1" changeset="181180309" timestamp="2026-04-11T09:13:41Z" user="Scout Jens" uid="12466125" lat="49.0127209" lon="8.4335282"/>
 <node id="13722675176" visible="true" version="1" changeset="181180309" timestamp="2026-04-11T09:13:41Z" user="Scout Jens" uid="12466125" lat="49.0128281" lon="8.4336632"/>
 <node id="13722675177" visible="true" version="1" changeset="181180309" timestamp="2026-04-11T09:13:41Z" user="Scout Jens" uid="12466125" lat="49.0129281" lon="8.4342700"/>
 <node id="13722675178" visible="true" version="1" changeset="181180309" timestamp="2026-04-11T09:13:41Z" user="Scout Jens" uid="12466125" lat="49.0130479" lon="8.4342267"/>
 <node id="13722675181" visible="true" version="1" changeset="181180309" timestamp="2026-04-11T09:13:41Z" user="Scout Jens" uid="12466125" lat="49.0132379" lon="8.4346922"/>
 <node id="13722675182" visible="true" version="1" changeset="181180309" timestamp="2026-04-11T09:13:41Z" user="Scout Jens" uid="12466125" lat="49.0131905" lon="8.4345520"/>
 <node id="13722675183" visible="true" version="1" changeset="181180309" timestamp="2026-04-11T09:13:41Z" user="Scout Jens" uid="12466125" lat="49.0133873" lon="8.4350581"/>
 <node id="13722675186" visible="true" version="1" changeset="181180309" timestamp="2026-04-11T09:13:41Z" user="Scout Jens" uid="12466125" lat="49.0135504" lon="8.4357399"/>
 <node id="13722675187" visible="true" version="1" changeset="181180309" timestamp="2026-04-11T09:13:41Z" user="Scout Jens" uid="12466125" lat="49.0134530" lon="8.4353572"/>
 <node id="13722701711" visible="true" version="1" changeset="181180309" timestamp="2026-04-11T09:13:41Z" user="Scout Jens" uid="12466125" lat="49.0136039" lon="8.4359396"/>
 <node id="13722701754" visible="true" version="1" changeset="181180309" timestamp="2026-04-11T09:13:41Z" user="Scout Jens" uid="12466125" lat="49.0137360" lon="8.4364348"/>
 <node id="13722701757" visible="true" version="1" changeset="181180309" timestamp="2026-04-11T09:13:41Z" user="Scout Jens" uid="12466125" lat="49.0116026" lon="8.4355312"/>
 <way id="4293512" visible="true" version="9" changeset="71509355" timestamp="2019-06-22T13:06:34Z" user="mapper999" uid="165061">
  <nd ref="1481256409"/>
  <nd ref="1481256454"/>
  <nd ref="523633898"/>
  <nd ref="25928855"/>
  <tag k="access" v="permissive"/>
  <tag k="highway" v="service"/>
  <tag k="lit" v="yes"/>
  <tag k="operator" v="Netto Marken-Discount AG &amp; Co. KG"/>
  <tag k="service" v="parking_aisle"/>
  <tag k="surface" v="paving_stones"/>
 </way>
 <way id="4533687" visible="true" version="8" changeset="160041294" timestamp="2024-12-07T22:16:23Z" user="Kepler-17c" uid="19452659">
  <nd ref="25928872"/>
  <nd ref="1143095837"/>
  <nd ref="28139979"/>
  <nd ref="28139978"/>
  <tag k="highway" v="residential"/>
  <tag k="lit" v="yes"/>
  <tag k="maxspeed" v="30"/>
  <tag k="name" v="Rintheimer Hauptstraße"/>
  <tag k="sidewalk" v="no"/>
  <tag k="surface" v="asphalt"/>
 </way>
 <way id="24156496" visible="true" version="7" changeset="135329785" timestamp="2023-04-25T07:18:42Z" user="Scout Jens" uid="12466125">
  <nd ref="4609654393"/>
  <nd ref="4609654394"/>
  <nd ref="4173509799"/>
  <nd ref="1481256553"/>
  <tag k="highway" v="path"/>
  <tag k="lit" v="yes"/>
  <tag k="motor_vehicle" v="private"/>
  <tag k="segregated" v="no"/>
  <tag k="source" v="survey"/>
  <tag k="surface" v="fine_gravel"/>
 </way>
 <way id="24156497" visible="true" version="6" changeset="123604525" timestamp="2022-07-14T11:16:47Z" user="Pamalosebi" uid="14321673">
  <nd ref="9887088269"/>
  <nd ref="6498653948"/>
  <tag k="highway" v="path"/>
  <tag k="lit" v="yes"/>
  <tag k="surface" v="paving_stones"/>
 </way>
 <way id="24156498" visible="true" version="6" changeset="148706988" timestamp="2024-03-15T20:41:26Z" user="Rainero" uid="137242">
  <nd ref="1481256616"/>
  <nd ref="11735086099"/>
  <nd ref="1481256718"/>
  <tag k="highway" v="path"/>
  <tag k="lit" v="yes"/>
  <tag k="surface" v="paving_stones"/>
 </way>
 <way id="24187149" visible="true" version="9" changeset="157708047" timestamp="2024-10-10T10:15:53Z" user="Scout Jens" uid="12466125">
  <nd ref="261966311"/>
  <nd ref="261966312"/>
  <nd ref="261966314"/>
  <nd ref="261966315"/>
  <nd ref="12241052714"/>
  <nd ref="261966310"/>
  <nd ref="1478909763"/>
  <nd ref="4338227180"/>
  <nd ref="1478909679"/>
  <nd ref="1478909672"/>
  <nd ref="1478909664"/>
  <nd ref="1479147580"/>
  <nd ref="4338227176"/>
  <nd ref="3368389047"/>
  <nd ref="3368389052"/>
  <nd ref="6205814389"/>
  <nd ref="3368389055"/>
  <nd ref="3368389053"/>
  <nd ref="3368389054"/>
  <nd ref="6205814388"/>
  <nd ref="3368389057"/>
  <nd ref="3368389058"/>
  <nd ref="4338227179"/>
  <nd ref="9188448249"/>
  <nd ref="9188448247"/>
  <nd ref="9188448245"/>
  <nd ref="9188448243"/>
  <nd ref="1481256592"/>
  <nd ref="1481256650"/>
  <nd ref="6498653946"/>
  <nd ref="1481256640"/>
  <nd ref="1481256863"/>
  <nd ref="688680818"/>
  <nd ref="1478909684"/>
  <nd ref="1478909656"/>
  <nd ref="1478909652"/>
  <nd ref="1478909647"/>
  <nd ref="1478909639"/>
  <nd ref="1478909645"/>
  <nd ref="1478909646"/>
  <nd ref="1478909660"/>
  <nd ref="1478909676"/>
  <nd ref="1478909683"/>
  <nd ref="1478909799"/>
  <nd ref="1478909821"/>
  <nd ref="4338227182"/>
  <nd ref="261966311"/>
  <tag k="leisure" v="park"/>
  <tag k="source" v="survey"/>
 </way>
 <way id="42121545" visible="true" version="7" changeset="71509355" timestamp="2019-06-22T13:06:34Z" user="mapper999" uid="165061">
  <nd ref="25928855"/>
  <nd ref="25928856"/>
  <nd ref="1481256406"/>
  <nd ref="4621072693"/>
  <nd ref="1481256409"/>
  <tag k="access" v="permissive"/>
  <tag k="highway" v="service"/>
  <tag k="lit" v="yes"/>
  <tag k="operator" v="Netto Marken-Discount AG &amp; Co. KG"/>
  <tag k="service" v="parking_aisle"/>
  <tag k="surface" v="paving_stones"/>
 </way>
 <way id="42121546" visible="true" version="8" changeset="155298700" timestamp="2024-08-15T19:27:27Z" user="rbpca" uid="16188450">
  <nd ref="1481256409"/>
  <nd ref="4621072697"/>
  <nd ref="25929971"/>
  <tag k="access" v="permissive"/>
  <tag k="highway" v="service"/>
  <tag k="lit" v="yes"/>
  <tag k="operator" v="Netto Marken-Discount AG &amp; Co. KG"/>
  <tag k="service" v="parking_aisle"/>
  <tag k="surface" v="paving_stones"/>
 </way>
 <way id="42121547" visible="true" version="7" changeset="71509355" timestamp="2019-06-22T13:06:34Z" user="mapper999" uid="165061">
  <nd ref="523633898"/>
  <nd ref="1481256406"/>
  <tag k="access" v="permissive"/>
  <tag k="highway" v="service"/>
  <tag k="lit" v="yes"/>
  <tag k="operator" v="Netto Marken-Discount AG &amp; Co. KG"/>
  <tag k="service" v="parking_aisle"/>
  <tag k="surface" v="paving_stones"/>
 </way>
 <way id="42121548" visible="true" version="17" changeset="161708442" timestamp="2025-01-24T11:57:48Z" user="Baumpilz" uid="9647183">
  <nd ref="523633900"/>
  <nd ref="4258962144"/>
  <nd ref="1043735623"/>
  <nd ref="4258962146"/>
  <nd ref="4972334530"/>
  <nd ref="7426790506"/>
  <nd ref="4972334529"/>
  <nd ref="4972334526"/>
  <nd ref="6152604702"/>
  <nd ref="6152604701"/>
  <nd ref="6152604700"/>
  <nd ref="6152604699"/>
  <nd ref="6152604698"/>
  <nd ref="6847507045"/>
  <nd ref="4621072695"/>
  <nd ref="523633901"/>
  <nd ref="7426790492"/>
  <nd ref="7426790493"/>
  <nd ref="4799358240"/>
  <nd ref="1043735620"/>
  <nd ref="7426790494"/>
  <nd ref="523633895"/>
  <nd ref="7426790505"/>
  <nd ref="523633896"/>
  <nd ref="523633897"/>
  <nd ref="523633905"/>
  <nd ref="523633900"/>
  <tag k="addr:city" v="Karlsruhe"/>
  <tag k="addr:country" v="DE"/>
  <tag k="addr:housenumber" v="21"/>
  <tag k="addr:postcode" v="76131"/>
  <tag k="addr:street" v="Striederstraße"/>
  <tag k="building" v="retail"/>
  <tag k="building:levels" v="1"/>
  <tag k="roof:levels" v="0"/>
  <tag k="roof:shape" v="gabled"/>
  <tag k="source:geometry" v="Maps4BW, LGL, www.lgl-bw.de"/>
  <tag k="start_date" v="before 2005"/>
 </way>
 <way id="42272062" visible="true" version="15" changeset="83837144" timestamp="2020-04-20T18:18:02Z" user="mapper999" uid="165061">
  <nd ref="4621072696"/>
  <nd ref="6847507043"/>
  <nd ref="6152604697"/>
  <nd ref="6847507044"/>
  <nd ref="6152604696"/>
  <nd ref="6152604695"/>
  <nd ref="6152604699"/>
  <nd ref="6152604700"/>
  <nd ref="6152604701"/>
  <nd ref="6152604702"/>
  <nd ref="4972334526"/>
  <nd ref="4972334529"/>
  <nd ref="7426790506"/>
  <nd ref="4972334524"/>
  <nd ref="4972334525"/>
  <nd ref="6152604632"/>
  <nd ref="1481256421"/>
  <nd ref="6152604637"/>
  <nd ref="6152604636"/>
  <nd ref="1481256414"/>
  <nd ref="4972334542"/>
  <nd ref="4972334543"/>
  <nd ref="6515107060"/>
  <nd ref="4972334541"/>
  <nd ref="4972334549"/>
  <nd ref="4972334548"/>
  <nd ref="4972334547"/>
  <nd ref="6152604609"/>
  <nd ref="6152604610"/>
  <nd ref="6152604611"/>
  <nd ref="6152604612"/>
  <nd ref="6152604613"/>
  <nd ref="6152604614"/>
  <nd ref="6152604615"/>
  <nd ref="6152604616"/>
  <nd ref="6152604617"/>
  <nd ref="6152604618"/>
  <nd ref="6152604619"/>
  <nd ref="527256379"/>
  <nd ref="4972334545"/>
  <nd ref="4972334546"/>
  <nd ref="1043735617"/>
  <nd ref="6152604631"/>
  <nd ref="4621072697"/>
  <nd ref="523633895"/>
  <nd ref="7426790494"/>
  <nd ref="1043735620"/>
  <nd ref="7426790495"/>
  <nd ref="4621072696"/>
 </way>
 <way id="64238411" visible="true" version="5" changeset="124000665" timestamp="2022-07-24T08:42:30Z" user="mapper999" uid="165061">
  <nd ref="791258531"/>
  <nd ref="791258534"/>
  <nd ref="4998372668"/>
  <nd ref="4998372667"/>
  <nd ref="791258536"/>
  <nd ref="3234067023"/>
  <nd ref="791258531"/>
  <tag k="access" v="yes"/>
  <tag k="leisure" v="pitch"/>
  <tag k="operator" v="Stadt Karlsruhe"/>
  <tag k="sport" v="soccer"/>
 </way>
 <way id="89279799" visible="true" version="5" changeset="45350238" timestamp="2017-01-21T13:55:57Z" user="mapper999" uid="165061">
  <nd ref="1035924183"/>
  <nd ref="1371435343"/>
  <nd ref="1371435318"/>
  <nd ref="1371435135"/>
  <nd ref="1371435097"/>
  <nd ref="1371435120"/>
  <nd ref="1035924245"/>
  <nd ref="1371435068"/>
  <nd ref="1371435102"/>
  <nd ref="1371435211"/>
  <nd ref="1371435161"/>
  <nd ref="1035924190"/>
  <nd ref="1371435316"/>
  <nd ref="1371435327"/>
  <nd ref="1371435429"/>
  <nd ref="1371435433"/>
  <nd ref="1371435441"/>
  <nd ref="1371435438"/>
  <nd ref="4621981800"/>
  <nd ref="1371435489"/>
  <nd ref="1371435494"/>
  <nd ref="1371435509"/>
  <nd ref="1371435506"/>
  <nd ref="1371435538"/>
  <nd ref="1371435534"/>
  <nd ref="1035924179"/>
  <nd ref="1371435526"/>
  <nd ref="1371435513"/>
  <nd ref="1371435459"/>
  <nd ref="1371435472"/>
  <nd ref="1035924183"/>
  <tag k="addr:city" v="Karlsruhe"/>
  <tag k="addr:country" v="DE"/>
  <tag k="addr:housenumber" v="2"/>
  <tag k="addr:postcode" v="76131"/>
  <tag k="addr:street" v="Mannheimer Straße"/>
  <tag k="building" v="yes"/>
  <tag k="leisure" v="sports_centre"/>
  <tag k="name" v="Sporthalle Rintheim"/>
  <tag k="source" v="LA-KA / personal knowledge"/>
  <tag k="sport" v="multi"/>
 </way>
 <way id="90049969" visible="true" version="9" changeset="142347999" timestamp="2023-10-09T12:32:01Z" user="Seetroll" uid="135562">
  <nd ref="4022006453"/>
  <nd ref="11250901060"/>
  <nd ref="11053438218"/>
  <nd ref="4022006449"/>
  <nd ref="1043735633"/>
  <nd ref="1043735622"/>
  <nd ref="1043735610"/>
  <nd ref="6254644705"/>
  <nd ref="1043735625"/>
  <nd ref="1371435346"/>
  <nd ref="1371435185"/>
  <nd ref="1371435138"/>
  <nd ref="4022006453"/>
  <tag k="addr:city" v="Karlsruhe"/>
  <tag k="addr:country" v="DE"/>
  <tag k="addr:housenumber" v="4"/>
  <tag k="addr:postcode" v="76131"/>
  <tag k="addr:street" v="Ostring"/>
  <tag k="addr:suburb" v="Oststadt"/>
  <tag k="contact:phone" v="+49 721 6272717"/>
  <tag k="contact:website" v="https://www.radwerk-karlsruhe.de/"/>
  <tag k="name" v="Radwerk Ostring"/>
  <tag k="opening_hours" v="Mo-Fr 10:00-13:00, 14:00-18:30; Sa 10:00-15:00; Su, Ph off"/>
  <tag k="service:bicycle:repair" v="yes"/>
  <tag k="service:bicycle:retail" v="yes"/>
  <tag k="service:bicycle:second_hand" v="no"/>
  <tag k="shop" v="bicycle"/>
  <tag k="start_date" v="2016-02-27"/>
  <tag k="wheelchair" v="yes"/>
 </way>
 <way id="90673145" visible="true" version="2" changeset="69749744" timestamp="2019-04-30T19:57:00Z" user="mapper999" uid="165061">
  <nd ref="1052292387"/>
  <nd ref="1052292277"/>
  <nd ref="1052292495"/>
  <nd ref="6439649282"/>
  <nd ref="1052292524"/>
  <nd ref="1052292387"/>
  <tag k="building" v="garages"/>
  <tag k="source:geometry" v="Maps4BW (LGL, www.lgl-bw.de)"/>
 </way>
 <way id="93340061" visible="true" version="5" changeset="50387697" timestamp="2017-07-18T19:44:12Z" user="Lyra2108" uid="6338238">
  <nd ref="1082263863"/>
  <nd ref="1082263963"/>
  <nd ref="1082263805"/>
  <nd ref="1371280975"/>
  <nd ref="1371280961"/>
  <nd ref="1371280956"/>
  <nd ref="1371280973"/>
  <nd ref="1371280950"/>
  <nd ref="1371280946"/>
  <nd ref="1371280923"/>
  <nd ref="1371280944"/>
  <nd ref="1082263794"/>
  <nd ref="1082263863"/>
  <tag k="addr:city" v="Karlsruhe"/>
  <tag k="addr:country" v="DE"/>
  <tag k="addr:housenumber" v="8"/>
  <tag k="addr:postcode" v="76131"/>
  <tag k="addr:street" v="Hermine-Villinger-Straße"/>
  <tag k="building" v="apartments"/>
  <tag k="building:levels" v="4"/>
  <tag k="roof:levels" v="1"/>
 </way>
 <way id="99412003" visible="true" version="1" changeset="7269399" timestamp="2011-02-12T21:56:37Z" user="mapper999" uid="165061">
  <nd ref="1149682859"/>
  <nd ref="1149683002"/>
  <nd ref="1149682865"/>
  <nd ref="1149682953"/>
  <nd ref="1149682852"/>
  <nd ref="1149682978"/>
  <nd ref="1149682950"/>
  <nd ref="1149682885"/>
  <nd ref="1149682904"/>
  <nd ref="1149682758"/>
  <nd ref="1149682955"/>
  <nd ref="1149682818"/>
  <nd ref="1149682920"/>
  <nd ref="1149682910"/>
  <nd ref="1149682947"/>
  <nd ref="1149682882"/>
  <nd ref="1149682869"/>
  <nd ref="1149682861"/>
  <nd ref="1149682997"/>
  <nd ref="1149682829"/>
  <nd ref="1149682945"/>
  <nd ref="1149682798"/>
  <nd ref="1149682898"/>
  <nd ref="1149682980"/>
  <nd ref="1149682892"/>
  <nd ref="1149682987"/>
  <nd ref="1149683000"/>
  <nd ref="1149682823"/>
  <nd ref="1149682896"/>
  <nd ref="1149682790"/>
  <nd ref="1149682821"/>
  <nd ref="1149682859"/>
  <tag k="landuse" v="grass"/>
 </way>
 <way id="102706357" visible="true" version="12" changeset="173053142" timestamp="2025-10-09T14:08:55Z" user="gerjor" uid="22883170">
  <nd ref="1186232820"/>
  <nd ref="1186232762"/>
  <nd ref="4998372646"/>
  <nd ref="4998372639"/>
  <nd ref="2509220864"/>
  <nd ref="10202161470"/>
  <nd ref="10202161471"/>
  <nd ref="10202161468"/>
  <nd ref="10202161469"/>
  <nd ref="4998372643"/>
  <nd ref="1186232878"/>
  <nd ref="1186232847"/>
  <nd ref="1186232863"/>
  <nd ref="1186232818"/>
  <nd ref="1186232797"/>
  <nd ref="1186232805"/>
  <nd ref="1186232802"/>
  <nd ref="1186232853"/>
  <nd ref="1186225241"/>
  <nd ref="1186225313"/>
  <nd ref="1186225281"/>
  <nd ref="1186225252"/>
  <nd ref="1186225278"/>
  <nd ref="1186225311"/>
  <nd ref="1186225298"/>
  <nd ref="1186232787"/>
  <nd ref="1186232784"/>
  <nd ref="5382867403"/>
  <nd ref="7835862246"/>
  <nd ref="5382867404"/>
  <nd ref="5382867401"/>
  <nd ref="1186232851"/>
  <nd ref="13204947289"/>
  <nd ref="12827103471"/>
  <nd ref="1186232872"/>
  <nd ref="1186232789"/>
  <nd ref="1186232870"/>
  <nd ref="4998372669"/>
  <nd ref="4998372687"/>
  <nd ref="791258531"/>
  <nd ref="791258534"/>
  <nd ref="1186232844"/>
  <nd ref="12827103469"/>
  <nd ref="12827103470"/>
  <nd ref="13204947288"/>
  <nd ref="4998372689"/>
  <nd ref="1186232820"/>
  <tag k="landuse" v="commercial"/>
 </way>
 <way id="106311873" visible="true" version="13" changeset="112026536" timestamp="2021-10-03T09:44:50Z" user="mapper999" uid="165061">
  <nd ref="1388683007"/>
  <nd ref="9141330357"/>
  <nd ref="1388683222"/>
  <nd ref="1388683045"/>
  <nd ref="1388682984"/>
  <nd ref="1388683280"/>
  <nd ref="4799358237"/>
  <nd ref="1388683184"/>
  <nd ref="1388682969"/>
  <nd ref="4892782515"/>
  <nd ref="1388683040"/>
  <nd ref="1388683018"/>
  <nd ref="6139541802"/>
  <nd ref="1388683242"/>
  <nd ref="6498802536"/>
  <nd ref="6498802534"/>
  <tag k="footway" v="sidewalk"/>
  <tag k="highway" v="footway"/>
  <tag k="lit" v="yes"/>
  <tag k="source" v="survey"/>
  <tag k="surface" v="paving_stones"/>
 </way>
 <way id="113323447" visible="true" version="5" changeset="50387697" timestamp="2017-07-18T19:45:49Z" user="Lyra2108" uid="6338238">
  <nd ref="1285437100"/>
  <nd ref="1285437084"/>
  <nd ref="1371435347"/>
  <nd ref="1371435342"/>
  <nd ref="1285437080"/>
  <nd ref="1285437075"/>
  <nd ref="4799358236"/>
  <nd ref="1285437100"/>
  <tag k="addr:city" v="Karlsruhe"/>
  <tag k="addr:country" v="DE"/>
  <tag k="addr:housenumber" v="90"/>
  <tag k="addr:postcode" v="76131"/>
  <tag k="addr:street" v="Rintheimer Straße"/>
  <tag k="addr:suburb" v="Oststadt"/>
  <tag k="building" v="commercial"/>
  <tag k="building:levels" v="2"/>
  <tag k="roof:levels" v="0"/>
 </way>
 <way id="113323448" visible="true" version="2" changeset="8808959" timestamp="2011-07-23T18:42:24Z" user="user_212553" uid="212553">
  <nd ref="1285437088"/>
  <nd ref="1371435297"/>
  <nd ref="1285437082"/>
  <nd ref="1285437078"/>
  <nd ref="1285437102"/>
  <nd ref="1285437088"/>
  <tag k="building" v="yes"/>
 </way>
 <way id="114161712" visible="true" version="6" changeset="138257098" timestamp="2023-07-08T09:50:51Z" user="amapanda ᚛ᚐᚋᚐᚅᚇᚐ᚜ 🏳️‍⚧️" uid="23770">
  <nd ref="1293662849"/>
  <nd ref="1293662810"/>
  <nd ref="6498802572"/>
  <nd ref="6498802573"/>
  <nd ref="1293662855"/>
  <nd ref="1293662799"/>
  <nd ref="1293662838"/>
  <nd ref="1293662846"/>
  <nd ref="1293662831"/>
  <nd ref="1293662849"/>
  <tag k="addr:city" v="Karlsruhe"/>
  <tag k="addr:country" v="DE"/>
  <tag k="addr:housenumber" v="92"/>
  <tag k="addr:postcode" v="76131"/>
  <tag k="addr:street" v="Rintheimer Straße"/>
  <tag k="building" v="detached"/>
  <tag k="building:levels" v="1"/>
  <tag k="roof:levels" v="1"/>
  <tag k="roof:shape" v="gabled"/>
  <tag k="source:geometry" v="Maps4BW, LGL, www.lgl-bw.de"/>
 </way>
 <way id="114161713" visible="true" version="4" changeset="67049774" timestamp="2019-02-09T13:56:46Z" user="mapper999" uid="165061">
  <nd ref="1293662812"/>
  <nd ref="1293662797"/>
  <nd ref="1293662835"/>
  <nd ref="1293662850"/>
  <nd ref="1293662818"/>
  <nd ref="1371434930"/>
  <nd ref="1371434932"/>
  <nd ref="1371434943"/>
  <nd ref="1293662822"/>
  <nd ref="1293662851"/>
  <nd ref="6267933250"/>
  <nd ref="6267933249"/>
  <nd ref="1293662824"/>
  <nd ref="1293662834"/>
  <nd ref="1293662812"/>
  <tag k="addr:city" v="Karlsruhe"/>
  <tag k="addr:country" v="DE"/>
  <tag k="addr:housenumber" v="25"/>
  <tag k="addr:postcode" v="76131"/>
  <tag k="addr:street" v="Striederstraße"/>
  <tag k="addr:suburb" v="Oststadt"/>
  <tag k="building" v="office"/>
  <tag k="source:geometry" v="Maps4BW, LGL, www.lgl-bw.de"/>
 </way>
 <way id="122816548" visible="true" version="4" changeset="50387697" timestamp="2017-07-18T19:44:19Z" user="Lyra2108" uid="6338238">
  <nd ref="1082263805"/>
  <nd ref="1371280985"/>
  <nd ref="1371280976"/>
  <nd ref="1371280983"/>
  <nd ref="1371280997"/>
  <nd ref="1371281002"/>
  <nd ref="1371280987"/>
  <nd ref="1371281003"/>
  <nd ref="1371281006"/>
  <nd ref="1371281020"/>
  <nd ref="1371281046"/>
  <nd ref="1082263963"/>
  <nd ref="1082263805"/>
  <tag k="addr:city" v="Karlsruhe"/>
  <tag k="addr:country" v="DE"/>
  <tag k="addr:housenumber" v="10"/>
  <tag k="addr:postcode" v="76131"/>
  <tag k="addr:street" v="Hermine-Villinger-Straße"/>
  <tag k="building" v="apartments"/>
  <tag k="building:levels" v="4"/>
  <tag k="roof:levels" v="1"/>
 </way>
 <way id="122816605" visible="true" version="2" changeset="23555956" timestamp="2014-07-02T12:38:11Z" user="drhzbg" uid="6609">
  <nd ref="1371281005"/>
  <nd ref="1371281067"/>
  <nd ref="1371281095"/>
  <nd ref="1371281031"/>
  <nd ref="1371281005"/>
  <tag k="building" v="garages"/>
 </way>
 <way id="122816615" visible="true" version="2" changeset="23555956" timestamp="2014-07-02T12:38:13Z" user="drhzbg" uid="6609">
  <nd ref="1371281076"/>
  <nd ref="1371281097"/>
  <nd ref="1371281132"/>
  <nd ref="1371281103"/>
  <nd ref="1371281076"/>
  <tag k="building" v="garages"/>
 </way>
 <way id="122816654" visible="true" version="4" changeset="50387697" timestamp="2017-07-18T19:43:29Z" user="Lyra2108" uid="6338238">
  <nd ref="1371280882"/>
  <nd ref="1371280886"/>
  <nd ref="1371280863"/>
  <nd ref="1371280892"/>
  <nd ref="1371280897"/>
  <nd ref="1371280909"/>
  <nd ref="1371281022"/>
  <nd ref="1371281000"/>
  <nd ref="1371280882"/>
  <tag k="addr:city" v="Karlsruhe"/>
  <tag k="addr:country" v="DE"/>
  <tag k="addr:housenumber" v="6"/>
  <tag k="addr:postcode" v="76131"/>
  <tag k="addr:street" v="Hermine-Villinger-Straße"/>
  <tag k="building" v="apartments"/>
  <tag k="building:levels" v="5"/>
  <tag k="roof:levels" v="1"/>
 </way>
 <way id="122816655" visible="true" version="4" changeset="50387697" timestamp="2017-07-18T19:43:18Z" user="Lyra2108" uid="6338238">
  <nd ref="1082263930"/>
  <nd ref="1371280814"/>
  <nd ref="1371280809"/>
  <nd ref="1371280838"/>
  <nd ref="1371280857"/>
  <nd ref="1371280882"/>
  <nd ref="1371281000"/>
  <nd ref="1082263877"/>
  <nd ref="1082263930"/>
  <tag k="addr:city" v="Karlsruhe"/>
  <tag k="addr:country" v="DE"/>
  <tag k="addr:housenumber" v="4"/>
  <tag k="addr:postcode" v="76131"/>
  <tag k="addr:street" v="Hermine-Villinger-Straße"/>
  <tag k="building" v="apartments"/>
  <tag k="building:levels" v="5"/>
  <tag k="roof:levels" v="1"/>
 </way>
 <way id="122835661" visible="true" version="2" changeset="138257159" timestamp="2023-07-08T09:51:41Z" user="amapanda ᚛ᚐᚋᚐᚅᚇᚐ᚜ 🏳️‍⚧️" uid="23770">
  <nd ref="1371435529"/>
  <nd ref="1371435514"/>
  <nd ref="1371435512"/>
  <nd ref="1371435508"/>
  <nd ref="1371435490"/>
  <nd ref="1371435510"/>
  <nd ref="1371435530"/>
  <nd ref="1371435532"/>
  <nd ref="1371435533"/>
  <nd ref="1371435537"/>
  <nd ref="1371435529"/>
  <tag k="building" v="retail"/>
 </way>
 <way id="122835663" visible="true" version="3" changeset="77489581" timestamp="2019-11-24T18:31:21Z" user="mapper999" uid="165061">
  <nd ref="1371435540"/>
  <nd ref="1293662846"/>
  <nd ref="1293662838"/>
  <nd ref="1293662799"/>
  <nd ref="1371435527"/>
  <nd ref="366105581"/>
  <nd ref="1371435541"/>
  <nd ref="1371435543"/>
  <nd ref="1371435547"/>
  <nd ref="1371435545"/>
  <nd ref="1371435540"/>
  <tag k="building" v="commercial"/>
  <tag k="building:levels" v="1"/>
  <tag k="source:geometry" v="Maps4BW, LGL, www.lgl-bw.de"/>
 </way>
 <way id="122835690" visible="true" version="1" changeset="8808959" timestamp="2011-07-23T18:42:01Z" user="user_212553" uid="212553">
  <nd ref="1371435297"/>
  <nd ref="1371435325"/>
  <nd ref="1371435328"/>
  <nd ref="1285437082"/>
  <nd ref="1371435297"/>
  <tag k="building" v="yes"/>
 </way>
 <way id="122835711" visible="true" version="1" changeset="8808959" timestamp="2011-07-23T18:42:04Z" user="user_212553" uid="212553">
  <nd ref="1285437078"/>
  <nd ref="1371435155"/>
  <nd ref="1371435309"/>
  <nd ref="1285437082"/>
  <nd ref="1285437078"/>
  <tag k="building" v="yes"/>
 </way>
 <way id="122835718" visible="true" version="3" changeset="66866967" timestamp="2019-02-02T23:10:18Z" user="mapper999" uid="165061">
  <nd ref="1371435346"/>
  <nd ref="1371435185"/>
  <nd ref="1371435234"/>
  <nd ref="1371435378"/>
  <nd ref="1371435346"/>
 </way>
 <way id="122835804" visible="true" version="1" changeset="8808959" timestamp="2011-07-23T18:42:12Z" user="user_212553" uid="212553">
  <nd ref="1285437088"/>
  <nd ref="1371435286"/>
  <nd ref="1371435315"/>
  <nd ref="1371435311"/>
  <nd ref="1371434989"/>
  <nd ref="1285403372"/>
  <nd ref="1285437102"/>
  <nd ref="1285437088"/>
  <tag k="building" v="yes"/>
 </way>
 <way id="122850819" visible="true" version="1" changeset="8809611" timestamp="2011-07-23T20:06:43Z" user="user_212553" uid="212553">
  <nd ref="1371512871"/>
  <nd ref="1371512865"/>
  <nd ref="1371512835"/>
  <nd ref="1371512838"/>
  <nd ref="1371512871"/>
  <tag k="building" v="yes"/>
  <tag k="landuse" v="greenhouse_horticulture"/>
 </way>
 <way id="122850821" visible="true" version="1" changeset="8809611" timestamp="2011-07-23T20:06:43Z" user="user_212553" uid="212553">
  <nd ref="1371512876"/>
  <nd ref="1371512844"/>
  <nd ref="1371512846"/>
  <nd ref="1371512888"/>
  <nd ref="1371512879"/>
  <nd ref="1371512876"/>
  <tag k="building" v="yes"/>
  <tag k="landuse" v="greenhouse_horticulture"/>
 </way>
 <way id="124903822" visible="true" version="1" changeset="8940658" timestamp="2011-08-06T18:27:28Z" user="mapper999" uid="165061">
  <nd ref="1388682971"/>
  <nd ref="1388683228"/>
  <nd ref="1388683227"/>
  <nd ref="1388682898"/>
  <nd ref="1388682896"/>
  <nd ref="1388683348"/>
  <nd ref="1388683246"/>
  <nd ref="1388682990"/>
  <nd ref="1388683388"/>
  <nd ref="1388682895"/>
  <nd ref="1388682897"/>
  <nd ref="1388683105"/>
  <nd ref="1388683365"/>
  <nd ref="1388683244"/>
  <nd ref="1388683131"/>
  <nd ref="1388682967"/>
  <nd ref="1388683129"/>
  <nd ref="1388683195"/>
  <nd ref="1388683088"/>
  <nd ref="1388683371"/>
  <nd ref="1388683245"/>
  <nd ref="1388683095"/>
  <nd ref="1388683390"/>
  <nd ref="1388683310"/>
  <nd ref="1388682971"/>
  <tag k="landuse" v="grass"/>
 </way>
 <way id="124903824" visible="true" version="3" changeset="112026536" timestamp="2021-10-03T09:44:50Z" user="mapper999" uid="165061">
  <nd ref="1388682953"/>
  <nd ref="9141330367"/>
  <nd ref="1388683191"/>
  <nd ref="1388683024"/>
  <nd ref="1388683243"/>
  <nd ref="1388683001"/>
  <nd ref="1388683374"/>
  <nd ref="1388683353"/>
  <nd ref="1388683199"/>
  <nd ref="1388683023"/>
  <nd ref="6415920990"/>
  <nd ref="6415920989"/>
  <nd ref="6415920988"/>
  <nd ref="1388683392"/>
  <nd ref="1388683297"/>
  <nd ref="6415920987"/>
  <nd ref="6415919584"/>
  <nd ref="6415919583"/>
  <nd ref="6415920986"/>
  <nd ref="1388683393"/>
  <nd ref="1388683372"/>
  <nd ref="1388682966"/>
  <nd ref="1388683337"/>
  <nd ref="1388682894"/>
  <nd ref="1388683133"/>
  <nd ref="1388683331"/>
  <nd ref="1388683275"/>
  <nd ref="1388683257"/>
  <nd ref="1388683263"/>
  <nd ref="1388683146"/>
  <nd ref="1388683158"/>
  <nd ref="1388683248"/>
  <nd ref="1388683259"/>
  <nd ref="1388683056"/>
  <nd ref="9141330368"/>
  <nd ref="1388682953"/>
  <tag k="landuse" v="grass"/>
 </way>
 <way id="124903825" visible="true" version="8" changeset="169395432" timestamp="2025-07-24T12:16:37Z" user="BlauerRothirsch" uid="21570305">
  <nd ref="1388682928"/>
  <nd ref="1388683406"/>
  <nd ref="1388683294"/>
  <nd ref="1388683107"/>
  <nd ref="1388683058"/>
  <nd ref="1388682928"/>
  <tag k="access" v="yes"/>
  <tag k="amenity" v="parking"/>
  <tag k="fee" v="no"/>
  <tag k="orientation" v="perpendicular"/>
  <tag k="parking" v="street_side"/>
 </way>
 <way id="124903827" visible="true" version="2" changeset="112026536" timestamp="2021-10-03T09:44:50Z" user="mapper999" uid="165061">
  <nd ref="1388683150"/>
  <nd ref="9141347475"/>
  <nd ref="9141347476"/>
  <nd ref="9141347477"/>
  <nd ref="9141347478"/>
  <nd ref="9141347479"/>
  <nd ref="9141347480"/>
  <nd ref="9141347481"/>
  <nd ref="9141347482"/>
  <nd ref="9141347483"/>
  <nd ref="9141347484"/>
  <nd ref="1388683078"/>
  <nd ref="1388683005"/>
  <nd ref="1388683096"/>
  <nd ref="1388683410"/>
  <nd ref="1388683247"/>
  <nd ref="1388683411"/>
  <nd ref="9141347488"/>
  <nd ref="9141347487"/>
  <nd ref="1388683126"/>
  <nd ref="9141347486"/>
  <nd ref="1388683279"/>
  <nd ref="9141347485"/>
  <nd ref="1388683150"/>
  <tag k="landuse" v="grass"/>
 </way>
 <way id="124903831" visible="true" version="4" changeset="112026536" timestamp="2021-10-03T09:44:50Z" user="mapper999" uid="165061">
  <nd ref="1388683210"/>
  <nd ref="9141330351"/>
  <nd ref="9141330352"/>
  <nd ref="9141330350"/>
  <nd ref="1388683406"/>
  <nd ref="1388682928"/>
  <nd ref="1388683058"/>
  <nd ref="1388683107"/>
  <nd ref="1388683294"/>
  <nd ref="1388683356"/>
  <nd ref="1388683022"/>
  <nd ref="1388683317"/>
  <nd ref="1388683319"/>
  <nd ref="1388683300"/>
  <nd ref="1388683295"/>
  <nd ref="1388682946"/>
  <nd ref="1388683260"/>
  <nd ref="1388683197"/>
  <nd ref="1388683167"/>
  <nd ref="1388683394"/>
  <nd ref="5403594134"/>
  <nd ref="1388683354"/>
  <nd ref="5403594136"/>
  <nd ref="5403594137"/>
  <nd ref="1388683375"/>
  <nd ref="1388683163"/>
  <nd ref="1388683179"/>
  <nd ref="1388683261"/>
  <nd ref="1388683210"/>
  <tag k="landuse" v="grass"/>
 </way>
 <way id="124903832" visible="true" version="1" changeset="8940658" timestamp="2011-08-06T18:27:31Z" user="mapper999" uid="165061">
  <nd ref="1388683408"/>
  <nd ref="1388683409"/>
  <nd ref="1388683240"/>
  <nd ref="1388682968"/>
  <nd ref="1388683137"/>
  <nd ref="1388683122"/>
  <nd ref="1388683165"/>
  <nd ref="1388682917"/>
  <nd ref="1388683273"/>
  <nd ref="1388682873"/>
  <nd ref="1388683238"/>
  <nd ref="1388682916"/>
  <nd ref="1388682913"/>
  <nd ref="1388683059"/>
  <nd ref="1388682929"/>
  <nd ref="1388683074"/>
  <nd ref="1388683408"/>
  <tag k="landuse" v="grass"/>
 </way>
 <way id="124903833" visible="true" version="3" changeset="41350087" timestamp="2016-08-09T17:24:49Z" user="mapper999" uid="165061">
  <nd ref="1388683072"/>
  <nd ref="4343222492"/>
  <nd ref="1388683077"/>
  <nd ref="1388683124"/>
  <nd ref="1388683060"/>
  <nd ref="1388682988"/>
  <nd ref="1388682952"/>
  <nd ref="1388682882"/>
  <nd ref="1388683080"/>
  <nd ref="1388682950"/>
  <nd ref="1388682970"/>
  <nd ref="1388682949"/>
  <nd ref="1388683355"/>
  <nd ref="1388683265"/>
  <nd ref="1388683103"/>
  <nd ref="1388682881"/>
  <nd ref="1388683038"/>
  <nd ref="1388682981"/>
  <nd ref="1388683092"/>
  <nd ref="1388683072"/>
  <tag k="landuse" v="grass"/>
 </way>
 <way id="124903834" visible="true" version="3" changeset="131338729" timestamp="2023-01-16T13:37:59Z" user="Scout Jens" uid="12466125">
  <nd ref="1388682911"/>
  <nd ref="1388682914"/>
  <nd ref="1388682915"/>
  <nd ref="1388683216"/>
  <nd ref="1388682931"/>
  <nd ref="1388683135"/>
  <nd ref="1388682900"/>
  <nd ref="1388682930"/>
  <nd ref="9141330359"/>
  <nd ref="1388682911"/>
  <tag k="landuse" v="grass"/>
 </way>
 <way id="124903838" visible="true" version="11" changeset="133786724" timestamp="2023-03-17T12:34:37Z" user="B-Rabbit" uid="952926">
  <nd ref="6498802486"/>
  <nd ref="4271999367"/>
  <nd ref="1388683135"/>
  <nd ref="1388682900"/>
  <nd ref="1388683187"/>
  <nd ref="9141330354"/>
  <nd ref="9141330355"/>
  <nd ref="4271999369"/>
  <nd ref="2903356752"/>
  <nd ref="4258962157"/>
  <nd ref="1388683075"/>
  <nd ref="4271999366"/>
  <nd ref="6498802487"/>
  <nd ref="6498802486"/>
  <tag k="access" v="yes"/>
  <tag k="amenity" v="parking"/>
  <tag k="capacity" v="19"/>
  <tag k="fee" v="no"/>
  <tag k="maxstay" v="2 hours"/>
  <tag k="maxstay:conditional" v="none @ (Mo-Fr 00:00-08:00,17:00-24:00; Sa,Su,PH 00:00-24:00)"/>
  <tag k="parking" v="street_side"/>
  <tag k="parking:condition" v="disc"/>
  <tag k="parking:condition:time_interval" v="Mo-Fr 08:00-17:00"/>
 </way>
 <way id="134201055" visible="true" version="13" changeset="165133041" timestamp="2025-04-18T22:32:47Z" user="welzheimerwald" uid="4454169">
  <nd ref="325169299"/>
  <nd ref="325168683"/>
  <nd ref="325167044"/>
  <nd ref="1479145186"/>
  <nd ref="1479145238"/>
  <nd ref="1479145411"/>
  <nd ref="1479145483"/>
  <nd ref="1479145549"/>
  <nd ref="1479145695"/>
  <nd ref="1479145921"/>
  <nd ref="1479145942"/>
  <nd ref="1481170844"/>
  <nd ref="1481170920"/>
  <nd ref="325168575"/>
  <nd ref="1832375090"/>
  <nd ref="1478865117"/>
  <nd ref="1478836456"/>
  <nd ref="1832375091"/>
  <nd ref="1478836614"/>
  <nd ref="1832375092"/>
  <nd ref="1832375094"/>
  <nd ref="1478837672"/>
  <nd ref="1832375096"/>
  <nd ref="1832375098"/>
  <nd ref="1832375100"/>
  <nd ref="1478837919"/>
  <nd ref="1832375102"/>
  <nd ref="1179391239"/>
  <nd ref="1832375116"/>
  <nd ref="1478865210"/>
  <nd ref="1832375117"/>
  <nd ref="1832375118"/>
  <nd ref="1832375119"/>
  <nd ref="1832375120"/>
  <nd ref="1832375121"/>
  <nd ref="1478909557"/>
  <nd ref="1832375122"/>
  <nd ref="1478909590"/>
  <nd ref="1478865250"/>
  <nd ref="1481256399"/>
  <nd ref="1388683371"/>
  <nd ref="1478865282"/>
  <nd ref="5398863294"/>
  <tag k="admin_level" v="10"/>
  <tag k="boundary" v="administrative"/>
  <tag k="source" v="http://www.nobbi.com/download/Karlsruhe%20Stadtteile.kmz"/>
 </way>
 <way id="134505247" visible="true" version="7" changeset="77489581" timestamp="2019-11-24T18:31:21Z" user="mapper999" uid="165061">
  <nd ref="1388682934"/>
  <nd ref="1478865277"/>
  <nd ref="1388682987"/>
  <nd ref="1388683021"/>
  <nd ref="1478865280"/>
  <nd ref="7006579863"/>
  <nd ref="1247740771"/>
  <nd ref="1371435311"/>
  <nd ref="1371434989"/>
  <nd ref="1481256366"/>
  <nd ref="1481256376"/>
  <nd ref="1481256392"/>
  <nd ref="1829432929"/>
  <nd ref="1829432930"/>
  <nd ref="1388683391"/>
  <nd ref="1388682934"/>
  <tag k="landuse" v="commercial"/>
 </way>
 <way id="134505250" visible="true" version="32" changeset="181426933" timestamp="2026-04-16T18:21:22Z" user="John_mapper" uid="10048267">
  <nd ref="7683761840"/>
  <nd ref="688680839"/>
  <nd ref="7683761838"/>
  <nd ref="9521703154"/>
  <nd ref="9521703150"/>
  <nd ref="7683761839"/>
  <nd ref="7683761836"/>
  <nd ref="7683761835"/>
  <nd ref="7683761837"/>
  <nd ref="1373098971"/>
  <nd ref="1373098962"/>
  <nd ref="6052497749"/>
  <nd ref="4171917655"/>
  <nd ref="1392433572"/>
  <nd ref="1179167950"/>
  <nd ref="688680835"/>
  <nd ref="4171917646"/>
  <nd ref="1392433568"/>
  <nd ref="6052497757"/>
  <nd ref="1227755163"/>
  <nd ref="1227755210"/>
  <nd ref="4171917638"/>
  <nd ref="4200491303"/>
  <nd ref="1478909826"/>
  <nd ref="4338227182"/>
  <nd ref="1478909821"/>
  <nd ref="1478909799"/>
  <nd ref="1478909683"/>
  <nd ref="1478909676"/>
  <nd ref="1478909660"/>
  <nd ref="1478909646"/>
  <nd ref="1478909645"/>
  <nd ref="1478909639"/>
  <nd ref="1478909647"/>
  <nd ref="1478909652"/>
  <nd ref="1478909656"/>
  <nd ref="1478909684"/>
  <nd ref="10839193209"/>
  <nd ref="10839193210"/>
  <nd ref="10839193211"/>
  <nd ref="10839193208"/>
  <nd ref="688680817"/>
  <nd ref="688680812"/>
  <nd ref="4159669336"/>
  <nd ref="9272337452"/>
  <nd ref="4171917657"/>
  <nd ref="688680814"/>
  <nd ref="4663553547"/>
  <nd ref="688680815"/>
  <nd ref="1392021070"/>
  <nd ref="1052292283"/>
  <nd ref="9141347448"/>
  <nd ref="1389888074"/>
  <nd ref="1389888087"/>
  <nd ref="1389888093"/>
  <nd ref="9188328464"/>
  <nd ref="1389888097"/>
  <nd ref="1389888098"/>
  <nd ref="1048439457"/>
  <nd ref="9188328460"/>
  <nd ref="9188328459"/>
  <nd ref="1389888113"/>
  <nd ref="1389888108"/>
  <nd ref="9141347585"/>
  <nd ref="1389888100"/>
  <nd ref="1389888107"/>
  <nd ref="1389888103"/>
  <nd ref="1389888120"/>
  <nd ref="688680828"/>
  <nd ref="688680822"/>
  <nd ref="7126700924"/>
  <nd ref="4663553536"/>
  <nd ref="688680825"/>
  <nd ref="10202161464"/>
  <nd ref="688680829"/>
  <nd ref="9139003616"/>
  <nd ref="1480091366"/>
  <nd ref="10202161460"/>
  <nd ref="10202161450"/>
  <nd ref="10202161459"/>
  <nd ref="10202161458"/>
  <nd ref="10202161443"/>
  <nd ref="9139003639"/>
  <nd ref="688680801"/>
  <nd ref="10202161429"/>
  <nd ref="9139003646"/>
  <nd ref="9139003713"/>
  <nd ref="10202161420"/>
  <nd ref="9139003640"/>
  <nd ref="688680840"/>
  <nd ref="10202161419"/>
  <nd ref="9139003712"/>
  <nd ref="9139003706"/>
  <nd ref="1480091413"/>
  <nd ref="9139003705"/>
  <nd ref="9139003694"/>
  <nd ref="10763473797"/>
  <nd ref="9139003693"/>
  <nd ref="10763473755"/>
  <nd ref="9139003557"/>
  <nd ref="10202087392"/>
  <nd ref="10763473794"/>
  <nd ref="10763473756"/>
  <nd ref="688680843"/>
  <nd ref="9139003560"/>
  <nd ref="9139003542"/>
  <nd ref="688680844"/>
  <nd ref="1148788406"/>
  <nd ref="7834237073"/>
  <nd ref="688680847"/>
  <nd ref="6416011612"/>
  <nd ref="1389881205"/>
  <nd ref="1389881231"/>
  <nd ref="688680848"/>
  <nd ref="688680849"/>
  <nd ref="1146425173"/>
  <nd ref="688680851"/>
  <nd ref="6152544403"/>
  <nd ref="6152544400"/>
  <nd ref="1390505245"/>
  <nd ref="1593995908"/>
  <nd ref="1401857982"/>
  <nd ref="688680852"/>
  <nd ref="1401857990"/>
  <nd ref="1402080062"/>
  <nd ref="1402080066"/>
  <nd ref="6450454900"/>
  <nd ref="1402080079"/>
  <nd ref="6597636287"/>
  <nd ref="6597636286"/>
  <nd ref="6597636288"/>
  <nd ref="1137281418"/>
  <nd ref="1402080005"/>
  <nd ref="1402079995"/>
  <nd ref="1137281462"/>
  <nd ref="1137281490"/>
  <nd ref="1402079959"/>
  <nd ref="1402079947"/>
  <nd ref="1139735740"/>
  <nd ref="688680863"/>
  <nd ref="1416949575"/>
  <nd ref="1416949559"/>
  <nd ref="1416949551"/>
  <nd ref="1416949549"/>
  <nd ref="1416949542"/>
  <nd ref="1416949541"/>
  <nd ref="1416949513"/>
  <nd ref="1416949516"/>
  <nd ref="1416949495"/>
  <nd ref="1416949490"/>
  <nd ref="1130759993"/>
  <nd ref="1416949484"/>
  <nd ref="1416949489"/>
  <nd ref="1416949482"/>
  <nd ref="1416949476"/>
  <nd ref="1416949469"/>
  <nd ref="1416949488"/>
  <nd ref="1416949478"/>
  <nd ref="1373309962"/>
  <nd ref="1373309964"/>
  <nd ref="1373309960"/>
  <nd ref="688680862"/>
  <nd ref="1416949437"/>
  <nd ref="1416949425"/>
  <nd ref="1416949422"/>
  <nd ref="1416949415"/>
  <nd ref="1130760122"/>
  <nd ref="1130760065"/>
  <nd ref="1130760164"/>
  <nd ref="1130760024"/>
  <nd ref="1130760057"/>
  <nd ref="5667805017"/>
  <nd ref="1416951577"/>
  <nd ref="1416949414"/>
  <nd ref="5667805018"/>
  <nd ref="1416951560"/>
  <nd ref="1418914918"/>
  <nd ref="1419007729"/>
  <nd ref="688680859"/>
  <nd ref="1419007646"/>
  <nd ref="1419007612"/>
  <nd ref="1419007591"/>
  <nd ref="7683761840"/>
  <tag k="landuse" v="residential"/>
 </way>
 <way id="134514630" visible="true" version="33" changeset="164593835" timestamp="2025-04-06T14:24:01Z" user="Entbert" uid="1023194">
  <nd ref="6070580582"/>
  <nd ref="1478909924"/>
  <nd ref="1478909513"/>
  <nd ref="4250502948"/>
  <nd ref="1478909915"/>
  <nd ref="1478909908"/>
  <nd ref="1478909902"/>
  <nd ref="1478909892"/>
  <nd ref="4892726360"/>
  <nd ref="9141347449"/>
  <nd ref="1478909858"/>
  <nd ref="1478909830"/>
  <nd ref="28139979"/>
  <nd ref="5200761783"/>
  <nd ref="1482236501"/>
  <nd ref="1143095874"/>
  <nd ref="1143095824"/>
  <nd ref="1143095865"/>
  <nd ref="1143095872"/>
  <nd ref="1143095804"/>
  <nd ref="1143095839"/>
  <nd ref="1143095841"/>
  <nd ref="1143095866"/>
  <nd ref="4250502947"/>
  <nd ref="1143095823"/>
  <nd ref="1143095852"/>
  <nd ref="1143095851"/>
  <nd ref="1481256754"/>
  <nd ref="1143095843"/>
  <nd ref="1143095863"/>
  <nd ref="1143095855"/>
  <nd ref="4193868097"/>
  <tag k="detail" v="track"/>
  <tag k="electrified" v="contact_line"/>
  <tag k="frequency" v="0"/>
  <tag k="gauge" v="1435"/>
  <tag k="last_renovation" v="2014-12"/>
  <tag k="lit" v="yes"/>
  <tag k="maxspeed" v="50"/>
  <tag k="note" v="Gleismittenerweiterung in 2014, Luftbild stimmt vermutlich nicht mehr"/>
  <tag k="operator" v="Verkehrsbetriebe Karlsruhe GmbH"/>
  <tag k="passenger_lines" v="2"/>
  <tag k="railway" v="tram"/>
  <tag k="railway:ballastless" v="yes"/>
  <tag k="railway:preferred_direction" v="forward"/>
  <tag k="railway:traffic_mode" v="passenger"/>
  <tag k="ref" v="12150"/>
  <tag k="start_date" v="1929"/>
  <tag k="voltage" v="750"/>
  <tag k="workrules" v="DE:BOStrab"/>
 </way>
 <way id="134514683" visible="true" version="13" changeset="69889283" timestamp="2019-05-04T20:38:24Z" user="mapper999" uid="165061">
  <nd ref="25928868"/>
  <nd ref="1143095859"/>
  <nd ref="1143095852"/>
  <nd ref="25396608"/>
  <tag k="bicycle" v="use_sidepath"/>
  <tag k="highway" v="primary"/>
  <tag k="lanes" v="3"/>
  <tag k="lit" v="yes"/>
  <tag k="maxspeed" v="50"/>
  <tag k="name" v="Ostring"/>
  <tag k="note" v="im SHP des NVK: I"/>
  <tag k="oneway" v="yes"/>
  <tag k="placement" v="right_of:2"/>
  <tag k="ref" v="L 560"/>
  <tag k="surface" v="asphalt"/>
  <tag k="turn:lanes" v="left|through|through"/>
  <tag k="zone:traffic" v="DE:urban"/>
 </way>
 <way id="134514684" visible="true" version="9" changeset="165066944" timestamp="2025-04-17T11:35:19Z" user="Bvmz" uid="7420605">
  <nd ref="1820693792"/>
  <nd ref="25909794"/>
  <nd ref="25929528"/>
  <nd ref="1820693774"/>
  <nd ref="1820693766"/>
  <nd ref="25909793"/>
  <tag k="bicycle" v="use_sidepath"/>
  <tag k="cycleway:both" v="separate"/>
  <tag k="highway" v="primary"/>
  <tag k="lanes" v="3"/>
  <tag k="lit" v="yes"/>
  <tag k="maxspeed" v="50"/>
  <tag k="name" v="Ostring"/>
  <tag k="note" v="im SHP des NVK: I"/>
  <tag k="oneway" v="yes"/>
  <tag k="placement" v="right_of:2"/>
  <tag k="ref" v="L 560"/>
  <tag k="smoothness" v="excellent"/>
  <tag k="surface" v="asphalt"/>
  <tag k="turn:lanes" v="left|through|through;right"/>
 </way>
 <way id="134514691" visible="true" version="9" changeset="151319677" timestamp="2024-05-14T15:56:11Z" user="rbpca" uid="16188450">
  <nd ref="1478909601"/>
  <nd ref="4171917612"/>
  <nd ref="1478909602"/>
  <nd ref="1478909606"/>
  <nd ref="261668268"/>
  <nd ref="261668267"/>
  <nd ref="1478909613"/>
  <nd ref="261668265"/>
  <nd ref="1478909650"/>
  <nd ref="1051268942"/>
  <tag k="bicycle" v="designated"/>
  <tag k="check_date:surface" v="2024-05-14"/>
  <tag k="cycleway:surface" v="asphalt"/>
  <tag k="foot" v="designated"/>
  <tag k="footway:surface" v="asphalt"/>
  <tag k="highway" v="path"/>
  <tag k="lit" v="yes"/>
  <tag k="oneway" v="yes"/>
  <tag k="segregated" v="yes"/>
  <tag k="source" v="survey"/>
  <tag k="surface" v="asphalt"/>
 </way>
 <way id="134514715" visible="true" version="11" changeset="139471390" timestamp="2023-08-05T09:31:02Z" user="mario98" uid="9616049">
  <nd ref="1478909680"/>
  <nd ref="2903356754"/>
  <nd ref="1482236344"/>
  <nd ref="1143095845"/>
  <nd ref="1143095823"/>
  <nd ref="1957236442"/>
  <nd ref="1957236377"/>
  <nd ref="1482236349"/>
  <tag k="bicycle" v="designated"/>
  <tag k="cycleway" v="crossing"/>
  <tag k="foot" v="designated"/>
  <tag k="highway" v="cycleway"/>
  <tag k="lit" v="yes"/>
  <tag k="oneway" v="yes"/>
  <tag k="oneway:bicycle" v="yes"/>
  <tag k="segregated" v="no"/>
  <tag k="surface" v="paving_stones"/>
 </way>
 <way id="134641656" visible="true" version="11" changeset="130569479" timestamp="2022-12-27T18:57:45Z" user="Dominic Z" uid="56475">
  <nd ref="25396608"/>
  <nd ref="25909793"/>
  <tag k="access:lanes" v="yes|yes|no"/>
  <tag k="bicycle:lanes" v="yes|use_sidepath|designated"/>
  <tag k="cycleway:right" v="lane"/>
  <tag k="cycleway:right:lane" v="exclusive"/>
  <tag k="highway" v="tertiary"/>
  <tag k="lanes" v="2"/>
  <tag k="lit" v="yes"/>
  <tag k="maxspeed" v="50"/>
  <tag k="name" v="Rintheimer Straße"/>
  <tag k="name:etymology:wikidata" v="Q2154300"/>
  <tag k="note" v="im SHP des NVK: III"/>
  <tag k="oneway" v="yes"/>
  <tag k="placement" v="middle_of:2"/>
  <tag k="source:maxspeed" v="DE:urban"/>
  <tag k="surface" v="asphalt"/>
  <tag k="turn:lanes" v="left|through|through"/>
  <tag k="width:lanes" v="3|3.2|1.5"/>
  <tag k="zone:traffic" v="DE:urban"/>
 </way>
 <way id="134768964" visible="true" version="8" changeset="181086040" timestamp="2026-04-09T10:07:19Z" user="mfbehrens" uid="9645335">
  <nd ref="1481257067"/>
  <nd ref="1481257094"/>
  <nd ref="1481257099"/>
  <nd ref="1481257117"/>
  <nd ref="1481257127"/>
  <nd ref="1481257135"/>
  <tag k="cycleway:both" v="no"/>
  <tag k="highway" v="residential"/>
  <tag k="lit" v="yes"/>
  <tag k="maxspeed" v="30"/>
  <tag k="name" v="Hermine-Villinger-Straße"/>
  <tag k="name:etymology:wikidata" v="Q1613614"/>
  <tag k="parking:left" v="on_kerb"/>
  <tag k="parking:left:orientation" v="perpendicular"/>
  <tag k="parking:right" v="no"/>
  <tag k="sidewalk" v="both"/>
  <tag k="surface" v="asphalt"/>
 </way>
 <way id="134768969" visible="true" version="5" changeset="83837144" timestamp="2020-04-20T18:18:02Z" user="mapper999" uid="165061">
  <nd ref="1247740724"/>
  <nd ref="4972334550"/>
  <nd ref="527256374"/>
  <nd ref="4972334551"/>
  <nd ref="4972334544"/>
  <nd ref="1481256421"/>
  <nd ref="6152604632"/>
  <nd ref="4972334525"/>
  <nd ref="523633900"/>
  <nd ref="523633905"/>
  <nd ref="4972334552"/>
  <nd ref="1481256349"/>
  <nd ref="1481256366"/>
  <nd ref="1371434989"/>
  <nd ref="1371435311"/>
  <nd ref="1247740771"/>
  <nd ref="4972334540"/>
  <nd ref="1247740724"/>
  <tag k="landuse" v="retail"/>
 </way>
 <way id="134768981" visible="true" version="7" changeset="181086040" timestamp="2026-04-09T10:07:40Z" user="mfbehrens" uid="9645335">
  <nd ref="1481257223"/>
  <nd ref="1481257207"/>
  <nd ref="1481257193"/>
  <nd ref="1481257173"/>
  <nd ref="1481257156"/>
  <nd ref="1481257151"/>
  <nd ref="1481257141"/>
  <nd ref="1481257135"/>
  <tag k="highway" v="residential"/>
  <tag k="lit" v="yes"/>
  <tag k="maxspeed" v="30"/>
  <tag k="name" v="Mombertstraße"/>
  <tag k="name:etymology:wikidata" v="Q104790"/>
  <tag k="note" v="no connection to ostring"/>
  <tag k="parking:condition:right" v="free"/>
  <tag k="parking:lane:right" v="parallel"/>
  <tag k="parking:lane:right:parallel" v="on_street"/>
  <tag k="smoothness" v="good"/>
  <tag k="surface" v="asphalt"/>
 </way>
 <way id="134768988" visible="true" version="10" changeset="174100962" timestamp="2025-11-02T12:53:45Z" user="FOSS Fan" uid="23309910">
  <nd ref="261668297"/>
  <nd ref="3368389059"/>
  <nd ref="4355717417"/>
  <nd ref="3368389060"/>
  <nd ref="1482236350"/>
  <nd ref="1482236449"/>
  <nd ref="4271999370"/>
  <nd ref="25928872"/>
  <tag k="bicycle" v="yes"/>
  <tag k="foot" v="designated"/>
  <tag k="highway" v="path"/>
  <tag k="lit" v="yes"/>
  <tag k="oneway:bicycle" v="yes"/>
  <tag k="segregated" v="no"/>
  <tag k="smoothness" v="good"/>
  <tag k="surface" v="paving_stones"/>
 </way>
 <way id="134768989" visible="true" version="9" changeset="135329785" timestamp="2023-04-25T07:18:42Z" user="Scout Jens" uid="12466125">
  <nd ref="1481256815"/>
  <nd ref="1481256767"/>
  <nd ref="1481256660"/>
  <nd ref="1481256584"/>
  <nd ref="1481256534"/>
  <nd ref="1481256540"/>
  <nd ref="1481256545"/>
  <nd ref="6124923781"/>
  <nd ref="1481256553"/>
  <nd ref="9887088269"/>
  <nd ref="6498653950"/>
  <nd ref="1481256559"/>
  <tag k="highway" v="path"/>
  <tag k="lit" v="yes"/>
  <tag k="motor_vehicle" v="private"/>
  <tag k="segregated" v="no"/>
  <tag k="source" v="survey"/>
  <tag k="surface" v="paving_stones"/>
 </way>
 <way id="134768992" visible="true" version="4" changeset="165067082" timestamp="2025-04-17T11:35:39Z" user="Bvmz" uid="7420605">
  <nd ref="1481257113"/>
  <nd ref="1481257141"/>
  <tag k="bicycle" v="designated"/>
  <tag k="foot" v="designated"/>
  <tag k="highway" v="path"/>
  <tag k="segregated" v="no"/>
  <tag k="smoothness" v="intermediate"/>
  <tag k="surface" v="paving_stones"/>
 </way>
 <way id="134768996" visible="true" version="11" changeset="165067082" timestamp="2025-04-17T11:34:28Z" user="Bvmz" uid="7420605">
  <nd ref="1482236349"/>
  <nd ref="1820693772"/>
  <nd ref="1820693766"/>
  <nd ref="9141330348"/>
  <tag k="bicycle" v="designated"/>
  <tag k="cycleway" v="crossing"/>
  <tag k="foot" v="designated"/>
  <tag k="highway" v="cycleway"/>
  <tag k="lit" v="yes"/>
  <tag k="oneway" v="yes"/>
  <tag k="oneway:bicycle" v="yes"/>
  <tag k="segregated" v="no"/>
  <tag k="smoothness" v="good"/>
  <tag k="surface" v="asphalt"/>
 </way>
 <way id="134768998" visible="true" version="5" changeset="135329785" timestamp="2023-04-25T07:18:42Z" user="Scout Jens" uid="12466125">
  <nd ref="1481256802"/>
  <nd ref="4338239099"/>
  <nd ref="1481256874"/>
  <nd ref="1481256912"/>
  <nd ref="1481256928"/>
  <nd ref="1481256904"/>
  <tag k="highway" v="service"/>
  <tag k="lit" v="yes"/>
  <tag k="service" v="parking_aisle"/>
  <tag k="surface" v="asphalt"/>
 </way>
 <way id="134769001" visible="true" version="4" changeset="70599401" timestamp="2019-05-24T21:06:54Z" user="mapper999" uid="165061">
  <nd ref="1481256904"/>
  <nd ref="1481256698"/>
  <nd ref="1481256718"/>
  <nd ref="1481256738"/>
  <nd ref="1481256748"/>
  <nd ref="1481256763"/>
  <nd ref="1481256784"/>
  <nd ref="1481256802"/>
  <tag k="highway" v="service"/>
  <tag k="lit" v="yes"/>
  <tag k="service" v="parking_aisle"/>
  <tag k="surface" v="asphalt"/>
 </way>
 <way id="134769010" visible="true" version="15" changeset="148706988" timestamp="2024-03-15T20:41:26Z" user="Rainero" uid="137242">
  <nd ref="1481256789"/>
  <nd ref="9188448242"/>
  <nd ref="9188448240"/>
  <nd ref="9188448239"/>
  <nd ref="6498653935"/>
  <nd ref="1481256706"/>
  <nd ref="1481256687"/>
  <nd ref="1481256635"/>
  <nd ref="9188448220"/>
  <nd ref="9188448222"/>
  <nd ref="6498653939"/>
  <nd ref="6498653952"/>
  <nd ref="6498653942"/>
  <nd ref="9188448225"/>
  <nd ref="9188448227"/>
  <nd ref="9188448229"/>
  <nd ref="9188448231"/>
  <nd ref="9188448233"/>
  <nd ref="9188448235"/>
  <nd ref="1481256602"/>
  <nd ref="1481256667"/>
  <nd ref="1481256679"/>
  <nd ref="1481256608"/>
  <nd ref="9887088262"/>
  <nd ref="1481256616"/>
  <nd ref="9887088263"/>
  <nd ref="9887088265"/>
  <nd ref="4338227179"/>
  <nd ref="9188448249"/>
  <nd ref="9188448247"/>
  <nd ref="9188448245"/>
  <nd ref="9188448243"/>
  <nd ref="1481256592"/>
  <nd ref="1481256650"/>
  <nd ref="6498653946"/>
  <nd ref="1481256640"/>
  <nd ref="1481256863"/>
  <nd ref="1481256904"/>
  <nd ref="1481256964"/>
  <nd ref="1481256933"/>
  <nd ref="1481257030"/>
  <nd ref="6018491505"/>
  <nd ref="6018491506"/>
  <nd ref="6018491507"/>
  <nd ref="6018491508"/>
  <nd ref="6018491509"/>
  <nd ref="6018491510"/>
  <nd ref="1481257038"/>
  <nd ref="1481256970"/>
  <nd ref="1481256975"/>
  <nd ref="1481257011"/>
  <nd ref="9188428063"/>
  <nd ref="1481257000"/>
  <nd ref="1481256989"/>
  <nd ref="6018491517"/>
  <nd ref="6018491529"/>
  <nd ref="6498653921"/>
  <nd ref="1481256892"/>
  <nd ref="1481256869"/>
  <nd ref="1481256807"/>
  <nd ref="1481256789"/>
  <tag k="access" v="yes"/>
  <tag k="amenity" v="parking"/>
  <tag k="bus" v="no"/>
  <tag k="capacity" v="70"/>
  <tag k="capacity:disabled" v="2"/>
  <tag k="fee" v="no"/>
  <tag k="hgv" v="no"/>
  <tag k="lit" v="yes"/>
  <tag k="motorcar" v="designated"/>
  <tag k="opening_hours" v="24/7"/>
  <tag k="operator" v="Stadt Karlsruhe"/>
  <tag k="operator:type" v="public"/>
  <tag k="parking" v="surface"/>
  <tag k="source" v="survey"/>
  <tag k="supervised" v="no"/>
  <tag k="surface" v="paving_stones"/>
  <tag k="tourist_bus" v="no"/>
 </way>
 <way id="134893438" visible="true" version="11" changeset="179313413" timestamp="2026-03-03T17:18:44Z" user="JustFelicia" uid="23891092">
  <nd ref="1186225316"/>
  <nd ref="6779941210"/>
  <nd ref="1482236684"/>
  <nd ref="1482236673"/>
  <nd ref="1482236661"/>
  <nd ref="1482236655"/>
  <nd ref="1482236645"/>
  <nd ref="1482236643"/>
  <nd ref="1482236616"/>
  <nd ref="1482236593"/>
  <tag k="bicycle" v="designated"/>
  <tag k="foot" v="designated"/>
  <tag k="highway" v="path"/>
  <tag k="lit" v="yes"/>
  <tag k="name" v="Pfarrer-Junker-Weg"/>
  <tag k="note" v="ohne Beschilderung, Radfahren nach kommunaler Satzung erlaubt"/>
  <tag k="segregated" v="no"/>
  <tag k="surface" v="asphalt"/>
 </way>
 <way id="134893449" visible="true" version="6" changeset="156169847" timestamp="2024-09-04T06:12:54Z" user="Scout Jens" uid="12466125">
  <nd ref="1482236537"/>
  <nd ref="4171917633"/>
  <nd ref="1482236497"/>
  <nd ref="1482236430"/>
  <nd ref="1482236410"/>
  <nd ref="1482236356"/>
  <nd ref="1482236349"/>
  <tag k="bicycle" v="yes"/>
  <tag k="foot" v="designated"/>
  <tag k="highway" v="path"/>
  <tag k="horse" v="no"/>
  <tag k="lit" v="yes"/>
  <tag k="oneway:bicycle" v="yes"/>
  <tag k="surface" v="paving_stones"/>
 </way>
 <way id="134893450" visible="true" version="7" changeset="166086799" timestamp="2025-05-10T21:27:28Z" user="gerjor" uid="22883170">
  <nd ref="1482236497"/>
  <nd ref="1482236559"/>
  <nd ref="1482236599"/>
  <nd ref="1482236615"/>
  <nd ref="1482236617"/>
  <nd ref="12827170932"/>
  <nd ref="1482236651"/>
  <nd ref="10052396840"/>
  <nd ref="1482236665"/>
  <nd ref="1482236674"/>
  <nd ref="1482236681"/>
  <nd ref="1482236692"/>
  <nd ref="1482236697"/>
  <nd ref="1482236708"/>
  <nd ref="1186225316"/>
  <tag k="bicycle" v="no"/>
  <tag k="foot" v="designated"/>
  <tag k="highway" v="footway"/>
  <tag k="horse" v="no"/>
  <tag k="lit" v="no"/>
  <tag k="source" v="survey"/>
  <tag k="surface" v="compacted"/>
  <tag k="traffic_sign" v="DE:239"/>
 </way>
 <way id="246322945" visible="true" version="24" changeset="164593835" timestamp="2025-04-06T14:24:01Z" user="Entbert" uid="1023194">
  <nd ref="1143095834"/>
  <nd ref="1143095873"/>
  <nd ref="4270458871"/>
  <nd ref="1481256736"/>
  <nd ref="1143095812"/>
  <nd ref="1143095859"/>
  <nd ref="1143095845"/>
  <nd ref="1143095817"/>
  <nd ref="1143095861"/>
  <nd ref="1143095799"/>
  <nd ref="1143095818"/>
  <nd ref="25909797"/>
  <nd ref="1143095832"/>
  <nd ref="1143095801"/>
  <nd ref="1482236491"/>
  <nd ref="4271999371"/>
  <nd ref="1143095837"/>
  <nd ref="1478909828"/>
  <nd ref="1478909857"/>
  <nd ref="9141347511"/>
  <nd ref="1478909891"/>
  <nd ref="1478909900"/>
  <nd ref="4258962162"/>
  <nd ref="1478909907"/>
  <nd ref="1478909914"/>
  <nd ref="1478909918"/>
  <nd ref="1478909922"/>
  <nd ref="1478909514"/>
  <nd ref="6070580579"/>
  <tag k="detail" v="track"/>
  <tag k="electrified" v="contact_line"/>
  <tag k="frequency" v="0"/>
  <tag k="gauge" v="1435"/>
  <tag k="last_renovation" v="2014-12"/>
  <tag k="lit" v="yes"/>
  <tag k="maxspeed" v="50"/>
  <tag k="note" v="Gleismittenerweiterung in 2014, Luftbild stimmt vermutlich nicht mehr"/>
  <tag k="operator" v="Verkehrsbetriebe Karlsruhe GmbH"/>
  <tag k="passenger_lines" v="2"/>
  <tag k="railway" v="tram"/>
  <tag k="railway:ballastless" v="yes"/>
  <tag k="railway:preferred_direction" v="forward"/>
  <tag k="railway:traffic_mode" v="passenger"/>
  <tag k="ref" v="12150"/>
  <tag k="start_date" v="1929"/>
  <tag k="voltage" v="750"/>
  <tag k="workrules" v="DE:BOStrab"/>
 </way>
 <way id="286661975" visible="true" version="8" changeset="181035156" timestamp="2026-04-08T09:02:20Z" user="mfbehrens" uid="9645335">
  <nd ref="25909798"/>
  <nd ref="1831282634"/>
  <nd ref="10052396842"/>
  <nd ref="1831282631"/>
  <tag k="highway" v="tertiary"/>
  <tag k="lanes" v="2"/>
  <tag k="lit" v="yes"/>
  <tag k="maxspeed" v="30"/>
  <tag k="name" v="Mannheimer Straße"/>
  <tag k="name:etymology:wikidata" v="Q2119"/>
  <tag k="note" v="im SHP des NVK: III"/>
  <tag k="oneway" v="yes"/>
  <tag k="operator" v="Stadt Karlsruhe"/>
  <tag k="operator:type" v="public"/>
  <tag k="placement" v="middle_of:2"/>
  <tag k="sidewalk" v="separate"/>
  <tag k="source:maxspeed" v="DE:zone30"/>
  <tag k="surface" v="asphalt"/>
  <tag k="turn:lanes" v="left|through;right"/>
  <tag k="zone:traffic" v="DE:urban"/>
 </way>
 <way id="286661977" visible="true" version="8" changeset="132440294" timestamp="2023-02-12T11:28:44Z" user="spaceshipguy" uid="18138765">
  <nd ref="25396608"/>
  <nd ref="1820693772"/>
  <nd ref="25909780"/>
  <nd ref="1820693777"/>
  <nd ref="25909781"/>
  <nd ref="7835862257"/>
  <nd ref="1371512899"/>
  <nd ref="25909783"/>
  <nd ref="25909784"/>
  <nd ref="6152544352"/>
  <nd ref="25909785"/>
  <nd ref="1371512966"/>
  <nd ref="6152544353"/>
  <nd ref="25909787"/>
  <nd ref="25909788"/>
  <nd ref="25909790"/>
  <tag k="bicycle" v="use_sidepath"/>
  <tag k="highway" v="primary"/>
  <tag k="lanes" v="2"/>
  <tag k="lit" v="yes"/>
  <tag k="maxspeed" v="50"/>
  <tag k="name" v="Ostring"/>
  <tag k="note" v="im SHP des NVK: I"/>
  <tag k="oneway" v="yes"/>
  <tag k="parking:both" v="no"/>
  <tag k="ref" v="L 560"/>
  <tag k="surface" v="asphalt"/>
  <tag k="zone:traffic" v="DE:urban"/>
 </way>
 <way id="286661978" visible="true" version="4" changeset="69889283" timestamp="2019-05-04T20:38:26Z" user="mapper999" uid="165061">
  <nd ref="25909793"/>
  <nd ref="1143095851"/>
  <nd ref="1143095812"/>
  <nd ref="25928867"/>
  <tag k="bicycle:note" v="dieser Teil muss von Fahrrädern von der Mannheimer Straße kommend genutzt werden um auf den Radweg zu gelangen"/>
  <tag k="highway" v="primary"/>
  <tag k="lanes" v="3"/>
  <tag k="lit" v="yes"/>
  <tag k="maxspeed" v="50"/>
  <tag k="name" v="Ostring"/>
  <tag k="note" v="im SHP des NVK: I"/>
  <tag k="oneway" v="yes"/>
  <tag k="placement" v="right_of:2"/>
  <tag k="ref" v="L 560"/>
  <tag k="surface" v="asphalt"/>
  <tag k="turn:lanes" v="left|through|through"/>
 </way>
 <way id="286661979" visible="true" version="6" changeset="172664454" timestamp="2025-09-30T14:49:25Z" user="Matthias Frank" uid="287306">
  <nd ref="1478865268"/>
  <nd ref="1478865271"/>
  <nd ref="1478865279"/>
  <nd ref="1478909678"/>
  <nd ref="25928868"/>
  <tag k="bicycle" v="use_sidepath"/>
  <tag k="highway" v="primary"/>
  <tag k="lanes" v="3"/>
  <tag k="lit" v="yes"/>
  <tag k="maxspeed" v="50"/>
  <tag k="name" v="Ostring"/>
  <tag k="note" v="im SHP des NVK: I"/>
  <tag k="oneway" v="yes"/>
  <tag k="parking:both" v="no"/>
  <tag k="placement" v="right_of:2"/>
  <tag k="ref" v="L 560"/>
  <tag k="start_date" v="1998"/>
  <tag k="surface" v="asphalt"/>
  <tag k="turn:lanes" v="left|through|through;right"/>
 </way>
 <way id="286661981" visible="true" version="5" changeset="130569479" timestamp="2022-12-27T18:57:45Z" user="Dominic Z" uid="56475">
  <nd ref="25928867"/>
  <nd ref="25928868"/>
  <tag k="highway" v="tertiary"/>
  <tag k="lanes" v="2"/>
  <tag k="lit" v="yes"/>
  <tag k="maxspeed" v="50"/>
  <tag k="name" v="Rintheimer Straße"/>
  <tag k="name:etymology:wikidata" v="Q2154300"/>
  <tag k="note" v="im SHP des NVK: III"/>
  <tag k="oneway" v="yes"/>
  <tag k="surface" v="asphalt"/>
  <tag k="turn:lanes" v="left|through"/>
 </way>
 <way id="286661982" visible="true" version="15" changeset="133786724" timestamp="2023-03-17T12:34:37Z" user="B-Rabbit" uid="952926">
  <nd ref="4198900399"/>
  <nd ref="10741456925"/>
  <nd ref="10741456924"/>
  <nd ref="10741456923"/>
  <nd ref="10741456922"/>
  <nd ref="4892782447"/>
  <nd ref="25396517"/>
  <nd ref="1388682947"/>
  <nd ref="4892782498"/>
  <nd ref="1388683112"/>
  <nd ref="4892782497"/>
  <nd ref="1388683057"/>
  <nd ref="1480090998"/>
  <nd ref="10052396850"/>
  <nd ref="25396526"/>
  <nd ref="1480090983"/>
  <nd ref="1480090980"/>
  <nd ref="1480090972"/>
  <nd ref="1480090966"/>
  <tag k="cycleway:left" v="no"/>
  <tag k="cycleway:right" v="separate"/>
  <tag k="highway" v="tertiary"/>
  <tag k="lanes" v="1"/>
  <tag k="lit" v="yes"/>
  <tag k="maxspeed" v="50"/>
  <tag k="name" v="Rintheimer Straße"/>
  <tag k="name:etymology:wikidata" v="Q2154300"/>
  <tag k="note" v="im SHP des NVK: III"/>
  <tag k="oneway" v="yes"/>
  <tag k="parking:left" v="no"/>
  <tag k="parking:right" v="street_side"/>
  <tag k="parking:right:orientation" v="perpendicular"/>
  <tag k="sidewalk" v="separate"/>
  <tag k="source:maxspeed" v="DE:urban"/>
  <tag k="surface" v="asphalt"/>
  <tag k="zone:traffic" v="DE:urban"/>
 </way>
 <way id="286661983" visible="true" version="10" changeset="173636000" timestamp="2025-10-22T16:11:19Z" user="Just4Van" uid="23410623">
  <nd ref="1388683187"/>
  <nd ref="2903356753"/>
  <nd ref="4270458870"/>
  <nd ref="1481256625"/>
  <nd ref="1640220045"/>
  <nd ref="25928867"/>
  <tag k="access:lanes" v="yes|yes|no"/>
  <tag k="bicycle:lanes" v="yes|yes|designated"/>
  <tag k="cycleway:right" v="lane"/>
  <tag k="cycleway:right:lane" v="exclusive"/>
  <tag k="highway" v="tertiary"/>
  <tag k="lanes" v="2"/>
  <tag k="lit" v="yes"/>
  <tag k="maxspeed" v="50"/>
  <tag k="name" v="Rintheimer Straße"/>
  <tag k="name:etymology:wikidata" v="Q2154300"/>
  <tag k="note" v="im SHP des NVK: III; Kreuzung 2014 umgebaut"/>
  <tag k="oneway" v="yes"/>
  <tag k="placement" v="right_of:1"/>
  <tag k="sidewalk" v="right"/>
  <tag k="surface" v="asphalt"/>
  <tag k="turn:lanes" v="left|through;right|none"/>
  <tag k="width:lanes" v="3|3|1.5"/>
 </way>
 <way id="326422270" visible="true" version="7" changeset="135329785" timestamp="2023-04-25T07:18:42Z" user="Scout Jens" uid="12466125">
  <nd ref="3330614529"/>
  <nd ref="6498653901"/>
  <nd ref="3330614519"/>
  <nd ref="3330614514"/>
  <nd ref="4609654393"/>
  <nd ref="1035924190"/>
  <nd ref="1371435316"/>
  <nd ref="1371435327"/>
  <nd ref="1371435429"/>
  <nd ref="1371435433"/>
  <nd ref="1371435441"/>
  <nd ref="1371435438"/>
  <nd ref="4621981800"/>
  <nd ref="1371435489"/>
  <nd ref="1371435494"/>
  <nd ref="1371435509"/>
  <nd ref="1371435506"/>
  <nd ref="1371435538"/>
  <nd ref="4173509799"/>
  <nd ref="1481256553"/>
  <nd ref="6498653950"/>
  <nd ref="1481256559"/>
  <nd ref="3330614529"/>
  <tag k="area" v="yes"/>
  <tag k="highway" v="pedestrian"/>
  <tag k="surface" v="fine_gravel"/>
 </way>
 <way id="329896438" visible="true" version="6" changeset="67897885" timestamp="2019-03-07T19:48:49Z" user="b-jazz-bot" uid="9451067">
  <nd ref="1051268926"/>
  <nd ref="2388967007"/>
  <nd ref="2388967008"/>
  <nd ref="2388967009"/>
  <nd ref="2388967011"/>
  <nd ref="2388967012"/>
  <nd ref="1051268911"/>
  <nd ref="3368389039"/>
  <nd ref="3368389038"/>
  <nd ref="3368389046"/>
  <nd ref="3368389048"/>
  <nd ref="3368389051"/>
  <nd ref="3368389058"/>
  <nd ref="3368389057"/>
  <nd ref="6205814388"/>
  <nd ref="3368389054"/>
  <nd ref="3368389053"/>
  <nd ref="3368389055"/>
  <nd ref="6205814389"/>
  <nd ref="3368389052"/>
  <nd ref="3368389047"/>
  <nd ref="3368389034"/>
  <nd ref="5680052942"/>
  <nd ref="5569848041"/>
  <nd ref="5569848042"/>
  <nd ref="1051268926"/>
  <tag k="leisure" v="sports_centre"/>
  <tag k="name" v="TSV Rintheim"/>
  <tag k="official_name" v="TSV Karlsruhe-Rintheim 1896 e.V."/>
  <tag k="sport" v="multi"/>
  <tag k="website" v="https://www.tsv-rintheim.de/"/>
 </way>
 <way id="386625124" visible="true" version="7" changeset="172664454" timestamp="2025-09-30T14:49:25Z" user="Matthias Frank" uid="287306">
  <nd ref="1478865243"/>
  <nd ref="1478865248"/>
  <nd ref="1478865253"/>
  <nd ref="4343222490"/>
  <nd ref="1478865257"/>
  <nd ref="1478865261"/>
  <nd ref="1478865264"/>
  <nd ref="1478865268"/>
  <tag k="bicycle" v="use_sidepath"/>
  <tag k="highway" v="primary"/>
  <tag k="lanes" v="2"/>
  <tag k="lit" v="yes"/>
  <tag k="maxspeed" v="50"/>
  <tag k="name" v="Ostring"/>
  <tag k="note" v="im SHP des NVK: I"/>
  <tag k="oneway" v="yes"/>
  <tag k="parking:both" v="no"/>
  <tag k="ref" v="L 560"/>
  <tag k="smoothness" v="good"/>
  <tag k="start_date" v="1998"/>
  <tag k="surface" v="asphalt"/>
 </way>
 <way id="386625125" visible="true" version="6" changeset="172664454" timestamp="2025-09-30T14:49:25Z" user="Matthias Frank" uid="287306">
  <nd ref="25928867"/>
  <nd ref="1478909673"/>
  <nd ref="1478865276"/>
  <nd ref="1478865273"/>
  <nd ref="1478865270"/>
  <nd ref="4022006456"/>
  <nd ref="1478865267"/>
  <nd ref="1478865262"/>
  <nd ref="1478865258"/>
  <tag k="bicycle" v="use_sidepath"/>
  <tag k="highway" v="primary"/>
  <tag k="lanes" v="2"/>
  <tag k="lit" v="yes"/>
  <tag k="maxspeed" v="50"/>
  <tag k="name" v="Ostring"/>
  <tag k="note" v="im SHP des NVK: I"/>
  <tag k="oneway" v="yes"/>
  <tag k="ref" v="L 560"/>
  <tag k="smoothness" v="excellent"/>
  <tag k="start_date" v="1998"/>
  <tag k="surface" v="asphalt"/>
 </way>
 <way id="391455390" visible="true" version="16" changeset="181180309" timestamp="2026-04-11T09:13:41Z" user="Scout Jens" uid="12466125">
  <nd ref="5382890614"/>
  <nd ref="13722701754"/>
  <nd ref="13722701711"/>
  <nd ref="13722675186"/>
  <nd ref="13722675187"/>
  <nd ref="13722675183"/>
  <nd ref="13722675181"/>
  <nd ref="13722675182"/>
  <nd ref="13722675178"/>
  <nd ref="13722675177"/>
  <nd ref="13722675176"/>
  <nd ref="13722675174"/>
  <nd ref="3946724302"/>
  <nd ref="3946724295"/>
  <nd ref="3946724290"/>
  <nd ref="13722675165"/>
  <nd ref="3946724282"/>
  <nd ref="3946724251"/>
  <nd ref="13722701757"/>
  <nd ref="3946724256"/>
  <nd ref="3946724258"/>
  <nd ref="3946724261"/>
  <nd ref="6415919579"/>
  <nd ref="6415919578"/>
  <nd ref="6152603869"/>
  <nd ref="6415919577"/>
  <nd ref="6415919576"/>
  <nd ref="3946724328"/>
  <nd ref="7040704475"/>
  <nd ref="5382890614"/>
  <tag k="landuse" v="residential"/>
 </way>
 <way id="391455394" visible="true" version="9" changeset="152492185" timestamp="2024-06-10T11:05:32Z" user="SliderHandle" uid="8549008">
  <nd ref="1481257269"/>
  <nd ref="1481257258"/>
  <nd ref="1481257215"/>
  <nd ref="1481257177"/>
  <nd ref="1481257113"/>
  <nd ref="1481257078"/>
  <nd ref="1481257050"/>
  <nd ref="1481256981"/>
  <tag k="bicycle" v="designated"/>
  <tag k="check_date:surface" v="2024-06-07"/>
  <tag k="cycleway:surface" v="asphalt"/>
  <tag k="foot" v="designated"/>
  <tag k="footway:surface" v="asphalt"/>
  <tag k="highway" v="path"/>
  <tag k="lit" v="yes"/>
  <tag k="oneway:bicycle" v="no"/>
  <tag k="segregated" v="yes"/>
  <tag k="surface" v="asphalt"/>
 </way>
 <way id="399458906" visible="true" version="1" changeset="37390114" timestamp="2016-02-23T14:29:37Z" user="maction" uid="62423">
  <nd ref="4022006454"/>
  <nd ref="4022006450"/>
  <nd ref="4022006448"/>
  <nd ref="4022006452"/>
  <nd ref="4022006454"/>
  <tag k="access" v="private"/>
  <tag k="amenity" v="parking"/>
  <tag k="parking" v="surface"/>
 </way>
 <way id="399458907" visible="true" version="4" changeset="142347999" timestamp="2023-10-09T12:32:01Z" user="Seetroll" uid="135562">
  <nd ref="4022006453"/>
  <nd ref="1043735631"/>
  <nd ref="1043735619"/>
  <nd ref="4022006449"/>
  <nd ref="11053438218"/>
  <nd ref="11250901060"/>
  <nd ref="4022006453"/>
  <tag k="building" v="roof"/>
  <tag k="layer" v="1"/>
  <tag k="source:outline" v="Bing 2013"/>
 </way>
 <way id="399458908" visible="true" version="2" changeset="65679388" timestamp="2018-12-21T20:33:54Z" user="mapper999" uid="165061">
  <nd ref="4022006455"/>
  <nd ref="4022006451"/>
  <tag k="highway" v="service"/>
  <tag k="lit" v="yes"/>
  <tag k="service" v="driveway"/>
 </way>
 <way id="399458909" visible="true" version="4" changeset="65679388" timestamp="2018-12-21T20:33:54Z" user="mapper999" uid="165061">
  <nd ref="4022006456"/>
  <nd ref="4349064903"/>
  <nd ref="4022006455"/>
  <tag k="highway" v="service"/>
  <tag k="lit" v="yes"/>
  <tag k="service" v="driveway"/>
 </way>
 <way id="413980128" visible="true" version="6" changeset="181035156" timestamp="2026-04-08T09:02:20Z" user="mfbehrens" uid="9645335">
  <nd ref="25928868"/>
  <nd ref="4892726332"/>
  <nd ref="2903356754"/>
  <nd ref="261668253"/>
  <nd ref="25928869"/>
  <nd ref="1831282623"/>
  <nd ref="1831282628"/>
  <nd ref="25928870"/>
  <nd ref="1482236395"/>
  <nd ref="25928871"/>
  <nd ref="1482236450"/>
  <nd ref="25928872"/>
  <tag k="highway" v="tertiary"/>
  <tag k="lanes" v="1"/>
  <tag k="lit" v="yes"/>
  <tag k="maxspeed" v="30"/>
  <tag k="name" v="Mannheimer Straße"/>
  <tag k="name:etymology:wikidata" v="Q2119"/>
  <tag k="note" v="im SHP des NVK: III"/>
  <tag k="oneway" v="yes"/>
  <tag k="sidewalk" v="separate"/>
  <tag k="surface" v="asphalt"/>
  <tag k="width" v="4.2"/>
 </way>
 <way id="414829371" visible="true" version="18" changeset="181426933" timestamp="2026-04-16T18:21:22Z" user="John_mapper" uid="10048267">
  <nd ref="688680844"/>
  <nd ref="3043099913"/>
  <nd ref="6138086766"/>
  <nd ref="3043099884"/>
  <nd ref="4159669382"/>
  <nd ref="4159669380"/>
  <nd ref="6416144931"/>
  <nd ref="6416144932"/>
  <nd ref="6416144933"/>
  <nd ref="6416144934"/>
  <nd ref="6416144935"/>
  <nd ref="6416144936"/>
  <nd ref="6416144937"/>
  <nd ref="6416144938"/>
  <nd ref="6416144939"/>
  <nd ref="6416144940"/>
  <nd ref="6416144941"/>
  <nd ref="4159669378"/>
  <nd ref="4069223172"/>
  <nd ref="4069223167"/>
  <nd ref="6416952100"/>
  <nd ref="5210819785"/>
  <nd ref="5210819786"/>
  <nd ref="6416951461"/>
  <nd ref="6416951458"/>
  <nd ref="6138087304"/>
  <nd ref="6416951468"/>
  <nd ref="5210819784"/>
  <nd ref="10237871219"/>
  <nd ref="10237871221"/>
  <nd ref="10237871215"/>
  <nd ref="10237871214"/>
  <nd ref="3762000910"/>
  <nd ref="7214939594"/>
  <nd ref="7214939595"/>
  <nd ref="7214939588"/>
  <nd ref="7214939589"/>
  <nd ref="1056101584"/>
  <nd ref="1056101548"/>
  <nd ref="7508594243"/>
  <nd ref="9272337459"/>
  <nd ref="9272337458"/>
  <nd ref="9272337443"/>
  <nd ref="4663553546"/>
  <nd ref="4663553545"/>
  <nd ref="4663553543"/>
  <nd ref="9141347442"/>
  <nd ref="4663553544"/>
  <nd ref="10839193212"/>
  <nd ref="10839193215"/>
  <nd ref="10839193218"/>
  <nd ref="10839193221"/>
  <nd ref="10839193224"/>
  <nd ref="10839193227"/>
  <nd ref="10839193230"/>
  <nd ref="10839193233"/>
  <nd ref="10839193236"/>
  <nd ref="10839193239"/>
  <nd ref="10839193241"/>
  <nd ref="10839193254"/>
  <nd ref="10839193243"/>
  <nd ref="10839193245"/>
  <nd ref="10839193247"/>
  <nd ref="688680825"/>
  <nd ref="10202161464"/>
  <nd ref="688680829"/>
  <nd ref="9139003616"/>
  <nd ref="1480091366"/>
  <nd ref="10202161460"/>
  <nd ref="10202161450"/>
  <nd ref="10202161459"/>
  <nd ref="10202161458"/>
  <nd ref="10202161443"/>
  <nd ref="9139003639"/>
  <nd ref="688680801"/>
  <nd ref="10202161429"/>
  <nd ref="9139003646"/>
  <nd ref="9139003713"/>
  <nd ref="10202161420"/>
  <nd ref="9139003640"/>
  <nd ref="688680840"/>
  <nd ref="10202161419"/>
  <nd ref="9139003712"/>
  <nd ref="9139003706"/>
  <nd ref="1480091413"/>
  <nd ref="9139003705"/>
  <nd ref="9139003694"/>
  <nd ref="10763473797"/>
  <nd ref="9139003693"/>
  <nd ref="10763473755"/>
  <nd ref="9139003557"/>
  <nd ref="10202087392"/>
  <nd ref="10763473794"/>
  <nd ref="10763473756"/>
  <nd ref="688680843"/>
  <nd ref="9139003560"/>
  <nd ref="9139003542"/>
  <nd ref="688680844"/>
  <tag k="name" v="Rintheimer Feld"/>
  <tag k="place" v="neighbourhood"/>
 </way>
 <way id="416450461" visible="true" version="5" changeset="81055282" timestamp="2020-02-15T21:19:34Z" user="mapper999" uid="165061">
  <nd ref="1478909916"/>
  <nd ref="6439649610"/>
  <nd ref="6439649595"/>
  <nd ref="6439649609"/>
  <nd ref="7214939606"/>
  <nd ref="6439649608"/>
  <nd ref="1482236614"/>
  <nd ref="1482236606"/>
  <nd ref="6439649601"/>
  <nd ref="4892726405"/>
  <tag k="footway" v="sidewalk"/>
  <tag k="highway" v="footway"/>
  <tag k="lit" v="yes"/>
  <tag k="surface" v="paving_stones"/>
 </way>
 <way id="416450462" visible="true" version="6" changeset="139471390" timestamp="2023-08-05T09:31:02Z" user="mario98" uid="9616049">
  <nd ref="1481256838"/>
  <nd ref="1481256775"/>
  <nd ref="1481256754"/>
  <nd ref="1481256736"/>
  <nd ref="1481256625"/>
  <nd ref="9141330347"/>
  <nd ref="1388683007"/>
  <tag k="bicycle" v="designated"/>
  <tag k="cycleway" v="crossing"/>
  <tag k="foot" v="designated"/>
  <tag k="highway" v="cycleway"/>
  <tag k="lit" v="yes"/>
  <tag k="oneway" v="yes"/>
  <tag k="oneway:bicycle" v="yes"/>
  <tag k="segregated" v="no"/>
  <tag k="surface" v="asphalt"/>
 </way>
 <way id="416601554" visible="true" version="2" changeset="151449922" timestamp="2024-05-17T11:42:51Z" user="rbpca" uid="16188450">
  <nd ref="4173509797"/>
  <nd ref="4173509798"/>
  <nd ref="4173509799"/>
  <tag k="highway" v="footway"/>
  <tag k="surface" v="paving_stones"/>
 </way>
 <way id="416601555" visible="true" version="7" changeset="151449963" timestamp="2024-05-17T11:42:26Z" user="rbpca" uid="16188450">
  <nd ref="4173509791"/>
  <nd ref="4173509792"/>
  <nd ref="4173509794"/>
  <nd ref="4173509795"/>
  <nd ref="4173509796"/>
  <nd ref="4173509797"/>
  <tag k="handrail" v="no"/>
  <tag k="highway" v="steps"/>
  <tag k="incline" v="down"/>
  <tag k="ramp" v="no"/>
  <tag k="step_count" v="10"/>
  <tag k="surface" v="paving_stones"/>
  <tag k="tactile_paving" v="no"/>
 </way>
 <way id="419284323" visible="true" version="10" changeset="138257031" timestamp="2023-07-08T09:50:34Z" user="amapanda ᚛ᚐᚋᚐᚅᚇᚐ᚜ 🏳️‍⚧️" uid="23770">
  <nd ref="2903356752"/>
  <nd ref="4271999369"/>
  <nd ref="9141330355"/>
  <nd ref="9141330354"/>
  <nd ref="1388683187"/>
  <tag k="cycleway:right" v="no"/>
  <tag k="highway" v="tertiary"/>
  <tag k="lanes" v="2"/>
  <tag k="lit" v="yes"/>
  <tag k="maxspeed" v="50"/>
  <tag k="name" v="Rintheimer Straße"/>
  <tag k="name:etymology:wikidata" v="Q2154300"/>
  <tag k="note" v="im SHP des NVK: III"/>
  <tag k="oneway" v="yes"/>
  <tag k="sidewalk:both" v="separate"/>
  <tag k="smoothness" v="excellent"/>
  <tag k="surface" v="asphalt"/>
  <tag k="turn:lanes" v="left|through;right"/>
 </way>
 <way id="419898880" visible="true" version="8" changeset="165066944" timestamp="2025-04-17T11:35:02Z" user="Bvmz" uid="7420605">
  <nd ref="25909793"/>
  <nd ref="1481256775"/>
  <nd ref="1820693758"/>
  <nd ref="9141330349"/>
  <nd ref="9141330353"/>
  <nd ref="4198900399"/>
  <tag k="cycleway:right" v="lane"/>
  <tag k="cycleway:right:lane" v="advisory"/>
  <tag k="highway" v="tertiary"/>
  <tag k="lanes" v="1"/>
  <tag k="lit" v="yes"/>
  <tag k="maxspeed" v="50"/>
  <tag k="name" v="Rintheimer Straße"/>
  <tag k="name:etymology:wikidata" v="Q2154300"/>
  <tag k="note" v="im SHP des NVK: III"/>
  <tag k="oneway" v="yes"/>
  <tag k="smoothness" v="excellent"/>
  <tag k="surface" v="asphalt"/>
  <tag k="width" v="4.7"/>
 </way>
 <way id="419898885" visible="true" version="5" changeset="165067082" timestamp="2025-04-17T11:34:51Z" user="Bvmz" uid="7420605">
  <nd ref="1481256981"/>
  <nd ref="4198900413"/>
  <nd ref="4198900399"/>
  <tag k="bicycle" v="designated"/>
  <tag k="fixme" v="doublecheck surface"/>
  <tag k="highway" v="cycleway"/>
  <tag k="lit" v="yes"/>
  <tag k="oneway" v="yes"/>
  <tag k="smoothness" v="good"/>
  <tag k="surface" v="asphalt"/>
 </way>
 <way id="424376969" visible="true" version="5" changeset="139471390" timestamp="2023-08-05T09:31:02Z" user="mario98" uid="9616049">
  <nd ref="1388683007"/>
  <nd ref="1478909673"/>
  <nd ref="1478909678"/>
  <nd ref="1478909680"/>
  <tag k="bicycle" v="designated"/>
  <tag k="cycleway" v="crossing"/>
  <tag k="foot" v="designated"/>
  <tag k="highway" v="cycleway"/>
  <tag k="lit" v="yes"/>
  <tag k="oneway" v="yes"/>
  <tag k="oneway:bicycle" v="yes"/>
  <tag k="segregated" v="no"/>
  <tag k="source" v="survey"/>
  <tag k="surface" v="paving_stones"/>
 </way>
 <way id="426619574" visible="true" version="6" changeset="112026536" timestamp="2021-10-03T09:44:50Z" user="mapper999" uid="165061">
  <nd ref="4258962156"/>
  <nd ref="1388682879"/>
  <nd ref="6498802496"/>
  <nd ref="1388683395"/>
  <nd ref="1388683426"/>
  <nd ref="6498802501"/>
  <nd ref="6498802500"/>
  <nd ref="6498802499"/>
  <nd ref="6498802505"/>
  <nd ref="6498802506"/>
  <nd ref="6498802504"/>
  <nd ref="6498802507"/>
  <nd ref="6498802503"/>
  <nd ref="6498802502"/>
  <nd ref="6498802510"/>
  <nd ref="6498802508"/>
  <nd ref="6498802490"/>
  <nd ref="6498802509"/>
  <nd ref="6498802492"/>
  <nd ref="4258962154"/>
  <nd ref="6498802489"/>
  <nd ref="4258962156"/>
  <tag k="access" v="yes"/>
  <tag k="amenity" v="parking"/>
  <tag k="capacity" v="9"/>
  <tag k="fee" v="no"/>
  <tag k="lit" v="yes"/>
  <tag k="opening_hours" v="24/7"/>
  <tag k="operator" v="Stadt Karlsruhe"/>
  <tag k="parking" v="street_side"/>
  <tag k="supervised" v="no"/>
 </way>
 <way id="426619575" visible="true" version="18" changeset="180175908" timestamp="2026-03-20T19:57:43Z" user="Lycentzia" uid="23939269">
  <nd ref="1043735623"/>
  <nd ref="523633897"/>
  <nd ref="523633896"/>
  <nd ref="7426790505"/>
  <nd ref="523633895"/>
  <nd ref="7426790494"/>
  <nd ref="1043735620"/>
  <nd ref="4799358240"/>
  <nd ref="7426790493"/>
  <nd ref="7426790492"/>
  <nd ref="523633901"/>
  <nd ref="4621072695"/>
  <nd ref="6847507045"/>
  <nd ref="6152604698"/>
  <nd ref="6152604699"/>
  <nd ref="6152604700"/>
  <nd ref="6152604701"/>
  <nd ref="6152604702"/>
  <nd ref="4972334526"/>
  <nd ref="4972334529"/>
  <nd ref="7426790506"/>
  <nd ref="4972334530"/>
  <nd ref="4258962146"/>
  <nd ref="1043735623"/>
  <tag k="addr:city" v="Karlsruhe"/>
  <tag k="addr:country" v="DE"/>
  <tag k="addr:housenumber" v="21"/>
  <tag k="addr:postcode" v="76131"/>
  <tag k="addr:street" v="Striederstraße"/>
  <tag k="brand" v="Netto Marken-Discount"/>
  <tag k="brand:wikidata" v="Q879858"/>
  <tag k="brand:wikipedia" v="en:Netto Marken-Discount"/>
  <tag k="check_date:opening_hours" v="2026-03-20"/>
  <tag k="level" v="0"/>
  <tag k="name" v="Netto Marken-Discount"/>
  <tag k="old_brand" v="Plus"/>
  <tag k="old_name" v="Plus"/>
  <tag k="opening_hours" v="Mo-Sa 07:00-21:00; Su,PH off"/>
  <tag k="operator" v="Netto Marken-Discount AG &amp; Co. KG"/>
  <tag k="shop" v="supermarket"/>
  <tag k="supermarket" v="discount"/>
  <tag k="website" v="https://www.netto-online.de/filialen/Karlsruhe/Striederstr-21b/7957/"/>
  <tag k="wheelchair" v="yes"/>
 </way>
 <way id="426619577" visible="true" version="6" changeset="124000665" timestamp="2022-07-24T08:42:30Z" user="mapper999" uid="165061">
  <nd ref="9231036071"/>
  <nd ref="9231036072"/>
  <nd ref="9231036073"/>
  <nd ref="4258962159"/>
  <nd ref="9231036071"/>
  <tag k="building" v="service"/>
  <tag k="operator" v="Stadtwerke Karlsruhe Netzservice GmbH"/>
  <tag k="pipeline" v="substation"/>
  <tag k="source:geometry" v="Bing 2013"/>
  <tag k="substance" v="gas"/>
  <tag k="substation" v="distribution"/>
 </way>
 <way id="428047855" visible="true" version="4" changeset="112026536" timestamp="2021-10-03T09:44:50Z" user="mapper999" uid="165061">
  <nd ref="9141347514"/>
  <nd ref="1482236457"/>
  <nd ref="1482236463"/>
  <nd ref="1482236450"/>
  <nd ref="1482236449"/>
  <tag k="footway" v="crossing"/>
  <tag k="highway" v="footway"/>
  <tag k="lit" v="yes"/>
  <tag k="start_date" v="2014-12"/>
  <tag k="surface" v="paving_stones"/>
 </way>
 <way id="435930541" visible="true" version="6" changeset="181035156" timestamp="2026-04-08T09:02:20Z" user="mfbehrens" uid="9645335">
  <nd ref="4338239100"/>
  <nd ref="25909804"/>
  <nd ref="9141330343"/>
  <nd ref="1957236377"/>
  <nd ref="4892726331"/>
  <nd ref="25396608"/>
  <tag k="access:lanes" v="yes|yes|no"/>
  <tag k="bicycle:lanes" v="yes|use_sidepath|designated"/>
  <tag k="change:lanes" v="no|no|no"/>
  <tag k="cycleway:right" v="lane"/>
  <tag k="cycleway:right:lane" v="exclusive"/>
  <tag k="highway" v="tertiary"/>
  <tag k="lanes" v="2"/>
  <tag k="lit" v="yes"/>
  <tag k="maxspeed" v="50"/>
  <tag k="name" v="Mannheimer Straße"/>
  <tag k="name:etymology:wikidata" v="Q2119"/>
  <tag k="note" v="im SHP des NVK: III"/>
  <tag k="oneway" v="yes"/>
  <tag k="operator" v="Stadt Karlsruhe"/>
  <tag k="operator:type" v="public"/>
  <tag k="placement" v="middle_of:2"/>
  <tag k="sidewalk" v="separate"/>
  <tag k="source:maxspeed" v="DE:urban"/>
  <tag k="surface" v="asphalt"/>
  <tag k="turn:lanes" v="left|through;right|through"/>
  <tag k="width:lanes" v="3|3.2|1.5"/>
  <tag k="zone:traffic" v="DE:urban"/>
 </way>
 <way id="435930542" visible="true" version="7" changeset="181035156" timestamp="2026-04-08T09:00:21Z" user="mfbehrens" uid="9645335">
  <nd ref="25929526"/>
  <nd ref="4022006451"/>
  <nd ref="1478865265"/>
  <tag k="bicycle" v="yes"/>
  <tag k="cycleway:both" v="no"/>
  <tag k="highway" v="residential"/>
  <tag k="lane_markings" v="no"/>
  <tag k="lit" v="yes"/>
  <tag k="maxspeed" v="50"/>
  <tag k="name" v="Striederstraße"/>
  <tag k="name:etymology:wikidata" v="Q113732707"/>
  <tag k="operator" v="Stadt Karlsruhe"/>
  <tag k="operator:type" v="public"/>
  <tag k="sidewalk" v="left"/>
  <tag k="source:maxspeed" v="DE:urban"/>
  <tag k="surface" v="asphalt"/>
  <tag k="zone:traffic" v="DE:urban"/>
 </way>
 <way id="435930546" visible="true" version="2" changeset="112026536" timestamp="2021-10-03T09:44:50Z" user="mapper999" uid="165061">
  <nd ref="1482236350"/>
  <nd ref="9141347469"/>
  <nd ref="9141347474"/>
  <nd ref="4338239099"/>
  <tag k="highway" v="path"/>
  <tag k="surface" v="paving_stones"/>
 </way>
 <way id="437450392" visible="true" version="5" changeset="155299048" timestamp="2024-08-15T19:37:07Z" user="rbpca" uid="16188450">
  <nd ref="1051268942"/>
  <nd ref="261668297"/>
  <tag k="bicycle" v="designated"/>
  <tag k="check_date:surface" v="2024-08-15"/>
  <tag k="cycleway:surface" v="paving_stones"/>
  <tag k="foot" v="designated"/>
  <tag k="footway:surface" v="paving_stones"/>
  <tag k="highway" v="path"/>
  <tag k="lit" v="yes"/>
  <tag k="oneway" v="yes"/>
  <tag k="segregated" v="yes"/>
  <tag k="source" v="survey"/>
  <tag k="surface" v="paving_stones"/>
 </way>
 <way id="457406541" visible="true" version="5" changeset="165067082" timestamp="2025-04-17T11:34:14Z" user="Bvmz" uid="7420605">
  <nd ref="1481256559"/>
  <nd ref="1481256563"/>
  <nd ref="1481256578"/>
  <nd ref="261668297"/>
  <tag k="bicycle" v="yes"/>
  <tag k="foot" v="yes"/>
  <tag k="highway" v="path"/>
  <tag k="lit" v="yes"/>
  <tag k="segregated" v="no"/>
  <tag k="smoothness" v="good"/>
  <tag k="source" v="survey"/>
  <tag k="surface" v="paving_stones"/>
 </way>
 <way id="466082206" visible="true" version="3" changeset="165067082" timestamp="2025-04-17T11:33:42Z" user="Bvmz" uid="7420605">
  <nd ref="1478909613"/>
  <nd ref="4609654393"/>
  <tag k="highway" v="path"/>
  <tag k="lit" v="yes"/>
  <tag k="smoothness" v="good"/>
  <tag k="source" v="survey"/>
  <tag k="surface" v="paving_stones"/>
 </way>
 <way id="467494180" visible="true" version="4" changeset="71509355" timestamp="2019-06-22T13:06:34Z" user="mapper999" uid="165061">
  <nd ref="4621072693"/>
  <nd ref="4621072692"/>
  <tag k="access" v="permissive"/>
  <tag k="highway" v="service"/>
  <tag k="lit" v="yes"/>
  <tag k="operator" v="Netto Marken-Discount AG &amp; Co. KG"/>
  <tag k="service" v="driveway"/>
 </way>
 <way id="467494181" visible="true" version="3" changeset="83837144" timestamp="2020-04-20T18:18:02Z" user="mapper999" uid="165061">
  <nd ref="4621072696"/>
  <nd ref="7426790495"/>
  <nd ref="1043735620"/>
  <tag k="barrier" v="retaining_wall"/>
 </way>
 <way id="467596303" visible="true" version="7" changeset="138257145" timestamp="2023-07-08T09:52:21Z" user="amapanda ᚛ᚐᚋᚐᚅᚇᚐ᚜ 🏳️‍⚧️" uid="23770">
  <nd ref="1388683007"/>
  <nd ref="10052396841"/>
  <nd ref="1478865278"/>
  <nd ref="1478865275"/>
  <nd ref="1478865274"/>
  <nd ref="1478865272"/>
  <nd ref="1478865269"/>
  <nd ref="4349064903"/>
  <nd ref="1478865265"/>
  <nd ref="1478865260"/>
  <nd ref="1478865255"/>
  <nd ref="1478865249"/>
  <nd ref="1478865241"/>
  <nd ref="1478865239"/>
  <nd ref="1478865238"/>
  <tag k="bicycle" v="designated"/>
  <tag k="check_date:surface" v="2023-07-08"/>
  <tag k="cycleway:surface" v="paving_stones"/>
  <tag k="foot" v="designated"/>
  <tag k="footway:surface" v="paving_stones"/>
  <tag k="highway" v="path"/>
  <tag k="lit" v="yes"/>
  <tag k="oneway" v="yes"/>
  <tag k="segregated" v="yes"/>
  <tag k="surface" v="paving_stones"/>
 </way>
 <way id="472128911" visible="true" version="11" changeset="173053142" timestamp="2025-10-09T14:08:55Z" user="gerjor" uid="22883170">
  <nd ref="10839193212"/>
  <nd ref="4663553542"/>
  <nd ref="7214939611"/>
  <nd ref="4663553541"/>
  <nd ref="1186232844"/>
  <nd ref="12827103469"/>
  <nd ref="12827103470"/>
  <nd ref="13204947288"/>
  <nd ref="4998372689"/>
  <nd ref="1186232820"/>
  <nd ref="1186232762"/>
  <nd ref="4663553540"/>
  <nd ref="4663553539"/>
  <nd ref="4663553538"/>
  <nd ref="4663553537"/>
  <nd ref="10839193247"/>
  <nd ref="10839193245"/>
  <nd ref="10839193243"/>
  <nd ref="10839193241"/>
  <nd ref="10839193239"/>
  <nd ref="10839193236"/>
  <nd ref="10839193233"/>
  <nd ref="10839193230"/>
  <nd ref="10839193227"/>
  <nd ref="10839193224"/>
  <nd ref="10839193221"/>
  <nd ref="10839193218"/>
  <nd ref="10839193215"/>
  <nd ref="10839193212"/>
  <tag k="leisure" v="park"/>
 </way>
 <way id="487487452" visible="true" version="5" changeset="139471390" timestamp="2023-08-05T09:31:02Z" user="mario98" uid="9616049">
  <nd ref="4799358239"/>
  <nd ref="4799358237"/>
  <nd ref="4799358238"/>
  <tag k="highway" v="service"/>
  <tag k="lanes" v="2"/>
  <tag k="service" v="driveway"/>
  <tag k="turn:backward" v="right"/>
  <tag k="turn:forward" v="through"/>
 </way>
 <way id="496329375" visible="true" version="3" changeset="81055282" timestamp="2020-02-15T21:19:34Z" user="mapper999" uid="165061">
  <nd ref="4880344390"/>
  <nd ref="4880344389"/>
  <nd ref="4880344388"/>
  <nd ref="4663553542"/>
  <nd ref="7214939611"/>
  <tag k="barrier" v="fence"/>
  <tag k="fence_type" v="wire"/>
  <tag k="height" v="1.5"/>
 </way>
 <way id="497755217" visible="true" version="3" changeset="131338729" timestamp="2023-01-16T13:37:59Z" user="Scout Jens" uid="12466125">
  <nd ref="4892726338"/>
  <nd ref="4892726337"/>
  <nd ref="9141330345"/>
  <nd ref="9141330344"/>
  <nd ref="4892726335"/>
  <nd ref="4892726334"/>
  <nd ref="4892726333"/>
  <nd ref="4892726338"/>
  <tag k="landuse" v="grass"/>
 </way>
 <way id="497755220" visible="true" version="2" changeset="112026536" timestamp="2021-10-03T09:44:50Z" user="mapper999" uid="165061">
  <nd ref="4892726404"/>
  <nd ref="4892726403"/>
  <nd ref="4892726402"/>
  <nd ref="4892726401"/>
  <nd ref="4892726400"/>
  <nd ref="9141347489"/>
  <nd ref="4892726399"/>
  <nd ref="9141347490"/>
  <nd ref="4892726398"/>
  <nd ref="4892726397"/>
  <nd ref="4892726396"/>
  <nd ref="9141347491"/>
  <nd ref="4892726395"/>
  <nd ref="4892726394"/>
  <nd ref="4892726385"/>
  <nd ref="4892726393"/>
  <nd ref="4892726386"/>
  <nd ref="4892726387"/>
  <nd ref="4892726392"/>
  <nd ref="4892726391"/>
  <nd ref="4892726390"/>
  <nd ref="4892726389"/>
  <nd ref="4892726388"/>
  <nd ref="4892726404"/>
  <tag k="landuse" v="grass"/>
 </way>
 <way id="497755221" visible="true" version="2" changeset="112026536" timestamp="2021-10-03T09:44:50Z" user="mapper999" uid="165061">
  <nd ref="4892726415"/>
  <nd ref="4892726414"/>
  <nd ref="4892726413"/>
  <nd ref="9141347513"/>
  <nd ref="9141347512"/>
  <nd ref="4892726412"/>
  <nd ref="4892726411"/>
  <nd ref="4892726410"/>
  <nd ref="4892726409"/>
  <nd ref="4892726408"/>
  <nd ref="4892726407"/>
  <nd ref="4892726406"/>
  <nd ref="9141347516"/>
  <nd ref="9141347515"/>
  <nd ref="4892726415"/>
  <tag k="landuse" v="grass"/>
 </way>
 <way id="497755223" visible="true" version="7" changeset="181035156" timestamp="2026-04-08T09:02:20Z" user="mfbehrens" uid="9645335">
  <nd ref="25928872"/>
  <nd ref="4892726416"/>
  <nd ref="6018485963"/>
  <nd ref="1478909831"/>
  <nd ref="9141347522"/>
  <nd ref="1478909841"/>
  <nd ref="6439649279"/>
  <tag k="highway" v="tertiary"/>
  <tag k="lanes" v="1"/>
  <tag k="lit" v="yes"/>
  <tag k="maxspeed" v="30"/>
  <tag k="name" v="Mannheimer Straße"/>
  <tag k="name:etymology:wikidata" v="Q2119"/>
  <tag k="note" v="im SHP des NVK: III"/>
  <tag k="oneway" v="yes"/>
  <tag k="sidewalk" v="right"/>
  <tag k="surface" v="asphalt"/>
  <tag k="width" v="4.5"/>
 </way>
 <way id="497755224" visible="true" version="2" changeset="112026536" timestamp="2021-10-03T09:44:50Z" user="mapper999" uid="165061">
  <nd ref="4892727349"/>
  <nd ref="4892727348"/>
  <nd ref="4892727347"/>
  <nd ref="4892727346"/>
  <nd ref="4892727345"/>
  <nd ref="4892727344"/>
  <nd ref="4892727343"/>
  <nd ref="4892727342"/>
  <nd ref="4892727341"/>
  <nd ref="4892727340"/>
  <nd ref="4892727339"/>
  <nd ref="4892727338"/>
  <nd ref="4892727337"/>
  <nd ref="4892727336"/>
  <nd ref="9141347510"/>
  <nd ref="4892727335"/>
  <nd ref="4892727334"/>
  <nd ref="4892727333"/>
  <nd ref="9141347521"/>
  <nd ref="4892727332"/>
  <nd ref="9141347520"/>
  <nd ref="4892727331"/>
  <nd ref="9141347519"/>
  <nd ref="4892727330"/>
  <nd ref="4892727329"/>
  <nd ref="4892727328"/>
  <nd ref="9141347517"/>
  <nd ref="9141347518"/>
  <nd ref="4892727327"/>
  <nd ref="4892727326"/>
  <nd ref="4892727325"/>
  <nd ref="4892727324"/>
  <nd ref="4892727323"/>
  <nd ref="4892727322"/>
  <nd ref="4892727321"/>
  <nd ref="4892727349"/>
  <tag k="landuse" v="grass"/>
 </way>
 <way id="497755233" visible="true" version="5" changeset="181035156" timestamp="2026-04-08T09:02:20Z" user="mfbehrens" uid="9645335">
  <nd ref="1478909911"/>
  <nd ref="1478909904"/>
  <nd ref="1478909898"/>
  <nd ref="1478909890"/>
  <nd ref="6439649594"/>
  <nd ref="1478909878"/>
  <nd ref="6439649607"/>
  <nd ref="1478909852"/>
  <nd ref="1478909840"/>
  <nd ref="1478909832"/>
  <nd ref="28139978"/>
  <nd ref="9141347444"/>
  <nd ref="1482236527"/>
  <nd ref="25909802"/>
  <nd ref="25909798"/>
  <tag k="highway" v="tertiary"/>
  <tag k="lanes" v="1"/>
  <tag k="lit" v="yes"/>
  <tag k="maxspeed" v="30"/>
  <tag k="name" v="Mannheimer Straße"/>
  <tag k="name:etymology:wikidata" v="Q2119"/>
  <tag k="note" v="im SHP des NVK: III"/>
  <tag k="oneway" v="yes"/>
  <tag k="sidewalk" v="separate"/>
  <tag k="surface" v="asphalt"/>
 </way>
 <way id="497762856" visible="true" version="4" changeset="131338729" timestamp="2023-01-16T13:37:59Z" user="Scout Jens" uid="12466125">
  <nd ref="4892782481"/>
  <nd ref="4892782482"/>
  <nd ref="4892782483"/>
  <nd ref="4892782511"/>
  <nd ref="4892782512"/>
  <nd ref="4892782513"/>
  <nd ref="10559463430"/>
  <nd ref="1388683003"/>
  <nd ref="1388683428"/>
  <nd ref="1388683367"/>
  <nd ref="9141330360"/>
  <nd ref="9141330361"/>
  <nd ref="9141330362"/>
  <nd ref="1388682880"/>
  <nd ref="1388683424"/>
  <nd ref="9141330366"/>
  <nd ref="4892782521"/>
  <nd ref="1388683318"/>
  <nd ref="1388683427"/>
  <nd ref="1388683312"/>
  <nd ref="1388683262"/>
  <nd ref="4892782504"/>
  <nd ref="4892782502"/>
  <nd ref="4892782503"/>
  <nd ref="4892782485"/>
  <nd ref="1388683264"/>
  <nd ref="4193868097"/>
  <nd ref="6139541820"/>
  <nd ref="4892782481"/>
  <tag k="landuse" v="grass"/>
  <tag k="note" v="seit Ende 2014 Rasengleis"/>
 </way>
 <way id="497762859" visible="true" version="3" changeset="131338729" timestamp="2023-01-16T13:37:59Z" user="Scout Jens" uid="12466125">
  <nd ref="4892782530"/>
  <nd ref="4892782528"/>
  <nd ref="4892782527"/>
  <nd ref="9141330363"/>
  <nd ref="9141330364"/>
  <nd ref="10559463426"/>
  <nd ref="10559463427"/>
  <nd ref="10559463428"/>
  <nd ref="10559463429"/>
  <nd ref="4892782526"/>
  <nd ref="9141330365"/>
  <nd ref="4892782525"/>
  <nd ref="4892782524"/>
  <nd ref="4892782530"/>
  <tag k="landuse" v="grass"/>
 </way>
 <way id="507795994" visible="true" version="2" changeset="65681876" timestamp="2018-12-21T22:29:21Z" user="mapper999" uid="165061">
  <nd ref="4972334534"/>
  <nd ref="6152604657"/>
  <nd ref="6152604658"/>
  <nd ref="6152604659"/>
  <nd ref="6152604660"/>
  <nd ref="6152604661"/>
  <nd ref="6152604662"/>
  <nd ref="6152604663"/>
  <nd ref="6152604664"/>
  <nd ref="6152604665"/>
  <nd ref="6152604666"/>
  <nd ref="6152604667"/>
  <nd ref="4972334533"/>
  <nd ref="4972334532"/>
  <nd ref="6152604691"/>
  <nd ref="6152604668"/>
  <nd ref="6152604669"/>
  <nd ref="6152604670"/>
  <nd ref="6152604671"/>
  <nd ref="6152604672"/>
  <nd ref="6152604673"/>
  <nd ref="6152604674"/>
  <nd ref="6152604675"/>
  <nd ref="6152604676"/>
  <nd ref="6152604677"/>
  <nd ref="4972334531"/>
  <nd ref="4972334534"/>
  <tag k="natural" v="scrub"/>
 </way>
 <way id="510845369" visible="true" version="2" changeset="112026536" timestamp="2021-10-03T09:44:50Z" user="mapper999" uid="165061">
  <nd ref="4998372659"/>
  <nd ref="4998372658"/>
  <nd ref="4998372657"/>
  <nd ref="4998372656"/>
  <nd ref="4998372655"/>
  <nd ref="4998372654"/>
  <nd ref="4998372653"/>
  <nd ref="4998372652"/>
  <nd ref="4998372651"/>
  <nd ref="4998372650"/>
  <nd ref="4998372649"/>
  <nd ref="4998372648"/>
  <nd ref="9141347492"/>
  <nd ref="4998372647"/>
  <nd ref="4998372659"/>
  <tag k="landuse" v="grass"/>
 </way>
 <way id="510845370" visible="true" version="1" changeset="50629866" timestamp="2017-07-27T19:41:54Z" user="mapper999" uid="165061">
  <nd ref="4998372663"/>
  <nd ref="4998372662"/>
  <nd ref="4998372661"/>
  <nd ref="4998372660"/>
  <nd ref="4998372663"/>
  <tag k="building" v="hut"/>
 </way>
 <way id="510845371" visible="true" version="1" changeset="50629866" timestamp="2017-07-27T19:41:54Z" user="mapper999" uid="165061">
  <nd ref="1482236559"/>
  <nd ref="4998372666"/>
  <nd ref="4998372665"/>
  <nd ref="4998372664"/>
  <tag k="highway" v="path"/>
 </way>
 <way id="510845372" visible="true" version="1" changeset="50629866" timestamp="2017-07-27T19:41:54Z" user="mapper999" uid="165061">
  <nd ref="4998372668"/>
  <nd ref="791258534"/>
  <nd ref="791258531"/>
  <nd ref="3234067023"/>
  <nd ref="791258536"/>
  <nd ref="4998372667"/>
  <tag k="barrier" v="fence"/>
 </way>
 <way id="510845373" visible="true" version="1" changeset="50629866" timestamp="2017-07-27T19:41:54Z" user="mapper999" uid="165061">
  <nd ref="4998372676"/>
  <nd ref="4880344389"/>
  <nd ref="4880344390"/>
  <nd ref="4998372682"/>
  <nd ref="4998372683"/>
  <nd ref="4998372684"/>
  <nd ref="4998372685"/>
  <nd ref="4998372686"/>
  <nd ref="4998372687"/>
  <nd ref="4998372669"/>
  <nd ref="4998372670"/>
  <nd ref="4998372671"/>
  <nd ref="4998372672"/>
  <nd ref="4998372673"/>
  <nd ref="4998372674"/>
  <nd ref="4998372675"/>
  <nd ref="4998372676"/>
  <tag k="natural" v="scrub"/>
 </way>
 <way id="510845374" visible="true" version="2" changeset="112026536" timestamp="2021-10-03T09:44:50Z" user="mapper999" uid="165061">
  <nd ref="1186232870"/>
  <nd ref="4998372681"/>
  <nd ref="4998372680"/>
  <nd ref="4998372679"/>
  <nd ref="4998372678"/>
  <nd ref="4998372677"/>
  <nd ref="9141347443"/>
  <nd ref="4998372676"/>
  <nd ref="4998372675"/>
  <nd ref="4998372674"/>
  <nd ref="4998372673"/>
  <nd ref="4998372672"/>
  <nd ref="4998372671"/>
  <nd ref="4998372670"/>
  <nd ref="4998372669"/>
  <nd ref="1186232870"/>
  <tag k="landuse" v="grass"/>
 </way>
 <way id="510845375" visible="true" version="3" changeset="124000665" timestamp="2022-07-24T08:42:30Z" user="mapper999" uid="165061">
  <nd ref="4998372687"/>
  <nd ref="4998372686"/>
  <nd ref="4998372685"/>
  <nd ref="4998372684"/>
  <nd ref="4998372683"/>
  <nd ref="4998372682"/>
  <nd ref="4880344390"/>
  <nd ref="4880344389"/>
  <nd ref="4880344388"/>
  <nd ref="4663553542"/>
  <nd ref="7214939611"/>
  <nd ref="4663553541"/>
  <nd ref="1186232844"/>
  <nd ref="791258534"/>
  <nd ref="791258531"/>
  <nd ref="4998372687"/>
  <tag k="landuse" v="recreation_ground"/>
  <tag k="name" v="Spiel- und Sportanlage Mannheimer Straße/Pfarrer-Junker-Weg"/>
  <tag k="operator" v="Stadt Karlsruhe"/>
 </way>
 <way id="559816995" visible="true" version="3" changeset="126630731" timestamp="2022-09-25T21:57:44Z" user="MitteloberrheinischerWaldameisenschreck" uid="5934860">
  <nd ref="5398863277"/>
  <nd ref="5398863286"/>
  <nd ref="5398863287"/>
  <nd ref="7094967216"/>
  <nd ref="5398863288"/>
  <nd ref="5398863289"/>
  <nd ref="5398863290"/>
  <nd ref="10052396849"/>
  <nd ref="5398863291"/>
  <nd ref="5398863292"/>
  <nd ref="5398863293"/>
  <nd ref="5398863294"/>
  <tag k="admin_level" v="11"/>
  <tag k="boundary" v="administrative"/>
 </way>
 <way id="559816996" visible="true" version="1" changeset="56191152" timestamp="2018-02-08T17:51:12Z" user="MitteloberrheinischerWaldameisenschreck" uid="5934860">
  <nd ref="5398863294"/>
  <nd ref="5398863295"/>
  <nd ref="5398863296"/>
  <nd ref="5398863297"/>
  <nd ref="5398863298"/>
  <nd ref="5398863299"/>
  <nd ref="5398863300"/>
  <nd ref="5398863301"/>
  <nd ref="5398863302"/>
  <nd ref="5398863303"/>
  <nd ref="5398863304"/>
  <nd ref="5398863305"/>
  <nd ref="5398863306"/>
  <nd ref="5398863307"/>
  <nd ref="5398863308"/>
  <nd ref="5398863309"/>
  <nd ref="5398863310"/>
  <nd ref="325167311"/>
  <tag k="admin_level" v="11"/>
  <tag k="boundary" v="administrative"/>
 </way>
 <way id="559816997" visible="true" version="1" changeset="56191152" timestamp="2018-02-08T17:51:12Z" user="MitteloberrheinischerWaldameisenschreck" uid="5934860">
  <nd ref="5398863294"/>
  <nd ref="325168251"/>
  <nd ref="325166735"/>
  <nd ref="325166884"/>
  <nd ref="1149682926"/>
  <nd ref="325167344"/>
  <nd ref="1149682805"/>
  <nd ref="325167119"/>
  <nd ref="1480091365"/>
  <nd ref="1480091375"/>
  <nd ref="1480091394"/>
  <nd ref="1480091401"/>
  <nd ref="1480091419"/>
  <nd ref="325166856"/>
  <nd ref="1316120031"/>
  <nd ref="325167311"/>
  <tag k="admin_level" v="10"/>
  <tag k="boundary" v="administrative"/>
  <tag k="source" v="http://www.nobbi.com/download/Karlsruhe%20Stadtteile.kmz"/>
 </way>
 <way id="560326857" visible="true" version="4" changeset="161253818" timestamp="2025-01-11T20:53:46Z" user="Kepler-17c" uid="19452659">
  <nd ref="261668297"/>
  <nd ref="1478909680"/>
  <tag k="bicycle" v="designated"/>
  <tag k="foot" v="designated"/>
  <tag k="highway" v="path"/>
  <tag k="lit" v="yes"/>
  <tag k="segregated" v="no"/>
  <tag k="smoothness" v="excellent"/>
  <tag k="source" v="survey"/>
  <tag k="surface" v="paving_stones"/>
 </way>
 <way id="638610458" visible="true" version="1" changeset="63938694" timestamp="2018-10-27T22:30:00Z" user="mapper999" uid="165061">
  <nd ref="1481256815"/>
  <nd ref="1478909717"/>
  <nd ref="1478909721"/>
  <nd ref="1478909724"/>
  <nd ref="1481256996"/>
  <nd ref="1478909750"/>
  <nd ref="1478909765"/>
  <nd ref="1695813977"/>
  <nd ref="25928872"/>
  <tag k="highway" v="residential"/>
  <tag k="lit" v="yes"/>
  <tag k="maxspeed" v="30"/>
  <tag k="name" v="Rintheimer Hauptstraße"/>
  <tag k="sidewalk" v="left"/>
  <tag k="smoothness" v="intermediate"/>
  <tag k="surface" v="asphalt"/>
 </way>
 <way id="638610463" visible="true" version="3" changeset="81055282" timestamp="2020-02-15T21:19:34Z" user="mapper999" uid="165061">
  <nd ref="6018485963"/>
  <nd ref="6018485968"/>
  <nd ref="6018485967"/>
  <nd ref="6018485966"/>
  <nd ref="6018485965"/>
  <nd ref="6018485962"/>
  <nd ref="6018485964"/>
  <nd ref="1478909771"/>
  <tag k="footway" v="sidewalk"/>
  <tag k="highway" v="footway"/>
  <tag k="lit" v="yes"/>
  <tag k="surface" v="paving_stones"/>
 </way>
 <way id="638610465" visible="true" version="2" changeset="78437250" timestamp="2019-12-15T18:35:25Z" user="mapper999" uid="165061">
  <nd ref="6018485983"/>
  <nd ref="6018485975"/>
  <nd ref="6018485970"/>
  <nd ref="6018485969"/>
  <nd ref="6018485983"/>
  <tag k="natural" v="scrub"/>
 </way>
 <way id="638610468" visible="true" version="3" changeset="112763380" timestamp="2021-10-20T21:07:02Z" user="Pamalosebi" uid="14321673">
  <nd ref="6018491511"/>
  <nd ref="1481256970"/>
  <nd ref="1481257038"/>
  <nd ref="6018491510"/>
  <nd ref="6018491511"/>
  <tag k="amenity" v="parking_space"/>
  <tag k="capacity" v="1"/>
  <tag k="parking_space" v="normal"/>
  <tag k="surface" v="paving_stones"/>
 </way>
 <way id="638610469" visible="true" version="3" changeset="112763380" timestamp="2021-10-20T21:07:02Z" user="Pamalosebi" uid="14321673">
  <nd ref="6018491509"/>
  <nd ref="6018491510"/>
  <nd ref="6018491511"/>
  <nd ref="6018491512"/>
  <nd ref="6018491509"/>
  <tag k="amenity" v="parking_space"/>
  <tag k="capacity" v="1"/>
  <tag k="parking_space" v="normal"/>
  <tag k="surface" v="paving_stones"/>
 </way>
 <way id="638610470" visible="true" version="3" changeset="112763380" timestamp="2021-10-20T21:07:02Z" user="Pamalosebi" uid="14321673">
  <nd ref="6018491508"/>
  <nd ref="6018491509"/>
  <nd ref="6018491512"/>
  <nd ref="6018491513"/>
  <nd ref="6018491508"/>
  <tag k="amenity" v="parking_space"/>
  <tag k="capacity" v="1"/>
  <tag k="parking_space" v="normal"/>
  <tag k="surface" v="paving_stones"/>
 </way>
 <way id="638610471" visible="true" version="3" changeset="112763380" timestamp="2021-10-20T21:07:02Z" user="Pamalosebi" uid="14321673">
  <nd ref="6018491507"/>
  <nd ref="6018491508"/>
  <nd ref="6018491513"/>
  <nd ref="6018491514"/>
  <nd ref="6018491507"/>
  <tag k="amenity" v="parking_space"/>
  <tag k="capacity" v="1"/>
  <tag k="parking_space" v="normal"/>
  <tag k="surface" v="paving_stones"/>
 </way>
 <way id="638610472" visible="true" version="3" changeset="112763380" timestamp="2021-10-20T21:07:02Z" user="Pamalosebi" uid="14321673">
  <nd ref="6018491506"/>
  <nd ref="6018491507"/>
  <nd ref="6018491514"/>
  <nd ref="6018491515"/>
  <nd ref="6018491506"/>
  <tag k="amenity" v="parking_space"/>
  <tag k="capacity" v="1"/>
  <tag k="parking_space" v="normal"/>
  <tag k="surface" v="paving_stones"/>
 </way>
 <way id="638610475" visible="true" version="2" changeset="112763380" timestamp="2021-10-20T21:07:02Z" user="Pamalosebi" uid="14321673">
  <nd ref="6018491529"/>
  <nd ref="6018491528"/>
  <nd ref="6018491527"/>
  <nd ref="6018491526"/>
  <nd ref="6018491525"/>
  <nd ref="6018491524"/>
  <nd ref="6018491523"/>
  <nd ref="6018491522"/>
  <nd ref="6018491521"/>
  <nd ref="6018491520"/>
  <nd ref="6018491519"/>
  <nd ref="6018491518"/>
  <nd ref="1481256964"/>
  <nd ref="1481256933"/>
  <nd ref="1481257030"/>
  <nd ref="6018491505"/>
  <nd ref="6018491506"/>
  <nd ref="6018491507"/>
  <nd ref="6018491508"/>
  <nd ref="6018491509"/>
  <nd ref="6018491510"/>
  <nd ref="1481257038"/>
  <nd ref="1481256970"/>
  <nd ref="1481256975"/>
  <nd ref="1481257011"/>
  <nd ref="9188428063"/>
  <nd ref="1481257000"/>
  <nd ref="1481256989"/>
  <nd ref="6018491517"/>
  <nd ref="6018491529"/>
  <tag k="landuse" v="grass"/>
 </way>
 <way id="638610476" visible="true" version="4" changeset="179313413" timestamp="2026-03-03T17:15:59Z" user="JustFelicia" uid="23891092">
  <nd ref="4892726405"/>
  <nd ref="28139978"/>
  <tag k="bicycle" v="designated"/>
  <tag k="foot" v="designated"/>
  <tag k="highway" v="path"/>
  <tag k="lit" v="yes"/>
  <tag k="oneway:bicycle" v="yes"/>
  <tag k="segregated" v="no"/>
  <tag k="surface" v="paving_stones"/>
 </way>
 <way id="638610477" visible="true" version="5" changeset="179313413" timestamp="2026-03-03T17:16:56Z" user="JustFelicia" uid="23891092">
  <nd ref="1482236593"/>
  <nd ref="9907155003"/>
  <nd ref="1482236546"/>
  <nd ref="1482236537"/>
  <tag k="bicycle" v="designated"/>
  <tag k="foot" v="designated"/>
  <tag k="highway" v="path"/>
  <tag k="lit" v="yes"/>
  <tag k="name" v="Pfarrer-Junker-Weg"/>
  <tag k="note" v="ohne Beschilderung, Radfahren nach kommunaler Satzung erlaubt"/>
  <tag k="segregated" v="no"/>
  <tag k="surface" v="paving_stones"/>
 </way>
 <way id="645264580" visible="true" version="1" changeset="64563522" timestamp="2018-11-16T11:47:23Z" user="Pandabärchen" uid="659944">
  <nd ref="4022006447"/>
  <nd ref="4022006455"/>
  <tag k="highway" v="service"/>
  <tag k="oneway" v="yes"/>
  <tag k="service" v="driveway"/>
 </way>
 <way id="645264593" visible="true" version="3" changeset="155298578" timestamp="2024-08-15T19:29:04Z" user="rbpca" uid="16188450">
  <nd ref="6066080889"/>
  <nd ref="6066080886"/>
  <nd ref="6066080888"/>
  <nd ref="6066080887"/>
  <nd ref="6498802546"/>
  <nd ref="6066080889"/>
  <tag k="access" v="customers"/>
  <tag k="amenity" v="parking"/>
  <tag k="fee" v="no"/>
  <tag k="parking" v="surface"/>
 </way>
 <way id="653530865" visible="true" version="3" changeset="152492186" timestamp="2024-06-10T11:05:32Z" user="SliderHandle" uid="8549008">
  <nd ref="6124678596"/>
  <nd ref="1820693792"/>
  <tag k="bicycle" v="use_sidepath"/>
  <tag k="cycleway:both" v="separate"/>
  <tag k="highway" v="primary"/>
  <tag k="lanes" v="2"/>
  <tag k="lit" v="yes"/>
  <tag k="maxspeed" v="50"/>
  <tag k="name" v="Ostring"/>
  <tag k="note" v="im SHP des NVK: I"/>
  <tag k="oneway" v="yes"/>
  <tag k="ref" v="L 560"/>
  <tag k="surface" v="asphalt"/>
  <tag k="turn:lanes" v="left;through|through;right"/>
  <tag k="zone:traffic" v="DE:urban"/>
 </way>
 <way id="655262625" visible="true" version="2" changeset="164593835" timestamp="2025-04-06T14:24:01Z" user="Entbert" uid="1023194">
  <nd ref="6139541820"/>
  <nd ref="6139541818"/>
  <nd ref="1143095820"/>
  <nd ref="1143095834"/>
  <tag k="detail" v="track"/>
  <tag k="electrified" v="contact_line"/>
  <tag k="frequency" v="0"/>
  <tag k="gauge" v="1435"/>
  <tag k="last_renovation" v="2014-12"/>
  <tag k="lit" v="yes"/>
  <tag k="maxspeed" v="50"/>
  <tag k="note" v="Gleismittenerweiterung in 2014, Luftbild stimmt vermutlich nicht mehr"/>
  <tag k="operator" v="Verkehrsbetriebe Karlsruhe GmbH"/>
  <tag k="passenger_lines" v="2"/>
  <tag k="railway" v="tram"/>
  <tag k="railway:ballastless" v="yes"/>
  <tag k="railway:preferred_direction" v="forward"/>
  <tag k="railway:traffic_mode" v="passenger"/>
  <tag k="ref" v="12150"/>
  <tag k="start_date" v="1929"/>
  <tag k="voltage" v="750"/>
  <tag k="workrules" v="DE:BOStrab"/>
 </way>
 <way id="656832778" visible="true" version="5" changeset="123604525" timestamp="2022-07-14T11:16:47Z" user="Pamalosebi" uid="14321673">
  <nd ref="1481256602"/>
  <nd ref="9188448235"/>
  <nd ref="9188448233"/>
  <nd ref="9188448231"/>
  <nd ref="9188448229"/>
  <nd ref="9188448227"/>
  <nd ref="9188448225"/>
  <nd ref="6498653942"/>
  <nd ref="6498653941"/>
  <nd ref="9887088264"/>
  <nd ref="9887088262"/>
  <nd ref="1481256608"/>
  <nd ref="1481256679"/>
  <nd ref="1481256667"/>
  <nd ref="1481256602"/>
  <tag k="natural" v="scrub"/>
 </way>
 <way id="656850155" visible="true" version="1" changeset="65681876" timestamp="2018-12-21T22:29:10Z" user="mapper999" uid="165061">
  <nd ref="6152604622"/>
  <nd ref="6152604621"/>
  <nd ref="6152604610"/>
  <nd ref="6152604611"/>
  <nd ref="6152604622"/>
  <tag k="access" v="customers"/>
  <tag k="amenity" v="parking_space"/>
  <tag k="capacity" v="1"/>
  <tag k="surface" v="paving_stones"/>
 </way>
 <way id="656850156" visible="true" version="1" changeset="65681876" timestamp="2018-12-21T22:29:10Z" user="mapper999" uid="165061">
  <nd ref="6152604611"/>
  <nd ref="6152604622"/>
  <nd ref="6152604623"/>
  <nd ref="6152604612"/>
  <nd ref="6152604611"/>
  <tag k="access" v="customers"/>
  <tag k="amenity" v="parking_space"/>
  <tag k="capacity" v="1"/>
  <tag k="surface" v="paving_stones"/>
 </way>
 <way id="656850157" visible="true" version="1" changeset="65681876" timestamp="2018-12-21T22:29:10Z" user="mapper999" uid="165061">
  <nd ref="6152604613"/>
  <nd ref="6152604612"/>
  <nd ref="6152604623"/>
  <nd ref="6152604624"/>
  <nd ref="6152604613"/>
  <tag k="access" v="customers"/>
  <tag k="amenity" v="parking_space"/>
  <tag k="capacity" v="1"/>
  <tag k="surface" v="paving_stones"/>
 </way>
 <way id="656850158" visible="true" version="1" changeset="65681876" timestamp="2018-12-21T22:29:11Z" user="mapper999" uid="165061">
  <nd ref="6152604614"/>
  <nd ref="6152604613"/>
  <nd ref="6152604624"/>
  <nd ref="6152604625"/>
  <nd ref="6152604614"/>
  <tag k="access" v="customers"/>
  <tag k="amenity" v="parking_space"/>
  <tag k="capacity" v="1"/>
  <tag k="surface" v="paving_stones"/>
 </way>
 <way id="656850159" visible="true" version="1" changeset="65681876" timestamp="2018-12-21T22:29:11Z" user="mapper999" uid="165061">
  <nd ref="6152604615"/>
  <nd ref="6152604614"/>
  <nd ref="6152604625"/>
  <nd ref="6152604626"/>
  <nd ref="6152604615"/>
  <tag k="access" v="customers"/>
  <tag k="amenity" v="parking_space"/>
  <tag k="capacity" v="1"/>
  <tag k="surface" v="paving_stones"/>
 </way>
 <way id="656850160" visible="true" version="1" changeset="65681876" timestamp="2018-12-21T22:29:11Z" user="mapper999" uid="165061">
  <nd ref="6152604616"/>
  <nd ref="6152604627"/>
  <nd ref="6152604626"/>
  <nd ref="6152604615"/>
  <nd ref="6152604616"/>
  <tag k="access" v="customers"/>
  <tag k="amenity" v="parking_space"/>
  <tag k="capacity" v="1"/>
  <tag k="surface" v="paving_stones"/>
 </way>
 <way id="656850161" visible="true" version="1" changeset="65681876" timestamp="2018-12-21T22:29:11Z" user="mapper999" uid="165061">
  <nd ref="6152604616"/>
  <nd ref="6152604627"/>
  <nd ref="6152604628"/>
  <nd ref="6152604617"/>
  <nd ref="6152604616"/>
  <tag k="access" v="customers"/>
  <tag k="amenity" v="parking_space"/>
  <tag k="capacity" v="1"/>
  <tag k="surface" v="paving_stones"/>
 </way>
 <way id="656850162" visible="true" version="1" changeset="65681876" timestamp="2018-12-21T22:29:11Z" user="mapper999" uid="165061">
  <nd ref="6152604617"/>
  <nd ref="6152604628"/>
  <nd ref="6152604629"/>
  <nd ref="6152604618"/>
  <nd ref="6152604617"/>
  <tag k="access" v="customers"/>
  <tag k="amenity" v="parking_space"/>
  <tag k="capacity" v="1"/>
  <tag k="surface" v="paving_stones"/>
 </way>
 <way id="656850163" visible="true" version="1" changeset="65681876" timestamp="2018-12-21T22:29:11Z" user="mapper999" uid="165061">
  <nd ref="6152604618"/>
  <nd ref="6152604629"/>
  <nd ref="6152604630"/>
  <nd ref="6152604619"/>
  <nd ref="6152604618"/>
  <tag k="access" v="customers"/>
  <tag k="amenity" v="parking_space"/>
  <tag k="capacity" v="1"/>
  <tag k="surface" v="paving_stones"/>
 </way>
 <way id="656850164" visible="true" version="1" changeset="65681876" timestamp="2018-12-21T22:29:11Z" user="mapper999" uid="165061">
  <nd ref="6152604619"/>
  <nd ref="527256379"/>
  <nd ref="4972334545"/>
  <nd ref="6152604630"/>
  <nd ref="6152604619"/>
  <tag k="access" v="customers"/>
  <tag k="amenity" v="parking_space"/>
  <tag k="capacity" v="1"/>
  <tag k="surface" v="paving_stones"/>
 </way>
 <way id="656850168" visible="true" version="1" changeset="65681876" timestamp="2018-12-21T22:29:11Z" user="mapper999" uid="165061">
  <nd ref="6152604657"/>
  <nd ref="4972334534"/>
  <nd ref="6152604656"/>
  <nd ref="6152604655"/>
  <nd ref="6152604654"/>
  <nd ref="6152604657"/>
  <tag k="access" v="customers"/>
  <tag k="amenity" v="parking_space"/>
  <tag k="capacity" v="1"/>
  <tag k="surface" v="paving_stones"/>
 </way>
 <way id="656850169" visible="true" version="1" changeset="65681876" timestamp="2018-12-21T22:29:11Z" user="mapper999" uid="165061">
  <nd ref="6152604644"/>
  <nd ref="6152604667"/>
  <nd ref="4972334533"/>
  <nd ref="6152604643"/>
  <nd ref="6152604644"/>
  <tag k="access" v="customers"/>
  <tag k="amenity" v="parking_space"/>
  <tag k="capacity" v="1"/>
  <tag k="surface" v="paving_stones"/>
 </way>
 <way id="656850170" visible="true" version="1" changeset="65681876" timestamp="2018-12-21T22:29:12Z" user="mapper999" uid="165061">
  <nd ref="6152604667"/>
  <nd ref="6152604644"/>
  <nd ref="6152604645"/>
  <nd ref="6152604666"/>
  <nd ref="6152604667"/>
  <tag k="access" v="customers"/>
  <tag k="amenity" v="parking_space"/>
  <tag k="capacity" v="1"/>
  <tag k="surface" v="paving_stones"/>
 </way>
 <way id="656850171" visible="true" version="1" changeset="65681876" timestamp="2018-12-21T22:29:12Z" user="mapper999" uid="165061">
  <nd ref="6152604646"/>
  <nd ref="6152604665"/>
  <nd ref="6152604666"/>
  <nd ref="6152604645"/>
  <nd ref="6152604646"/>
  <tag k="access" v="customers"/>
  <tag k="amenity" v="parking_space"/>
  <tag k="capacity" v="1"/>
  <tag k="surface" v="paving_stones"/>
 </way>
 <way id="656850172" visible="true" version="1" changeset="65681876" timestamp="2018-12-21T22:29:12Z" user="mapper999" uid="165061">
  <nd ref="6152604647"/>
  <nd ref="6152604664"/>
  <nd ref="6152604665"/>
  <nd ref="6152604646"/>
  <nd ref="6152604647"/>
  <tag k="access" v="customers"/>
  <tag k="amenity" v="parking_space"/>
  <tag k="capacity" v="1"/>
  <tag k="surface" v="paving_stones"/>
 </way>
 <way id="656850173" visible="true" version="1" changeset="65681876" timestamp="2018-12-21T22:29:12Z" user="mapper999" uid="165061">
  <nd ref="6152604648"/>
  <nd ref="6152604663"/>
  <nd ref="6152604664"/>
  <nd ref="6152604647"/>
  <nd ref="6152604648"/>
  <tag k="access" v="customers"/>
  <tag k="amenity" v="parking_space"/>
  <tag k="capacity" v="1"/>
  <tag k="surface" v="paving_stones"/>
 </way>
 <way id="656850175" visible="true" version="1" changeset="65681876" timestamp="2018-12-21T22:29:12Z" user="mapper999" uid="165061">
  <nd ref="6152604649"/>
  <nd ref="6152604662"/>
  <nd ref="6152604663"/>
  <nd ref="6152604648"/>
  <nd ref="6152604649"/>
  <tag k="access" v="customers"/>
  <tag k="amenity" v="parking_space"/>
  <tag k="capacity" v="1"/>
  <tag k="surface" v="paving_stones"/>
 </way>
 <way id="656850178" visible="true" version="1" changeset="65681876" timestamp="2018-12-21T22:29:12Z" user="mapper999" uid="165061">
  <nd ref="6152604650"/>
  <nd ref="6152604661"/>
  <nd ref="6152604662"/>
  <nd ref="6152604649"/>
  <nd ref="6152604650"/>
  <tag k="access" v="customers"/>
  <tag k="amenity" v="parking_space"/>
  <tag k="capacity" v="1"/>
  <tag k="surface" v="paving_stones"/>
 </way>
 <way id="656850184" visible="true" version="1" changeset="65681876" timestamp="2018-12-21T22:29:12Z" user="mapper999" uid="165061">
  <nd ref="6152604651"/>
  <nd ref="6152604660"/>
  <nd ref="6152604661"/>
  <nd ref="6152604650"/>
  <nd ref="6152604651"/>
  <tag k="access" v="customers"/>
  <tag k="amenity" v="parking_space"/>
  <tag k="capacity" v="1"/>
  <tag k="surface" v="paving_stones"/>
 </way>
 <way id="656850188" visible="true" version="1" changeset="65681876" timestamp="2018-12-21T22:29:12Z" user="mapper999" uid="165061">
  <nd ref="6152604652"/>
  <nd ref="6152604659"/>
  <nd ref="6152604660"/>
  <nd ref="6152604651"/>
  <nd ref="6152604652"/>
  <tag k="access" v="customers"/>
  <tag k="amenity" v="parking_space"/>
  <tag k="capacity" v="1"/>
  <tag k="surface" v="paving_stones"/>
 </way>
 <way id="656850190" visible="true" version="1" changeset="65681876" timestamp="2018-12-21T22:29:12Z" user="mapper999" uid="165061">
  <nd ref="6152604653"/>
  <nd ref="6152604658"/>
  <nd ref="6152604659"/>
  <nd ref="6152604652"/>
  <nd ref="6152604653"/>
  <tag k="access" v="customers"/>
  <tag k="amenity" v="parking_space"/>
  <tag k="capacity" v="1"/>
  <tag k="surface" v="paving_stones"/>
 </way>
 <way id="656850193" visible="true" version="1" changeset="65681876" timestamp="2018-12-21T22:29:12Z" user="mapper999" uid="165061">
  <nd ref="6152604654"/>
  <nd ref="6152604657"/>
  <nd ref="6152604658"/>
  <nd ref="6152604653"/>
  <nd ref="6152604654"/>
  <tag k="access" v="customers"/>
  <tag k="amenity" v="parking_space"/>
  <tag k="capacity" v="1"/>
  <tag k="surface" v="paving_stones"/>
 </way>
 <way id="656850197" visible="true" version="1" changeset="65681876" timestamp="2018-12-21T22:29:12Z" user="mapper999" uid="165061">
  <nd ref="4972334531"/>
  <nd ref="6152604677"/>
  <nd ref="6152604688"/>
  <nd ref="6152604678"/>
  <nd ref="6152604689"/>
  <nd ref="4972334531"/>
  <tag k="access" v="customers"/>
  <tag k="amenity" v="parking_space"/>
  <tag k="capacity" v="1"/>
  <tag k="surface" v="paving_stones"/>
 </way>
 <way id="656850198" visible="true" version="1" changeset="65681876" timestamp="2018-12-21T22:29:12Z" user="mapper999" uid="165061">
  <nd ref="6152604677"/>
  <nd ref="6152604688"/>
  <nd ref="6152604687"/>
  <nd ref="6152604676"/>
  <nd ref="6152604677"/>
  <tag k="access" v="customers"/>
  <tag k="amenity" v="parking_space"/>
  <tag k="capacity" v="1"/>
  <tag k="surface" v="paving_stones"/>
 </way>
 <way id="656850200" visible="true" version="1" changeset="65681876" timestamp="2018-12-21T22:29:13Z" user="mapper999" uid="165061">
  <nd ref="6152604676"/>
  <nd ref="6152604675"/>
  <nd ref="6152604686"/>
  <nd ref="6152604687"/>
  <nd ref="6152604676"/>
  <tag k="access" v="customers"/>
  <tag k="amenity" v="parking_space"/>
  <tag k="capacity" v="1"/>
  <tag k="surface" v="paving_stones"/>
 </way>
 <way id="656850203" visible="true" version="1" changeset="65681876" timestamp="2018-12-21T22:29:13Z" user="mapper999" uid="165061">
  <nd ref="6152604675"/>
  <nd ref="6152604686"/>
  <nd ref="6152604685"/>
  <nd ref="6152604674"/>
  <nd ref="6152604675"/>
  <tag k="access" v="customers"/>
  <tag k="amenity" v="parking_space"/>
  <tag k="capacity" v="1"/>
  <tag k="surface" v="paving_stones"/>
 </way>
 <way id="656850207" visible="true" version="1" changeset="65681876" timestamp="2018-12-21T22:29:13Z" user="mapper999" uid="165061">
  <nd ref="6152604674"/>
  <nd ref="6152604685"/>
  <nd ref="6152604684"/>
  <nd ref="6152604673"/>
  <nd ref="6152604674"/>
  <tag k="access" v="customers"/>
  <tag k="amenity" v="parking_space"/>
  <tag k="capacity" v="1"/>
  <tag k="surface" v="paving_stones"/>
 </way>
 <way id="656850210" visible="true" version="1" changeset="65681876" timestamp="2018-12-21T22:29:13Z" user="mapper999" uid="165061">
  <nd ref="6152604673"/>
  <nd ref="6152604684"/>
  <nd ref="6152604683"/>
  <nd ref="6152604672"/>
  <nd ref="6152604673"/>
  <tag k="access" v="customers"/>
  <tag k="amenity" v="parking_space"/>
  <tag k="capacity" v="1"/>
  <tag k="surface" v="paving_stones"/>
 </way>
 <way id="656850214" visible="true" version="1" changeset="65681876" timestamp="2018-12-21T22:29:13Z" user="mapper999" uid="165061">
  <nd ref="6152604683"/>
  <nd ref="6152604672"/>
  <nd ref="6152604671"/>
  <nd ref="6152604682"/>
  <nd ref="6152604683"/>
  <tag k="access" v="customers"/>
  <tag k="amenity" v="parking_space"/>
  <tag k="capacity" v="1"/>
  <tag k="surface" v="paving_stones"/>
 </way>
 <way id="656850218" visible="true" version="1" changeset="65681876" timestamp="2018-12-21T22:29:13Z" user="mapper999" uid="165061">
  <nd ref="6152604682"/>
  <nd ref="6152604671"/>
  <nd ref="6152604670"/>
  <nd ref="6152604681"/>
  <nd ref="6152604682"/>
  <tag k="access" v="customers"/>
  <tag k="amenity" v="parking_space"/>
  <tag k="capacity" v="1"/>
  <tag k="surface" v="paving_stones"/>
 </way>
 <way id="656850222" visible="true" version="1" changeset="65681876" timestamp="2018-12-21T22:29:13Z" user="mapper999" uid="165061">
  <nd ref="6152604681"/>
  <nd ref="6152604670"/>
  <nd ref="6152604669"/>
  <nd ref="6152604680"/>
  <nd ref="6152604681"/>
  <tag k="access" v="customers"/>
  <tag k="amenity" v="parking_space"/>
  <tag k="capacity" v="1"/>
  <tag k="surface" v="paving_stones"/>
 </way>
 <way id="656850224" visible="true" version="1" changeset="65681876" timestamp="2018-12-21T22:29:13Z" user="mapper999" uid="165061">
  <nd ref="6152604680"/>
  <nd ref="6152604679"/>
  <nd ref="6152604668"/>
  <nd ref="6152604669"/>
  <nd ref="6152604680"/>
  <tag k="access" v="customers"/>
  <tag k="amenity" v="parking_space"/>
  <tag k="capacity" v="1"/>
  <tag k="surface" v="paving_stones"/>
 </way>
 <way id="656850228" visible="true" version="1" changeset="65681876" timestamp="2018-12-21T22:29:13Z" user="mapper999" uid="165061">
  <nd ref="6152604679"/>
  <nd ref="6152604668"/>
  <nd ref="6152604691"/>
  <nd ref="6152604690"/>
  <nd ref="6152604679"/>
  <tag k="access" v="customers"/>
  <tag k="amenity" v="parking_space"/>
  <tag k="capacity" v="1"/>
  <tag k="surface" v="paving_stones"/>
 </way>
 <way id="656850231" visible="true" version="1" changeset="65681876" timestamp="2018-12-21T22:29:13Z" user="mapper999" uid="165061">
  <nd ref="6152604692"/>
  <nd ref="4972334527"/>
  <nd ref="4972334526"/>
  <nd ref="6152604702"/>
  <nd ref="6152604692"/>
  <tag k="access" v="customers"/>
  <tag k="amenity" v="parking_space"/>
  <tag k="capacity" v="1"/>
  <tag k="surface" v="paving_stones"/>
 </way>
 <way id="656850235" visible="true" version="1" changeset="65681876" timestamp="2018-12-21T22:29:13Z" user="mapper999" uid="165061">
  <nd ref="6152604702"/>
  <nd ref="6152604701"/>
  <nd ref="6152604693"/>
  <nd ref="6152604692"/>
  <nd ref="6152604702"/>
  <tag k="access" v="customers"/>
  <tag k="amenity" v="parking_space"/>
  <tag k="capacity" v="1"/>
  <tag k="surface" v="paving_stones"/>
 </way>
 <way id="656850238" visible="true" version="1" changeset="65681876" timestamp="2018-12-21T22:29:13Z" user="mapper999" uid="165061">
  <nd ref="6152604701"/>
  <nd ref="6152604700"/>
  <nd ref="6152604694"/>
  <nd ref="6152604693"/>
  <nd ref="6152604701"/>
  <tag k="access" v="customers"/>
  <tag k="amenity" v="parking_space"/>
  <tag k="capacity" v="1"/>
  <tag k="surface" v="paving_stones"/>
 </way>
 <way id="656850240" visible="true" version="1" changeset="65681876" timestamp="2018-12-21T22:29:14Z" user="mapper999" uid="165061">
  <nd ref="6152604700"/>
  <nd ref="6152604699"/>
  <nd ref="6152604695"/>
  <nd ref="6152604694"/>
  <nd ref="6152604700"/>
  <tag k="access" v="customers"/>
  <tag k="amenity" v="parking_space"/>
  <tag k="capacity" v="1"/>
  <tag k="surface" v="paving_stones"/>
 </way>
 <way id="656850243" visible="true" version="3" changeset="76252411" timestamp="2019-10-26T20:39:29Z" user="mapper999" uid="165061">
  <nd ref="6152604699"/>
  <nd ref="6152604698"/>
  <nd ref="6152604696"/>
  <nd ref="6152604695"/>
  <nd ref="6152604699"/>
  <tag k="disused:amenity" v="parking_space"/>
 </way>
 <way id="656850246" visible="true" version="4" changeset="83837144" timestamp="2020-04-20T18:18:02Z" user="mapper999" uid="165061">
  <nd ref="6152604698"/>
  <nd ref="6847507045"/>
  <nd ref="4621072695"/>
  <nd ref="6152604697"/>
  <nd ref="6847507044"/>
  <nd ref="6152604696"/>
  <nd ref="6152604698"/>
  <tag k="disused:amenity" v="parking_space"/>
 </way>
 <way id="667958073" visible="true" version="3" changeset="142347999" timestamp="2023-10-09T12:32:01Z" user="Seetroll" uid="135562">
  <nd ref="1043735625"/>
  <nd ref="1371435346"/>
  <nd ref="1371435185"/>
  <nd ref="1371435138"/>
  <nd ref="4022006453"/>
  <nd ref="11250901060"/>
  <nd ref="11053438218"/>
  <nd ref="4022006449"/>
  <nd ref="1043735633"/>
  <nd ref="1043735622"/>
  <nd ref="1043735610"/>
  <nd ref="6254644705"/>
  <nd ref="1043735625"/>
  <tag k="building:levels" v="1"/>
  <tag k="building:part" v="yes"/>
 </way>
 <way id="667958074" visible="true" version="3" changeset="142347999" timestamp="2023-10-09T12:32:01Z" user="Seetroll" uid="135562">
  <nd ref="1043735625"/>
  <nd ref="1371435461"/>
  <nd ref="1371435473"/>
  <nd ref="1371435497"/>
  <nd ref="4621981804"/>
  <nd ref="1371435229"/>
  <nd ref="1371435157"/>
  <nd ref="1371435181"/>
  <nd ref="1371435138"/>
  <nd ref="4022006453"/>
  <nd ref="11250901060"/>
  <nd ref="11053438218"/>
  <nd ref="4022006449"/>
  <nd ref="1043735633"/>
  <nd ref="1043735622"/>
  <nd ref="1043735610"/>
  <nd ref="6254644705"/>
  <nd ref="1043735625"/>
 </way>
 <way id="669342574" visible="true" version="1" changeset="67049774" timestamp="2019-02-09T13:56:43Z" user="mapper999" uid="165061">
  <nd ref="1293662859"/>
  <nd ref="1293662819"/>
  <nd ref="1293662851"/>
  <nd ref="6267933250"/>
  <nd ref="6267933249"/>
  <nd ref="1293662824"/>
  <nd ref="1293662859"/>
  <tag k="building" v="roof"/>
  <tag k="layer" v="1"/>
  <tag k="source:geometry" v="Bing 2013"/>
 </way>
 <way id="686962650" visible="true" version="3" changeset="179313413" timestamp="2026-03-03T17:16:36Z" user="JustFelicia" uid="23891092">
  <nd ref="4892726405"/>
  <nd ref="1482236537"/>
  <tag k="bicycle" v="designated"/>
  <tag k="foot" v="designated"/>
  <tag k="footway" v="sidewalk"/>
  <tag k="highway" v="path"/>
  <tag k="lit" v="yes"/>
  <tag k="oneway:bicycle" v="yes"/>
  <tag k="segregated" v="no"/>
  <tag k="surface" v="paving_stones"/>
 </way>
 <way id="686962654" visible="true" version="1" changeset="69749744" timestamp="2019-04-30T19:56:57Z" user="mapper999" uid="165061">
  <nd ref="6439649602"/>
  <nd ref="6439649605"/>
  <nd ref="6439649604"/>
  <nd ref="6439649603"/>
  <nd ref="6439649602"/>
  <tag k="landuse" v="grass"/>
 </way>
 <way id="687854168" visible="true" version="3" changeset="138257145" timestamp="2023-07-08T09:51:26Z" user="amapanda ᚛ᚐᚋᚐᚅᚇᚐ᚜ 🏳️‍⚧️" uid="23770">
  <nd ref="25928867"/>
  <nd ref="1388683007"/>
  <tag k="cycleway:surface" v="paving_stones"/>
  <tag k="highway" v="cycleway"/>
  <tag k="lit" v="yes"/>
  <tag k="note" v="Hilfsverbindung für Linksabbieger aus Rintheim kommend"/>
  <tag k="oneway" v="yes"/>
  <tag k="segregated" v="yes"/>
  <tag k="surface" v="paving_stones"/>
 </way>
 <way id="692313158" visible="true" version="1" changeset="70599401" timestamp="2019-05-24T21:06:52Z" user="mapper999" uid="165061">
  <nd ref="6498653918"/>
  <nd ref="6498653900"/>
  <nd ref="6498653899"/>
  <nd ref="6498653898"/>
  <nd ref="6498653897"/>
  <nd ref="6498653896"/>
  <nd ref="6498653895"/>
  <nd ref="3330614514"/>
  <nd ref="3330614519"/>
  <nd ref="6498653901"/>
  <nd ref="6498653902"/>
  <nd ref="6498653903"/>
  <nd ref="6498653904"/>
  <nd ref="6498653905"/>
  <nd ref="6498653906"/>
  <nd ref="6498653907"/>
  <nd ref="6498653908"/>
  <nd ref="6498653909"/>
  <nd ref="6498653910"/>
  <nd ref="6498653911"/>
  <nd ref="6498653912"/>
  <nd ref="6498653913"/>
  <nd ref="6498653914"/>
  <nd ref="6498653915"/>
  <nd ref="6498653916"/>
  <nd ref="6498653917"/>
  <nd ref="6498653918"/>
  <tag k="natural" v="scrub"/>
 </way>
 <way id="692313159" visible="true" version="1" changeset="70599401" timestamp="2019-05-24T21:06:52Z" user="mapper999" uid="165061">
  <nd ref="3330614529"/>
  <nd ref="6498653920"/>
  <nd ref="6498653919"/>
  <nd ref="6498653918"/>
  <nd ref="6498653917"/>
  <nd ref="6498653916"/>
  <nd ref="6498653915"/>
  <nd ref="6498653914"/>
  <nd ref="6498653913"/>
  <nd ref="6498653912"/>
  <nd ref="6498653911"/>
  <nd ref="6498653910"/>
  <nd ref="6498653909"/>
  <nd ref="6498653908"/>
  <nd ref="6498653907"/>
  <nd ref="6498653906"/>
  <nd ref="6498653905"/>
  <nd ref="6498653904"/>
  <nd ref="6498653903"/>
  <nd ref="6498653902"/>
  <nd ref="6498653901"/>
  <nd ref="3330614529"/>
  <tag k="landuse" v="grass"/>
 </way>
 <way id="692313160" visible="true" version="3" changeset="112763380" timestamp="2021-10-20T21:07:02Z" user="Pamalosebi" uid="14321673">
  <nd ref="6498653937"/>
  <nd ref="6498653934"/>
  <nd ref="6498653933"/>
  <nd ref="6498653932"/>
  <nd ref="6498653931"/>
  <nd ref="6498653930"/>
  <nd ref="6498653929"/>
  <nd ref="6498653928"/>
  <nd ref="6498653927"/>
  <nd ref="6498653926"/>
  <nd ref="6498653925"/>
  <nd ref="6498653924"/>
  <nd ref="6498653923"/>
  <nd ref="9141347472"/>
  <nd ref="9141347470"/>
  <nd ref="9141347471"/>
  <nd ref="1481256789"/>
  <nd ref="9188448242"/>
  <nd ref="9188448240"/>
  <nd ref="9188448239"/>
  <nd ref="6498653935"/>
  <nd ref="6498653936"/>
  <nd ref="6498653937"/>
  <tag k="landuse" v="grass"/>
 </way>
 <way id="692313161" visible="true" version="2" changeset="112763380" timestamp="2021-10-20T21:07:02Z" user="Pamalosebi" uid="14321673">
  <nd ref="1481256635"/>
  <nd ref="9188448220"/>
  <nd ref="9188448222"/>
  <nd ref="6498653939"/>
  <nd ref="6498653938"/>
  <nd ref="6498653937"/>
  <nd ref="6498653936"/>
  <nd ref="6498653935"/>
  <nd ref="1481256706"/>
  <nd ref="1481256687"/>
  <nd ref="1481256635"/>
  <tag k="natural" v="scrub"/>
 </way>
 <way id="692313162" visible="true" version="4" changeset="148706988" timestamp="2024-03-15T20:41:26Z" user="Rainero" uid="137242">
  <nd ref="6498653944"/>
  <nd ref="6498653947"/>
  <nd ref="6498653946"/>
  <nd ref="1481256650"/>
  <nd ref="1481256592"/>
  <nd ref="9188448243"/>
  <nd ref="9188448245"/>
  <nd ref="9188448247"/>
  <nd ref="9188448249"/>
  <nd ref="4338227179"/>
  <nd ref="11735086098"/>
  <nd ref="9887088265"/>
  <nd ref="6498653944"/>
  <tag k="natural" v="scrub"/>
 </way>
 <way id="692313163" visible="true" version="2" changeset="80444891" timestamp="2020-02-02T19:41:38Z" user="mapper999" uid="165061">
  <nd ref="6498653951"/>
  <nd ref="6498653950"/>
  <tag k="highway" v="path"/>
  <tag k="lit" v="yes"/>
  <tag k="surface" v="paving_stones"/>
 </way>
 <way id="692313164" visible="true" version="6" changeset="155299076" timestamp="2024-08-15T19:37:40Z" user="rbpca" uid="16188450">
  <nd ref="6498653951"/>
  <nd ref="6498653952"/>
  <tag k="handrail" v="no"/>
  <tag k="highway" v="steps"/>
  <tag k="incline" v="up"/>
  <tag k="lit" v="yes"/>
  <tag k="ramp" v="no"/>
  <tag k="step_count" v="7"/>
  <tag k="surface" v="concrete"/>
  <tag k="tactile_paving" v="no"/>
 </way>
 <way id="692313165" visible="true" version="5" changeset="155299076" timestamp="2024-08-15T19:37:52Z" user="rbpca" uid="16188450">
  <nd ref="6498653948"/>
  <nd ref="1481256616"/>
  <tag k="handrail" v="no"/>
  <tag k="highway" v="steps"/>
  <tag k="incline" v="up"/>
  <tag k="lit" v="yes"/>
  <tag k="ramp" v="no"/>
  <tag k="source" v="survey"/>
  <tag k="step_count" v="7"/>
  <tag k="surface" v="concrete"/>
  <tag k="tactile_paving" v="no"/>
 </way>
 <way id="692313166" visible="true" version="2" changeset="80444891" timestamp="2020-02-02T19:41:38Z" user="mapper999" uid="165061">
  <nd ref="1481256738"/>
  <nd ref="6498653949"/>
  <nd ref="6498653952"/>
  <tag k="highway" v="path"/>
  <tag k="lit" v="yes"/>
  <tag k="surface" v="paving_stones"/>
 </way>
 <way id="692331007" visible="true" version="2" changeset="70626085" timestamp="2019-05-26T07:49:32Z" user="mapper999" uid="165061">
  <nd ref="6498802492"/>
  <nd ref="6498802488"/>
  <nd ref="6498802490"/>
  <nd ref="6498802509"/>
  <nd ref="6498802492"/>
  <tag k="amenity" v="parking_space"/>
  <tag k="capacity" v="1"/>
 </way>
 <way id="692331008" visible="true" version="2" changeset="70626085" timestamp="2019-05-26T07:49:32Z" user="mapper999" uid="165061">
  <nd ref="6498802488"/>
  <nd ref="6498802491"/>
  <nd ref="6498802489"/>
  <nd ref="4258962154"/>
  <nd ref="6498802492"/>
  <nd ref="6498802488"/>
  <tag k="amenity" v="parking_space"/>
  <tag k="capacity" v="1"/>
 </way>
 <way id="692331009" visible="true" version="2" changeset="70626085" timestamp="2019-05-26T07:49:32Z" user="mapper999" uid="165061">
  <nd ref="6498802497"/>
  <nd ref="6498802502"/>
  <nd ref="6498802503"/>
  <nd ref="6498802498"/>
  <nd ref="6498802497"/>
  <tag k="amenity" v="parking_space"/>
  <tag k="capacity" v="1"/>
 </way>
 <way id="692331010" visible="true" version="2" changeset="70626085" timestamp="2019-05-26T07:49:32Z" user="mapper999" uid="165061">
  <nd ref="6498802498"/>
  <nd ref="6498802503"/>
  <nd ref="6498802507"/>
  <nd ref="6498802504"/>
  <nd ref="6498802498"/>
  <tag k="amenity" v="parking_space"/>
  <tag k="capacity" v="1"/>
 </way>
 <way id="692331012" visible="true" version="2" changeset="70626085" timestamp="2019-05-26T07:49:32Z" user="mapper999" uid="165061">
  <nd ref="6498802494"/>
  <nd ref="6498802495"/>
  <nd ref="6498802501"/>
  <nd ref="6498802500"/>
  <nd ref="6498802494"/>
  <tag k="amenity" v="parking_space"/>
  <tag k="capacity" v="1"/>
 </way>
 <way id="692331013" visible="true" version="2" changeset="70626085" timestamp="2019-05-26T07:49:32Z" user="mapper999" uid="165061">
  <nd ref="6498802493"/>
  <nd ref="6498802494"/>
  <nd ref="6498802500"/>
  <nd ref="6498802499"/>
  <nd ref="6498802493"/>
  <tag k="amenity" v="parking_space"/>
  <tag k="capacity" v="1"/>
 </way>
 <way id="692331014" visible="true" version="2" changeset="70626085" timestamp="2019-05-26T07:49:32Z" user="mapper999" uid="165061">
  <nd ref="6498802493"/>
  <nd ref="6498802506"/>
  <nd ref="6498802505"/>
  <nd ref="6498802499"/>
  <nd ref="6498802493"/>
  <tag k="amenity" v="parking_space"/>
  <tag k="capacity" v="1"/>
 </way>
 <way id="692331015" visible="true" version="2" changeset="70626085" timestamp="2019-05-26T07:49:32Z" user="mapper999" uid="165061">
  <nd ref="6498802497"/>
  <nd ref="6498802508"/>
  <nd ref="6498802510"/>
  <nd ref="6498802502"/>
  <nd ref="6498802497"/>
  <tag k="amenity" v="parking_space"/>
  <tag k="capacity" v="1"/>
 </way>
 <way id="692331016" visible="true" version="1" changeset="70600445" timestamp="2019-05-24T22:02:43Z" user="mapper999" uid="165061">
  <nd ref="6498802505"/>
  <nd ref="6498802507"/>
  <nd ref="6498802504"/>
  <nd ref="6498802506"/>
  <nd ref="6498802505"/>
  <tag k="landuse" v="grass"/>
 </way>
 <way id="692331017" visible="true" version="1" changeset="70600445" timestamp="2019-05-24T22:02:43Z" user="mapper999" uid="165061">
  <nd ref="6498802510"/>
  <nd ref="6498802509"/>
  <nd ref="6498802490"/>
  <nd ref="6498802508"/>
  <nd ref="6498802510"/>
  <tag k="landuse" v="grass"/>
 </way>
 <way id="692331025" visible="true" version="2" changeset="181035156" timestamp="2026-04-08T09:00:21Z" user="mfbehrens" uid="9645335">
  <nd ref="1478865265"/>
  <nd ref="1478865267"/>
  <tag k="bicycle" v="yes"/>
  <tag k="highway" v="residential"/>
  <tag k="lit" v="yes"/>
  <tag k="maxspeed" v="50"/>
  <tag k="name" v="Striederstraße"/>
  <tag k="name:etymology:wikidata" v="Q113732707"/>
  <tag k="operator" v="Stadt Karlsruhe"/>
  <tag k="operator:type" v="public"/>
  <tag k="source:maxspeed" v="DE:urban"/>
  <tag k="surface" v="asphalt"/>
  <tag k="zone:traffic" v="DE:urban"/>
 </way>
 <way id="692331037" visible="true" version="1" changeset="70600445" timestamp="2019-05-24T22:02:46Z" user="mapper999" uid="165061">
  <nd ref="1293662831"/>
  <nd ref="1293662825"/>
  <nd ref="1293662805"/>
  <nd ref="1293662802"/>
  <nd ref="1293662849"/>
  <nd ref="1293662831"/>
  <tag k="building" v="garage"/>
  <tag k="building:levels" v="1"/>
  <tag k="capacity" v="2"/>
  <tag k="roof:material" v="roof_tiles"/>
  <tag k="roof:shape" v="gabled"/>
  <tag k="source:geometry" v="Maps4BW, LGL, www.lgl-bw.de"/>
 </way>
 <way id="693922172" visible="true" version="3" changeset="181035156" timestamp="2026-04-08T09:02:20Z" user="mfbehrens" uid="9645335">
  <nd ref="1831282631"/>
  <nd ref="4338239100"/>
  <tag k="access:lanes" v="yes|yes|no"/>
  <tag k="bicycle:lanes" v="yes|use_sidepath|designated"/>
  <tag k="cycleway:right" v="lane"/>
  <tag k="cycleway:right:lane" v="exclusive"/>
  <tag k="highway" v="tertiary"/>
  <tag k="lanes" v="2"/>
  <tag k="lit" v="yes"/>
  <tag k="maxspeed" v="30"/>
  <tag k="name" v="Mannheimer Straße"/>
  <tag k="name:etymology:wikidata" v="Q2119"/>
  <tag k="note" v="im SHP des NVK: III"/>
  <tag k="oneway" v="yes"/>
  <tag k="operator" v="Stadt Karlsruhe"/>
  <tag k="operator:type" v="public"/>
  <tag k="placement" v="middle_of:2"/>
  <tag k="sidewalk" v="separate"/>
  <tag k="source:maxspeed" v="DE:zone30"/>
  <tag k="surface" v="asphalt"/>
  <tag k="turn:lanes" v="left|through;right|through"/>
  <tag k="width:lanes" v="3|3.2|1.5"/>
  <tag k="zone:traffic" v="DE:urban"/>
 </way>
 <way id="693922173" visible="true" version="1" changeset="70835993" timestamp="2019-06-01T13:47:50Z" user="mapper999" uid="165061">
  <nd ref="6515065875"/>
  <nd ref="4972334546"/>
  <nd ref="4972334545"/>
  <nd ref="6515065874"/>
  <nd ref="6515065875"/>
  <tag k="access" v="customers"/>
  <tag k="amenity" v="parking_space"/>
  <tag k="capacity" v="1"/>
  <tag k="surface" v="paving_stones"/>
 </way>
 <way id="693922174" visible="true" version="1" changeset="70835993" timestamp="2019-06-01T13:47:50Z" user="mapper999" uid="165061">
  <nd ref="6515065877"/>
  <nd ref="6515065875"/>
  <nd ref="6515065874"/>
  <nd ref="6515065876"/>
  <nd ref="6515065877"/>
  <tag k="access" v="customers"/>
  <tag k="amenity" v="parking_space"/>
  <tag k="capacity" v="1"/>
  <tag k="surface" v="paving_stones"/>
 </way>
 <way id="693922175" visible="true" version="1" changeset="70835993" timestamp="2019-06-01T13:47:50Z" user="mapper999" uid="165061">
  <nd ref="6515065879"/>
  <nd ref="6515065877"/>
  <nd ref="6515065876"/>
  <nd ref="6515065878"/>
  <nd ref="6515065879"/>
  <tag k="access" v="customers"/>
  <tag k="amenity" v="parking_space"/>
  <tag k="capacity" v="1"/>
  <tag k="surface" v="paving_stones"/>
 </way>
 <way id="693922176" visible="true" version="1" changeset="70835993" timestamp="2019-06-01T13:47:50Z" user="mapper999" uid="165061">
  <nd ref="6515065881"/>
  <nd ref="6515065879"/>
  <nd ref="6515065878"/>
  <nd ref="6515065880"/>
  <nd ref="6515065881"/>
  <tag k="access" v="customers"/>
  <tag k="amenity" v="parking_space"/>
  <tag k="capacity" v="1"/>
  <tag k="surface" v="paving_stones"/>
 </way>
 <way id="693922177" visible="true" version="1" changeset="70835993" timestamp="2019-06-01T13:47:50Z" user="mapper999" uid="165061">
  <nd ref="6515065883"/>
  <nd ref="6515065881"/>
  <nd ref="6515065880"/>
  <nd ref="6515065882"/>
  <nd ref="6515065883"/>
  <tag k="access" v="customers"/>
  <tag k="amenity" v="parking_space"/>
  <tag k="capacity" v="1"/>
  <tag k="surface" v="paving_stones"/>
 </way>
 <way id="693922178" visible="true" version="1" changeset="70835993" timestamp="2019-06-01T13:47:50Z" user="mapper999" uid="165061">
  <nd ref="6515106985"/>
  <nd ref="6515065883"/>
  <nd ref="6515065882"/>
  <nd ref="6515065884"/>
  <nd ref="6515106985"/>
  <tag k="access" v="customers"/>
  <tag k="amenity" v="parking_space"/>
  <tag k="capacity" v="1"/>
  <tag k="surface" v="paving_stones"/>
 </way>
 <way id="693922179" visible="true" version="1" changeset="70835993" timestamp="2019-06-01T13:47:50Z" user="mapper999" uid="165061">
  <nd ref="6515106987"/>
  <nd ref="6515106985"/>
  <nd ref="6515065884"/>
  <nd ref="6515106986"/>
  <nd ref="6515106987"/>
  <tag k="access" v="customers"/>
  <tag k="amenity" v="parking_space"/>
  <tag k="capacity" v="1"/>
  <tag k="surface" v="paving_stones"/>
 </way>
 <way id="693922180" visible="true" version="1" changeset="70835993" timestamp="2019-06-01T13:47:50Z" user="mapper999" uid="165061">
  <nd ref="6515106989"/>
  <nd ref="6515106987"/>
  <nd ref="6515106986"/>
  <nd ref="6515106988"/>
  <nd ref="6515106989"/>
  <tag k="access" v="customers"/>
  <tag k="amenity" v="parking_space"/>
  <tag k="capacity" v="1"/>
  <tag k="surface" v="paving_stones"/>
 </way>
 <way id="693922181" visible="true" version="1" changeset="70835993" timestamp="2019-06-01T13:47:50Z" user="mapper999" uid="165061">
  <nd ref="6515106991"/>
  <nd ref="6515106989"/>
  <nd ref="6515106988"/>
  <nd ref="6515106990"/>
  <nd ref="6515106991"/>
  <tag k="access" v="customers"/>
  <tag k="amenity" v="parking_space"/>
  <tag k="capacity" v="1"/>
  <tag k="surface" v="paving_stones"/>
 </way>
 <way id="693922182" visible="true" version="1" changeset="70835993" timestamp="2019-06-01T13:47:50Z" user="mapper999" uid="165061">
  <nd ref="6515106993"/>
  <nd ref="6515106991"/>
  <nd ref="6515106990"/>
  <nd ref="6515106992"/>
  <nd ref="6515106993"/>
  <tag k="access" v="customers"/>
  <tag k="amenity" v="parking_space"/>
  <tag k="capacity" v="1"/>
  <tag k="surface" v="paving_stones"/>
 </way>
 <way id="693922183" visible="true" version="1" changeset="70835993" timestamp="2019-06-01T13:47:50Z" user="mapper999" uid="165061">
  <nd ref="6515106995"/>
  <nd ref="6515106993"/>
  <nd ref="6515106992"/>
  <nd ref="6515106994"/>
  <nd ref="6515106995"/>
  <tag k="access" v="customers"/>
  <tag k="amenity" v="parking_space"/>
  <tag k="capacity" v="1"/>
  <tag k="surface" v="paving_stones"/>
 </way>
 <way id="693922184" visible="true" version="1" changeset="70835993" timestamp="2019-06-01T13:47:50Z" user="mapper999" uid="165061">
  <nd ref="6515106997"/>
  <nd ref="6515106995"/>
  <nd ref="6515106994"/>
  <nd ref="6515106996"/>
  <nd ref="6515106997"/>
  <tag k="access" v="customers"/>
  <tag k="amenity" v="parking_space"/>
  <tag k="capacity" v="1"/>
  <tag k="surface" v="paving_stones"/>
 </way>
 <way id="693922185" visible="true" version="1" changeset="70835993" timestamp="2019-06-01T13:47:50Z" user="mapper999" uid="165061">
  <nd ref="6515106999"/>
  <nd ref="6515106997"/>
  <nd ref="6515106996"/>
  <nd ref="6515106998"/>
  <nd ref="6515106999"/>
  <tag k="access" v="customers"/>
  <tag k="amenity" v="parking_space"/>
  <tag k="capacity" v="1"/>
  <tag k="surface" v="paving_stones"/>
 </way>
 <way id="693922186" visible="true" version="1" changeset="70835993" timestamp="2019-06-01T13:47:50Z" user="mapper999" uid="165061">
  <nd ref="6515107001"/>
  <nd ref="6515106999"/>
  <nd ref="6515106998"/>
  <nd ref="6515107000"/>
  <nd ref="6515107001"/>
  <tag k="access" v="customers"/>
  <tag k="amenity" v="parking_space"/>
  <tag k="capacity" v="1"/>
  <tag k="surface" v="paving_stones"/>
 </way>
 <way id="693922187" visible="true" version="1" changeset="70835993" timestamp="2019-06-01T13:47:50Z" user="mapper999" uid="165061">
  <nd ref="6515107003"/>
  <nd ref="6515107001"/>
  <nd ref="6515107000"/>
  <nd ref="6515107002"/>
  <nd ref="6515107003"/>
  <tag k="access" v="customers"/>
  <tag k="amenity" v="parking_space"/>
  <tag k="capacity" v="1"/>
  <tag k="surface" v="paving_stones"/>
 </way>
 <way id="693922188" visible="true" version="1" changeset="70835993" timestamp="2019-06-01T13:47:50Z" user="mapper999" uid="165061">
  <nd ref="6515107005"/>
  <nd ref="6515107003"/>
  <nd ref="6515107002"/>
  <nd ref="6515107004"/>
  <nd ref="6515107005"/>
  <tag k="access" v="customers"/>
  <tag k="amenity" v="parking_space"/>
  <tag k="capacity" v="1"/>
  <tag k="surface" v="paving_stones"/>
 </way>
 <way id="693922189" visible="true" version="1" changeset="70835993" timestamp="2019-06-01T13:47:50Z" user="mapper999" uid="165061">
  <nd ref="6515107007"/>
  <nd ref="6515107005"/>
  <nd ref="6515107004"/>
  <nd ref="6515107006"/>
  <nd ref="6515107007"/>
  <tag k="access" v="customers"/>
  <tag k="amenity" v="parking_space"/>
  <tag k="capacity" v="1"/>
  <tag k="surface" v="paving_stones"/>
 </way>
 <way id="693922190" visible="true" version="1" changeset="70835993" timestamp="2019-06-01T13:47:50Z" user="mapper999" uid="165061">
  <nd ref="6515107009"/>
  <nd ref="6515107007"/>
  <nd ref="6515107006"/>
  <nd ref="6515107008"/>
  <nd ref="6515107009"/>
  <tag k="access" v="customers"/>
  <tag k="amenity" v="parking_space"/>
  <tag k="capacity" v="1"/>
  <tag k="surface" v="paving_stones"/>
 </way>
 <way id="693922191" visible="true" version="1" changeset="70835993" timestamp="2019-06-01T13:47:50Z" user="mapper999" uid="165061">
  <nd ref="6515107011"/>
  <nd ref="6515107009"/>
  <nd ref="6515107008"/>
  <nd ref="6515107010"/>
  <nd ref="6515107011"/>
  <tag k="access" v="customers"/>
  <tag k="amenity" v="parking_space"/>
  <tag k="capacity" v="1"/>
  <tag k="surface" v="paving_stones"/>
 </way>
 <way id="693922192" visible="true" version="1" changeset="70835993" timestamp="2019-06-01T13:47:50Z" user="mapper999" uid="165061">
  <nd ref="6515107013"/>
  <nd ref="6515107011"/>
  <nd ref="6515107010"/>
  <nd ref="6515107012"/>
  <nd ref="6515107013"/>
  <tag k="access" v="customers"/>
  <tag k="amenity" v="parking_space"/>
  <tag k="capacity" v="1"/>
  <tag k="surface" v="paving_stones"/>
 </way>
 <way id="693922193" visible="true" version="1" changeset="70835993" timestamp="2019-06-01T13:47:50Z" user="mapper999" uid="165061">
  <nd ref="6515107015"/>
  <nd ref="6515107013"/>
  <nd ref="6515107012"/>
  <nd ref="6515107014"/>
  <nd ref="6515107015"/>
  <tag k="access" v="customers"/>
  <tag k="amenity" v="parking_space"/>
  <tag k="capacity" v="1"/>
  <tag k="surface" v="paving_stones"/>
 </way>
 <way id="693922194" visible="true" version="1" changeset="70835993" timestamp="2019-06-01T13:47:50Z" user="mapper999" uid="165061">
  <nd ref="6515107017"/>
  <nd ref="6515107015"/>
  <nd ref="6515107014"/>
  <nd ref="6515107016"/>
  <nd ref="6515107017"/>
  <tag k="access" v="customers"/>
  <tag k="amenity" v="parking_space"/>
  <tag k="capacity" v="1"/>
  <tag k="surface" v="paving_stones"/>
 </way>
 <way id="693922195" visible="true" version="1" changeset="70835993" timestamp="2019-06-01T13:47:50Z" user="mapper999" uid="165061">
  <nd ref="6515107019"/>
  <nd ref="6515107017"/>
  <nd ref="6515107016"/>
  <nd ref="6515107018"/>
  <nd ref="6515107019"/>
  <tag k="access" v="customers"/>
  <tag k="amenity" v="parking_space"/>
  <tag k="capacity" v="1"/>
  <tag k="surface" v="paving_stones"/>
 </way>
 <way id="693922219" visible="true" version="1" changeset="70835993" timestamp="2019-06-01T13:47:50Z" user="mapper999" uid="165061">
  <nd ref="6515107065"/>
  <nd ref="4972334536"/>
  <nd ref="6515107113"/>
  <nd ref="6515107064"/>
  <nd ref="6515107065"/>
  <tag k="access" v="customers"/>
  <tag k="amenity" v="parking_space"/>
  <tag k="capacity" v="1"/>
  <tag k="surface" v="paving_stones"/>
 </way>
 <way id="693922220" visible="true" version="1" changeset="70835993" timestamp="2019-06-01T13:47:50Z" user="mapper999" uid="165061">
  <nd ref="6515107067"/>
  <nd ref="6515107065"/>
  <nd ref="6515107064"/>
  <nd ref="6515107066"/>
  <nd ref="6515107067"/>
  <tag k="access" v="customers"/>
  <tag k="amenity" v="parking_space"/>
  <tag k="capacity" v="1"/>
  <tag k="surface" v="paving_stones"/>
 </way>
 <way id="693922221" visible="true" version="1" changeset="70835993" timestamp="2019-06-01T13:47:50Z" user="mapper999" uid="165061">
  <nd ref="6515107069"/>
  <nd ref="6515107067"/>
  <nd ref="6515107066"/>
  <nd ref="6515107068"/>
  <nd ref="6515107069"/>
  <tag k="access" v="customers"/>
  <tag k="amenity" v="parking_space"/>
  <tag k="capacity" v="1"/>
  <tag k="surface" v="paving_stones"/>
 </way>
 <way id="693922222" visible="true" version="1" changeset="70835993" timestamp="2019-06-01T13:47:50Z" user="mapper999" uid="165061">
  <nd ref="6515107071"/>
  <nd ref="6515107069"/>
  <nd ref="6515107068"/>
  <nd ref="6515107070"/>
  <nd ref="6515107071"/>
  <tag k="access" v="customers"/>
  <tag k="amenity" v="parking_space"/>
  <tag k="capacity" v="1"/>
  <tag k="surface" v="paving_stones"/>
 </way>
 <way id="693922223" visible="true" version="1" changeset="70835993" timestamp="2019-06-01T13:47:50Z" user="mapper999" uid="165061">
  <nd ref="6515107073"/>
  <nd ref="6515107071"/>
  <nd ref="6515107070"/>
  <nd ref="6515107072"/>
  <nd ref="6515107073"/>
  <tag k="access" v="customers"/>
  <tag k="amenity" v="parking_space"/>
  <tag k="capacity" v="1"/>
  <tag k="surface" v="paving_stones"/>
 </way>
 <way id="693922224" visible="true" version="1" changeset="70835993" timestamp="2019-06-01T13:47:50Z" user="mapper999" uid="165061">
  <nd ref="6515107075"/>
  <nd ref="6515107073"/>
  <nd ref="6515107072"/>
  <nd ref="6515107074"/>
  <nd ref="6515107075"/>
  <tag k="access" v="customers"/>
  <tag k="amenity" v="parking_space"/>
  <tag k="capacity" v="1"/>
  <tag k="surface" v="paving_stones"/>
 </way>
 <way id="693922225" visible="true" version="1" changeset="70835993" timestamp="2019-06-01T13:47:50Z" user="mapper999" uid="165061">
  <nd ref="6515107077"/>
  <nd ref="6515107075"/>
  <nd ref="6515107074"/>
  <nd ref="6515107076"/>
  <nd ref="6515107077"/>
  <tag k="access" v="customers"/>
  <tag k="amenity" v="parking_space"/>
  <tag k="capacity" v="1"/>
  <tag k="surface" v="paving_stones"/>
 </way>
 <way id="693922226" visible="true" version="1" changeset="70835993" timestamp="2019-06-01T13:47:50Z" user="mapper999" uid="165061">
  <nd ref="6515107079"/>
  <nd ref="6515107077"/>
  <nd ref="6515107076"/>
  <nd ref="6515107078"/>
  <nd ref="6515107079"/>
  <tag k="access" v="customers"/>
  <tag k="amenity" v="parking_space"/>
  <tag k="capacity" v="1"/>
  <tag k="surface" v="paving_stones"/>
 </way>
 <way id="693922227" visible="true" version="1" changeset="70835993" timestamp="2019-06-01T13:47:50Z" user="mapper999" uid="165061">
  <nd ref="6515107081"/>
  <nd ref="6515107079"/>
  <nd ref="6515107078"/>
  <nd ref="6515107080"/>
  <nd ref="6515107081"/>
  <tag k="access" v="customers"/>
  <tag k="amenity" v="parking_space"/>
  <tag k="capacity" v="1"/>
  <tag k="surface" v="paving_stones"/>
 </way>
 <way id="693922228" visible="true" version="1" changeset="70835993" timestamp="2019-06-01T13:47:50Z" user="mapper999" uid="165061">
  <nd ref="6515107083"/>
  <nd ref="6515107081"/>
  <nd ref="6515107080"/>
  <nd ref="6515107082"/>
  <nd ref="6515107083"/>
  <tag k="access" v="customers"/>
  <tag k="amenity" v="parking_space"/>
  <tag k="capacity" v="1"/>
  <tag k="surface" v="paving_stones"/>
 </way>
 <way id="693922229" visible="true" version="1" changeset="70835993" timestamp="2019-06-01T13:47:50Z" user="mapper999" uid="165061">
  <nd ref="6515107085"/>
  <nd ref="6515107083"/>
  <nd ref="6515107082"/>
  <nd ref="6515107084"/>
  <nd ref="6515107085"/>
  <tag k="access" v="customers"/>
  <tag k="amenity" v="parking_space"/>
  <tag k="capacity" v="1"/>
  <tag k="surface" v="paving_stones"/>
 </way>
 <way id="693922242" visible="true" version="1" changeset="70835993" timestamp="2019-06-01T13:47:50Z" user="mapper999" uid="165061">
  <nd ref="6515107111"/>
  <nd ref="4972334535"/>
  <nd ref="6515107085"/>
  <nd ref="6515107084"/>
  <nd ref="6515107112"/>
  <nd ref="6515107111"/>
  <tag k="access" v="customers"/>
  <tag k="amenity" v="parking_space"/>
  <tag k="capacity" v="1"/>
  <tag k="surface" v="paving_stones"/>
 </way>
 <way id="731076502" visible="true" version="3" changeset="83837144" timestamp="2020-04-20T18:18:02Z" user="mapper999" uid="165061">
  <nd ref="6847507044"/>
  <nd ref="6152604697"/>
  <nd ref="4621072695"/>
  <nd ref="6847507045"/>
  <nd ref="6847507044"/>
  <tag k="access" v="private"/>
  <tag k="amenity" v="waste_disposal"/>
  <tag k="operator" v="Netto Marken-Discount AG &amp; Co. KG"/>
 </way>
 <way id="749249152" visible="true" version="5" changeset="185138876" timestamp="2026-07-05T12:56:50Z" user="amapanda ᚛ᚐᚋᚐᚅᚇᚐ᚜ 🏳️‍⚧️" uid="23770">
  <nd ref="1371435527"/>
  <nd ref="1293662799"/>
  <nd ref="1293662838"/>
  <nd ref="1293662846"/>
  <nd ref="1371435540"/>
  <nd ref="7006579863"/>
  <nd ref="1478865280"/>
  <nd ref="7006579862"/>
  <nd ref="1371435541"/>
  <nd ref="366105581"/>
  <nd ref="1371435527"/>
  <tag k="addr:city" v="Karlsruhe"/>
  <tag k="addr:country" v="DE"/>
  <tag k="addr:housenumber" v="92"/>
  <tag k="addr:postcode" v="76131"/>
  <tag k="addr:street" v="Rintheimer Straße"/>
  <tag k="addr:suburb" v="Oststadt"/>
  <tag k="air_conditioning" v="no"/>
  <tag k="amenity" v="restaurant"/>
  <tag k="check_date" v="2026-07-05"/>
  <tag k="contact:phone" v="+49 721 6272290"/>
  <tag k="contact:website" v="https://www.anatoliapizzakebaphauskarlsruhekarlsruhe.de"/>
  <tag k="cuisine" v="kebab;turkish"/>
  <tag k="delivery" v="yes"/>
  <tag k="delivery:brand" v="Lieferando"/>
  <tag k="diet:vegetarian" v="yes"/>
  <tag k="front_cooking" v="yes"/>
  <tag k="indoor_seating" v="yes"/>
  <tag k="internet_access" v="no"/>
  <tag k="name" v="anatolia Pizza &amp; Kebap Haus"/>
  <tag k="opening_hours" v="Mo-Fr 10:00-21:30; Sa-Su,PH 12:00-21:30"/>
  <tag k="outdoor_seating" v="yes"/>
  <tag k="payment:cards" v="no"/>
  <tag k="payment:cash" v="yes"/>
  <tag k="payment:credit_cards" v="no"/>
  <tag k="payment:debit_cards" v="no"/>
  <tag k="smoking" v="no"/>
  <tag k="start_date" v="2012"/>
  <tag k="takeaway" v="yes"/>
  <tag k="wheelchair" v="no"/>
  <tag k="wheelchair:description:de" v="Stufe am Eingang"/>
 </way>
 <way id="749249153" visible="true" version="2" changeset="77490576" timestamp="2019-11-24T19:21:40Z" user="mapper999" uid="165061">
  <nd ref="7006579862"/>
  <nd ref="1371435541"/>
  <nd ref="1371435543"/>
  <nd ref="1371435547"/>
  <nd ref="1371435545"/>
  <nd ref="1371435540"/>
  <nd ref="7006579863"/>
  <nd ref="1478865280"/>
  <nd ref="7006579862"/>
  <tag k="access" v="customers"/>
  <tag k="customers" v="anatolia Pizza &amp; Kebap Haus"/>
  <tag k="leisure" v="outdoor_seating"/>
 </way>
 <way id="755688373" visible="true" version="2" changeset="112763380" timestamp="2021-10-20T21:07:02Z" user="Pamalosebi" uid="14321673">
  <nd ref="7058463202"/>
  <nd ref="9188428066"/>
  <nd ref="9188428068"/>
  <nd ref="9188428070"/>
  <nd ref="9188428072"/>
  <nd ref="7058463193"/>
  <nd ref="7058463212"/>
  <nd ref="7058463213"/>
  <nd ref="7058463194"/>
  <nd ref="9188428075"/>
  <nd ref="9188428077"/>
  <nd ref="9188428079"/>
  <nd ref="9188428081"/>
  <nd ref="9188428083"/>
  <nd ref="9188428085"/>
  <nd ref="9188428088"/>
  <nd ref="7058463195"/>
  <nd ref="7058463211"/>
  <nd ref="7058463208"/>
  <nd ref="7058463209"/>
  <nd ref="7058463210"/>
  <nd ref="7058463196"/>
  <nd ref="9188428106"/>
  <nd ref="9188428104"/>
  <nd ref="9188428102"/>
  <nd ref="9188428100"/>
  <nd ref="9188428098"/>
  <nd ref="9188428096"/>
  <nd ref="9188428094"/>
  <nd ref="9188428092"/>
  <nd ref="7058463197"/>
  <nd ref="7058463214"/>
  <nd ref="7058463215"/>
  <nd ref="7058463198"/>
  <nd ref="9188428109"/>
  <nd ref="9188428111"/>
  <nd ref="9188428113"/>
  <nd ref="9188428115"/>
  <nd ref="9188448217"/>
  <nd ref="9188448219"/>
  <nd ref="7058463206"/>
  <nd ref="7058463207"/>
  <nd ref="7058463199"/>
  <nd ref="7058463200"/>
  <nd ref="7058463201"/>
  <nd ref="7058463203"/>
  <nd ref="7058463202"/>
  <tag k="landuse" v="grass"/>
 </way>
 <way id="772780556" visible="true" version="1" changeset="81055282" timestamp="2020-02-15T21:19:34Z" user="mapper999" uid="165061">
  <nd ref="1478909870"/>
  <nd ref="1478909845"/>
  <nd ref="1482236614"/>
  <nd ref="1478909840"/>
  <tag k="bicycle" v="yes"/>
  <tag k="foot" v="yes"/>
  <tag k="highway" v="service"/>
  <tag k="segregated" v="no"/>
  <tag k="service" v="driveway"/>
  <tag k="surface" v="paving_stones"/>
 </way>
 <way id="793955620" visible="true" version="1" changeset="83837144" timestamp="2020-04-20T18:18:02Z" user="mapper999" uid="165061">
  <nd ref="4972334530"/>
  <nd ref="7426790502"/>
  <nd ref="7426790503"/>
  <nd ref="523633900"/>
  <nd ref="523633905"/>
  <nd ref="523633897"/>
  <nd ref="523633896"/>
  <nd ref="7426790505"/>
  <nd ref="523633895"/>
  <nd ref="7426790494"/>
  <nd ref="1043735620"/>
  <nd ref="4799358240"/>
  <nd ref="7426790493"/>
  <nd ref="7426790492"/>
  <nd ref="523633901"/>
  <nd ref="4621072695"/>
  <nd ref="6847507045"/>
  <nd ref="6152604698"/>
  <nd ref="6152604699"/>
  <nd ref="6152604700"/>
  <nd ref="6152604701"/>
  <nd ref="6152604702"/>
  <nd ref="4972334526"/>
  <nd ref="4972334529"/>
  <nd ref="7426790506"/>
  <nd ref="4972334530"/>
  <tag k="building:colour" v="#F4F4F4"/>
  <tag k="building:levels" v="1"/>
  <tag k="building:part" v="yes"/>
  <tag k="height" v="3.5"/>
 </way>
 <way id="793955626" visible="true" version="1" changeset="83837144" timestamp="2020-04-20T18:18:02Z" user="mapper999" uid="165061">
  <nd ref="1043735623"/>
  <nd ref="523633897"/>
  <nd ref="523633896"/>
  <nd ref="7426790505"/>
  <nd ref="7426790491"/>
  <nd ref="7426790493"/>
  <nd ref="7426790492"/>
  <nd ref="523633901"/>
  <nd ref="4621072695"/>
  <nd ref="6847507045"/>
  <nd ref="6152604698"/>
  <nd ref="6152604699"/>
  <nd ref="6152604700"/>
  <nd ref="6152604701"/>
  <nd ref="6152604702"/>
  <nd ref="4972334526"/>
  <nd ref="4972334529"/>
  <nd ref="7426790506"/>
  <nd ref="4972334530"/>
  <nd ref="4258962146"/>
  <nd ref="1043735623"/>
  <tag k="building:part" v="yes"/>
  <tag k="height" v="6.5"/>
  <tag k="min_height" v="3.5"/>
  <tag k="roof:height" v="3"/>
  <tag k="roof:material" v="roof_tiles"/>
  <tag k="roof:orientation" v="along"/>
  <tag k="roof:shape" v="gabled"/>
 </way>
 <way id="902318534" visible="true" version="4" changeset="165067082" timestamp="2025-04-17T11:34:44Z" user="Bvmz" uid="7420605">
  <nd ref="1481256981"/>
  <nd ref="1481256920"/>
  <nd ref="1481256887"/>
  <tag k="bicycle" v="designated"/>
  <tag k="foot" v="designated"/>
  <tag k="footway" v="sidewalk"/>
  <tag k="highway" v="footway"/>
  <tag k="lit" v="yes"/>
  <tag k="oneway:bicycle" v="no"/>
  <tag k="segregated" v="no"/>
  <tag k="smoothness" v="good"/>
  <tag k="surface" v="asphalt"/>
 </way>
 <way id="989035110" visible="true" version="3" changeset="138257031" timestamp="2023-07-08T09:49:39Z" user="amapanda ᚛ᚐᚋᚐᚅᚇᚐ᚜ 🏳️‍⚧️" uid="23770">
  <nd ref="1388682879"/>
  <nd ref="4258962156"/>
  <nd ref="4799358239"/>
  <nd ref="4258962157"/>
  <nd ref="2903356752"/>
  <tag k="cycleway:right" v="no"/>
  <tag k="highway" v="tertiary"/>
  <tag k="lanes" v="1"/>
  <tag k="lit" v="yes"/>
  <tag k="maxspeed" v="50"/>
  <tag k="name" v="Rintheimer Straße"/>
  <tag k="name:etymology:wikidata" v="Q2154300"/>
  <tag k="note" v="im SHP des NVK: III"/>
  <tag k="oneway" v="yes"/>
  <tag k="sidewalk" v="separate"/>
  <tag k="smoothness" v="excellent"/>
  <tag k="source:maxspeed" v="DE:urban"/>
  <tag k="surface" v="asphalt"/>
  <tag k="width" v="6"/>
  <tag k="zone:traffic" v="DE:urban"/>
 </way>
 <way id="989035111" visible="true" version="4" changeset="165067082" timestamp="2025-04-17T11:34:39Z" user="Bvmz" uid="7420605">
  <nd ref="1481256887"/>
  <nd ref="1481256838"/>
  <tag k="bicycle" v="designated"/>
  <tag k="foot" v="designated"/>
  <tag k="footway" v="sidewalk"/>
  <tag k="highway" v="footway"/>
  <tag k="lit" v="yes"/>
  <tag k="oneway" v="yes"/>
  <tag k="oneway:bicycle" v="yes"/>
  <tag k="segregated" v="no"/>
  <tag k="smoothness" v="good"/>
  <tag k="surface" v="paving_stones"/>
 </way>
 <way id="989035112" visible="true" version="4" changeset="165067082" timestamp="2025-04-17T11:34:37Z" user="Bvmz" uid="7420605">
  <nd ref="9141330348"/>
  <nd ref="1481256887"/>
  <tag k="bicycle" v="designated"/>
  <tag k="foot" v="designated"/>
  <tag k="footway" v="sidewalk"/>
  <tag k="highway" v="footway"/>
  <tag k="lit" v="yes"/>
  <tag k="oneway" v="yes"/>
  <tag k="oneway:bicycle" v="yes"/>
  <tag k="segregated" v="no"/>
  <tag k="smoothness" v="good"/>
  <tag k="surface" v="paving_stones"/>
 </way>
 <way id="989035114" visible="true" version="2" changeset="138257142" timestamp="2023-07-08T09:51:18Z" user="amapanda ᚛ᚐᚋᚐᚅᚇᚐ᚜ 🏳️‍⚧️" uid="23770">
  <nd ref="1388683222"/>
  <nd ref="9141330356"/>
  <nd ref="1478865278"/>
  <tag k="footway" v="sidewalk"/>
  <tag k="highway" v="footway"/>
  <tag k="lit" v="yes"/>
  <tag k="smoothness" v="good"/>
  <tag k="source" v="survey"/>
  <tag k="surface" v="paving_stones"/>
 </way>
 <way id="989035127" visible="true" version="1" changeset="112026536" timestamp="2021-10-03T09:44:50Z" user="mapper999" uid="165061">
  <nd ref="9141347468"/>
  <nd ref="9141347467"/>
  <nd ref="9141347466"/>
  <nd ref="9141347465"/>
  <nd ref="9141347464"/>
  <nd ref="9141347463"/>
  <nd ref="9141347468"/>
  <tag k="landuse" v="grass"/>
 </way>
 <way id="989035128" visible="true" version="1" changeset="112026536" timestamp="2021-10-03T09:44:50Z" user="mapper999" uid="165061">
  <nd ref="6498653923"/>
  <nd ref="9141347472"/>
  <nd ref="9141347470"/>
  <nd ref="9141347471"/>
  <nd ref="1481256789"/>
  <nd ref="1481256807"/>
  <nd ref="1481256869"/>
  <nd ref="1481256892"/>
  <nd ref="6498653921"/>
  <nd ref="9141347473"/>
  <nd ref="6498653922"/>
  <nd ref="6498653923"/>
  <tag k="natural" v="scrub"/>
 </way>
 <way id="989035129" visible="true" version="1" changeset="112026536" timestamp="2021-10-03T09:44:50Z" user="mapper999" uid="165061">
  <nd ref="9141347495"/>
  <nd ref="9141347494"/>
  <nd ref="9141347493"/>
  <tag k="barrier" v="fence"/>
  <tag k="fence_type" v="railing"/>
 </way>
 <way id="989035130" visible="true" version="1" changeset="112026536" timestamp="2021-10-03T09:44:50Z" user="mapper999" uid="165061">
  <nd ref="9141347498"/>
  <nd ref="9141347497"/>
  <nd ref="9141347496"/>
  <tag k="barrier" v="fence"/>
  <tag k="fence_type" v="railing"/>
 </way>
 <way id="989035131" visible="true" version="1" changeset="112026536" timestamp="2021-10-03T09:44:50Z" user="mapper999" uid="165061">
  <nd ref="9141347501"/>
  <nd ref="9141347500"/>
  <nd ref="9141347499"/>
  <tag k="barrier" v="fence"/>
  <tag k="fence_type" v="railing"/>
 </way>
 <way id="989035132" visible="true" version="1" changeset="112026536" timestamp="2021-10-03T09:44:50Z" user="mapper999" uid="165061">
  <nd ref="9141347504"/>
  <nd ref="9141347503"/>
  <nd ref="9141347502"/>
  <tag k="barrier" v="fence"/>
  <tag k="fence_type" v="railing"/>
 </way>
 <way id="989035133" visible="true" version="1" changeset="112026536" timestamp="2021-10-03T09:44:50Z" user="mapper999" uid="165061">
  <nd ref="9141347508"/>
  <nd ref="9141347507"/>
  <nd ref="9141347506"/>
  <nd ref="9141347505"/>
  <nd ref="9141347508"/>
  <tag k="landuse" v="grass"/>
 </way>
 <way id="989035134" visible="true" version="1" changeset="112026536" timestamp="2021-10-03T09:44:50Z" user="mapper999" uid="165061">
  <nd ref="1957236504"/>
  <nd ref="1482236501"/>
  <nd ref="1482236491"/>
  <nd ref="9141347514"/>
  <tag k="footway" v="crossing"/>
  <tag k="highway" v="footway"/>
  <tag k="lit" v="yes"/>
  <tag k="start_date" v="2014-12"/>
  <tag k="surface" v="paving_stones"/>
 </way>
 <way id="989035135" visible="true" version="2" changeset="126630731" timestamp="2022-09-25T21:57:44Z" user="MitteloberrheinischerWaldameisenschreck" uid="5934860">
  <nd ref="1482236537"/>
  <nd ref="1482236533"/>
  <nd ref="1482236527"/>
  <tag k="bicycle" v="yes"/>
  <tag k="foot" v="designated"/>
  <tag k="footway" v="crossing"/>
  <tag k="highway" v="path"/>
  <tag k="lit" v="yes"/>
  <tag k="start_date" v="2014-12"/>
  <tag k="surface" v="paving_stones"/>
 </way>
 <way id="989035136" visible="true" version="1" changeset="112026536" timestamp="2021-10-03T09:44:50Z" user="mapper999" uid="165061">
  <nd ref="1482236527"/>
  <nd ref="1482236517"/>
  <nd ref="1482236524"/>
  <nd ref="1957236504"/>
  <tag k="footway" v="crossing"/>
  <tag k="highway" v="footway"/>
  <tag k="lit" v="yes"/>
  <tag k="start_date" v="2014-12"/>
  <tag k="surface" v="paving_stones"/>
 </way>
 <way id="995036022" visible="true" version="1" changeset="112763380" timestamp="2021-10-20T21:07:02Z" user="Pamalosebi" uid="14321673">
  <nd ref="1481256975"/>
  <nd ref="9188428061"/>
  <nd ref="9188428064"/>
  <nd ref="1481257011"/>
  <nd ref="1481256975"/>
  <tag k="amenity" v="parking_space"/>
  <tag k="capacity" v="1"/>
  <tag k="parking_space" v="normal"/>
  <tag k="surface" v="paving_stones"/>
 </way>
 <way id="995036023" visible="true" version="1" changeset="112763380" timestamp="2021-10-20T21:07:02Z" user="Pamalosebi" uid="14321673">
  <nd ref="9188428061"/>
  <nd ref="9188428062"/>
  <nd ref="9188428063"/>
  <nd ref="9188428064"/>
  <nd ref="9188428061"/>
  <tag k="amenity" v="parking_space"/>
  <tag k="capacity" v="1"/>
  <tag k="parking_space" v="normal"/>
  <tag k="surface" v="paving_stones"/>
 </way>
 <way id="995036024" visible="true" version="1" changeset="112763380" timestamp="2021-10-20T21:07:02Z" user="Pamalosebi" uid="14321673">
  <nd ref="9188428066"/>
  <nd ref="7058463202"/>
  <nd ref="7058463203"/>
  <nd ref="9188428065"/>
  <nd ref="9188428066"/>
  <tag k="amenity" v="parking_space"/>
  <tag k="capacity" v="1"/>
  <tag k="parking_space" v="normal"/>
  <tag k="surface" v="paving_stones"/>
 </way>
 <way id="995036025" visible="true" version="1" changeset="112763380" timestamp="2021-10-20T21:07:02Z" user="Pamalosebi" uid="14321673">
  <nd ref="9188428068"/>
  <nd ref="9188428066"/>
  <nd ref="9188428065"/>
  <nd ref="9188428067"/>
  <nd ref="9188428068"/>
  <tag k="amenity" v="parking_space"/>
  <tag k="capacity" v="1"/>
  <tag k="parking_space" v="normal"/>
  <tag k="surface" v="paving_stones"/>
 </way>
 <way id="995036026" visible="true" version="1" changeset="112763380" timestamp="2021-10-20T21:07:02Z" user="Pamalosebi" uid="14321673">
  <nd ref="9188428070"/>
  <nd ref="9188428068"/>
  <nd ref="9188428067"/>
  <nd ref="9188428069"/>
  <nd ref="9188428070"/>
  <tag k="amenity" v="parking_space"/>
  <tag k="capacity" v="1"/>
  <tag k="parking_space" v="normal"/>
  <tag k="surface" v="paving_stones"/>
 </way>
 <way id="995036027" visible="true" version="1" changeset="112763380" timestamp="2021-10-20T21:07:02Z" user="Pamalosebi" uid="14321673">
  <nd ref="9188428072"/>
  <nd ref="9188428070"/>
  <nd ref="9188428069"/>
  <nd ref="9188428071"/>
  <nd ref="9188428072"/>
  <tag k="amenity" v="parking_space"/>
  <tag k="capacity" v="1"/>
  <tag k="parking_space" v="normal"/>
  <tag k="surface" v="paving_stones"/>
 </way>
 <way id="995036028" visible="true" version="1" changeset="112763380" timestamp="2021-10-20T21:07:02Z" user="Pamalosebi" uid="14321673">
  <nd ref="9188428074"/>
  <nd ref="9188428072"/>
  <nd ref="9188428071"/>
  <nd ref="9188428073"/>
  <nd ref="9188428074"/>
  <tag k="amenity" v="parking_space"/>
  <tag k="capacity" v="1"/>
  <tag k="parking_space" v="normal"/>
  <tag k="surface" v="paving_stones"/>
 </way>
 <way id="995036029" visible="true" version="1" changeset="112763380" timestamp="2021-10-20T21:07:02Z" user="Pamalosebi" uid="14321673">
  <nd ref="7058463193"/>
  <nd ref="9188428074"/>
  <nd ref="9188428073"/>
  <nd ref="7058463212"/>
  <nd ref="7058463193"/>
  <tag k="amenity" v="parking_space"/>
  <tag k="capacity" v="1"/>
  <tag k="parking_space" v="normal"/>
  <tag k="surface" v="paving_stones"/>
 </way>
 <way id="995036030" visible="true" version="1" changeset="112763380" timestamp="2021-10-20T21:07:02Z" user="Pamalosebi" uid="14321673">
  <nd ref="9188428075"/>
  <nd ref="7058463194"/>
  <nd ref="7058463213"/>
  <nd ref="9188428076"/>
  <nd ref="9188428075"/>
  <tag k="amenity" v="parking_space"/>
  <tag k="capacity" v="1"/>
  <tag k="parking_space" v="normal"/>
  <tag k="surface" v="paving_stones"/>
 </way>
 <way id="995036031" visible="true" version="1" changeset="112763380" timestamp="2021-10-20T21:07:02Z" user="Pamalosebi" uid="14321673">
  <nd ref="9188428077"/>
  <nd ref="9188428075"/>
  <nd ref="9188428076"/>
  <nd ref="9188428078"/>
  <nd ref="9188428077"/>
  <tag k="amenity" v="parking_space"/>
  <tag k="capacity" v="1"/>
  <tag k="parking_space" v="normal"/>
  <tag k="surface" v="paving_stones"/>
 </way>
 <way id="995036032" visible="true" version="1" changeset="112763380" timestamp="2021-10-20T21:07:02Z" user="Pamalosebi" uid="14321673">
  <nd ref="9188428079"/>
  <nd ref="9188428077"/>
  <nd ref="9188428078"/>
  <nd ref="9188428080"/>
  <nd ref="9188428079"/>
  <tag k="amenity" v="parking_space"/>
  <tag k="capacity" v="1"/>
  <tag k="parking_space" v="normal"/>
  <tag k="surface" v="paving_stones"/>
 </way>
 <way id="995036033" visible="true" version="1" changeset="112763380" timestamp="2021-10-20T21:07:02Z" user="Pamalosebi" uid="14321673">
  <nd ref="9188428081"/>
  <nd ref="9188428079"/>
  <nd ref="9188428080"/>
  <nd ref="9188428082"/>
  <nd ref="9188428081"/>
  <tag k="amenity" v="parking_space"/>
  <tag k="capacity" v="1"/>
  <tag k="parking_space" v="normal"/>
  <tag k="surface" v="paving_stones"/>
 </way>
 <way id="995036034" visible="true" version="1" changeset="112763380" timestamp="2021-10-20T21:07:02Z" user="Pamalosebi" uid="14321673">
  <nd ref="9188428083"/>
  <nd ref="9188428081"/>
  <nd ref="9188428082"/>
  <nd ref="9188428084"/>
  <nd ref="9188428083"/>
  <tag k="amenity" v="parking_space"/>
  <tag k="capacity" v="1"/>
  <tag k="parking_space" v="normal"/>
  <tag k="surface" v="paving_stones"/>
 </way>
 <way id="995036038" visible="true" version="1" changeset="112763380" timestamp="2021-10-20T21:07:02Z" user="Pamalosebi" uid="14321673">
  <nd ref="9188428091"/>
  <nd ref="7058463214"/>
  <nd ref="7058463197"/>
  <nd ref="9188428092"/>
  <nd ref="9188428091"/>
  <tag k="amenity" v="parking_space"/>
  <tag k="capacity" v="1"/>
  <tag k="parking_space" v="normal"/>
  <tag k="surface" v="paving_stones"/>
 </way>
 <way id="995036039" visible="true" version="1" changeset="112763380" timestamp="2021-10-20T21:07:02Z" user="Pamalosebi" uid="14321673">
  <nd ref="9188428093"/>
  <nd ref="9188428091"/>
  <nd ref="9188428092"/>
  <nd ref="9188428094"/>
  <nd ref="9188428093"/>
  <tag k="amenity" v="parking_space"/>
  <tag k="capacity" v="1"/>
  <tag k="parking_space" v="normal"/>
  <tag k="surface" v="paving_stones"/>
 </way>
 <way id="995036040" visible="true" version="1" changeset="112763380" timestamp="2021-10-20T21:07:02Z" user="Pamalosebi" uid="14321673">
  <nd ref="9188428095"/>
  <nd ref="9188428093"/>
  <nd ref="9188428094"/>
  <nd ref="9188428096"/>
  <nd ref="9188428095"/>
  <tag k="amenity" v="parking_space"/>
  <tag k="capacity" v="1"/>
  <tag k="parking_space" v="normal"/>
  <tag k="surface" v="paving_stones"/>
 </way>
 <way id="995036041" visible="true" version="1" changeset="112763380" timestamp="2021-10-20T21:07:02Z" user="Pamalosebi" uid="14321673">
  <nd ref="9188428097"/>
  <nd ref="9188428095"/>
  <nd ref="9188428096"/>
  <nd ref="9188428098"/>
  <nd ref="9188428097"/>
  <tag k="amenity" v="parking_space"/>
  <tag k="capacity" v="1"/>
  <tag k="parking_space" v="normal"/>
  <tag k="surface" v="paving_stones"/>
 </way>
 <way id="995036042" visible="true" version="1" changeset="112763380" timestamp="2021-10-20T21:07:02Z" user="Pamalosebi" uid="14321673">
  <nd ref="9188428099"/>
  <nd ref="9188428097"/>
  <nd ref="9188428098"/>
  <nd ref="9188428100"/>
  <nd ref="9188428099"/>
  <tag k="amenity" v="parking_space"/>
  <tag k="capacity" v="1"/>
  <tag k="parking_space" v="normal"/>
  <tag k="surface" v="paving_stones"/>
 </way>
 <way id="995036047" visible="true" version="1" changeset="112763380" timestamp="2021-10-20T21:07:02Z" user="Pamalosebi" uid="14321673">
  <nd ref="7058463215"/>
  <nd ref="9188428108"/>
  <nd ref="9188428109"/>
  <nd ref="7058463198"/>
  <nd ref="7058463215"/>
  <tag k="amenity" v="parking_space"/>
  <tag k="capacity" v="1"/>
  <tag k="parking_space" v="normal"/>
  <tag k="surface" v="paving_stones"/>
 </way>
 <way id="995036048" visible="true" version="1" changeset="112763380" timestamp="2021-10-20T21:07:02Z" user="Pamalosebi" uid="14321673">
  <nd ref="9188428108"/>
  <nd ref="9188428110"/>
  <nd ref="9188428111"/>
  <nd ref="9188428109"/>
  <nd ref="9188428108"/>
  <tag k="amenity" v="parking_space"/>
  <tag k="capacity" v="1"/>
  <tag k="parking_space" v="normal"/>
  <tag k="surface" v="paving_stones"/>
 </way>
 <way id="995036049" visible="true" version="1" changeset="112763380" timestamp="2021-10-20T21:07:02Z" user="Pamalosebi" uid="14321673">
  <nd ref="9188428110"/>
  <nd ref="9188428112"/>
  <nd ref="9188428113"/>
  <nd ref="9188428111"/>
  <nd ref="9188428110"/>
  <tag k="amenity" v="parking_space"/>
  <tag k="capacity" v="1"/>
  <tag k="parking_space" v="normal"/>
  <tag k="surface" v="paving_stones"/>
 </way>
 <way id="995036050" visible="true" version="1" changeset="112763380" timestamp="2021-10-20T21:07:02Z" user="Pamalosebi" uid="14321673">
  <nd ref="9188428112"/>
  <nd ref="9188428114"/>
  <nd ref="9188428115"/>
  <nd ref="9188428113"/>
  <nd ref="9188428112"/>
  <tag k="amenity" v="parking_space"/>
  <tag k="capacity" v="1"/>
  <tag k="parking_space" v="normal"/>
  <tag k="surface" v="paving_stones"/>
 </way>
 <way id="995036051" visible="true" version="1" changeset="112763380" timestamp="2021-10-20T21:07:02Z" user="Pamalosebi" uid="14321673">
  <nd ref="9188428114"/>
  <nd ref="9188428116"/>
  <nd ref="9188448217"/>
  <nd ref="9188428115"/>
  <nd ref="9188428114"/>
  <tag k="amenity" v="parking_space"/>
  <tag k="capacity" v="1"/>
  <tag k="parking_space" v="normal"/>
  <tag k="surface" v="paving_stones"/>
 </way>
 <way id="995036052" visible="true" version="1" changeset="112763380" timestamp="2021-10-20T21:07:02Z" user="Pamalosebi" uid="14321673">
  <nd ref="9188428116"/>
  <nd ref="9188448218"/>
  <nd ref="9188448219"/>
  <nd ref="9188448217"/>
  <nd ref="9188428116"/>
  <tag k="amenity" v="parking_space"/>
  <tag k="capacity" v="1"/>
  <tag k="parking_space" v="normal"/>
  <tag k="surface" v="paving_stones"/>
 </way>
 <way id="995036053" visible="true" version="1" changeset="112763380" timestamp="2021-10-20T21:07:02Z" user="Pamalosebi" uid="14321673">
  <nd ref="9188448218"/>
  <nd ref="7058463207"/>
  <nd ref="7058463206"/>
  <nd ref="9188448219"/>
  <nd ref="9188448218"/>
  <tag k="amenity" v="parking_space"/>
  <tag k="capacity" v="1"/>
  <tag k="parking_space" v="normal"/>
  <tag k="surface" v="paving_stones"/>
 </way>
 <way id="995036054" visible="true" version="1" changeset="112763380" timestamp="2021-10-20T21:07:02Z" user="Pamalosebi" uid="14321673">
  <nd ref="9188448220"/>
  <nd ref="1481256635"/>
  <nd ref="1481256687"/>
  <nd ref="9188448221"/>
  <nd ref="9188448220"/>
  <tag k="amenity" v="parking_space"/>
  <tag k="capacity" v="1"/>
  <tag k="parking_space" v="normal"/>
  <tag k="surface" v="paving_stones"/>
 </way>
 <way id="995036055" visible="true" version="1" changeset="112763380" timestamp="2021-10-20T21:07:02Z" user="Pamalosebi" uid="14321673">
  <nd ref="9188448222"/>
  <nd ref="9188448220"/>
  <nd ref="9188448221"/>
  <nd ref="9188448223"/>
  <nd ref="9188448222"/>
  <tag k="amenity" v="parking_space"/>
  <tag k="capacity" v="1"/>
  <tag k="parking_space" v="normal"/>
  <tag k="surface" v="paving_stones"/>
 </way>
 <way id="995036056" visible="true" version="1" changeset="112763380" timestamp="2021-10-20T21:07:02Z" user="Pamalosebi" uid="14321673">
  <nd ref="6498653952"/>
  <nd ref="9188448222"/>
  <nd ref="9188448223"/>
  <nd ref="9188448224"/>
  <nd ref="6498653952"/>
  <tag k="amenity" v="parking_space"/>
  <tag k="capacity" v="1"/>
  <tag k="parking_space" v="normal"/>
  <tag k="surface" v="paving_stones"/>
 </way>
 <way id="995036057" visible="true" version="1" changeset="112763380" timestamp="2021-10-20T21:07:02Z" user="Pamalosebi" uid="14321673">
  <nd ref="9188448225"/>
  <nd ref="6498653952"/>
  <nd ref="9188448224"/>
  <nd ref="9188448226"/>
  <nd ref="9188448225"/>
  <tag k="amenity" v="parking_space"/>
  <tag k="capacity" v="1"/>
  <tag k="parking_space" v="normal"/>
  <tag k="surface" v="paving_stones"/>
 </way>
 <way id="995036058" visible="true" version="1" changeset="112763380" timestamp="2021-10-20T21:07:02Z" user="Pamalosebi" uid="14321673">
  <nd ref="9188448227"/>
  <nd ref="9188448225"/>
  <nd ref="9188448226"/>
  <nd ref="9188448228"/>
  <nd ref="9188448227"/>
  <tag k="amenity" v="parking_space"/>
  <tag k="capacity" v="1"/>
  <tag k="parking_space" v="normal"/>
  <tag k="surface" v="paving_stones"/>
 </way>
 <way id="995036059" visible="true" version="1" changeset="112763380" timestamp="2021-10-20T21:07:02Z" user="Pamalosebi" uid="14321673">
  <nd ref="9188448229"/>
  <nd ref="9188448227"/>
  <nd ref="9188448228"/>
  <nd ref="9188448230"/>
  <nd ref="9188448229"/>
  <tag k="amenity" v="parking_space"/>
  <tag k="capacity" v="1"/>
  <tag k="parking_space" v="normal"/>
  <tag k="surface" v="paving_stones"/>
 </way>
 <way id="995036060" visible="true" version="1" changeset="112763380" timestamp="2021-10-20T21:07:02Z" user="Pamalosebi" uid="14321673">
  <nd ref="9188448231"/>
  <nd ref="9188448229"/>
  <nd ref="9188448230"/>
  <nd ref="9188448232"/>
  <nd ref="9188448231"/>
  <tag k="amenity" v="parking_space"/>
  <tag k="capacity" v="1"/>
  <tag k="parking_space" v="normal"/>
  <tag k="surface" v="paving_stones"/>
 </way>
 <way id="995036061" visible="true" version="1" changeset="112763380" timestamp="2021-10-20T21:07:02Z" user="Pamalosebi" uid="14321673">
  <nd ref="9188448233"/>
  <nd ref="9188448231"/>
  <nd ref="9188448232"/>
  <nd ref="9188448234"/>
  <nd ref="9188448233"/>
  <tag k="amenity" v="parking_space"/>
  <tag k="capacity" v="1"/>
  <tag k="parking_space" v="normal"/>
  <tag k="surface" v="paving_stones"/>
 </way>
 <way id="995036062" visible="true" version="1" changeset="112763380" timestamp="2021-10-20T21:07:02Z" user="Pamalosebi" uid="14321673">
  <nd ref="9188448235"/>
  <nd ref="9188448233"/>
  <nd ref="9188448234"/>
  <nd ref="9188448236"/>
  <nd ref="9188448235"/>
  <tag k="amenity" v="parking_space"/>
  <tag k="capacity" v="1"/>
  <tag k="parking_space" v="normal"/>
  <tag k="surface" v="paving_stones"/>
 </way>
 <way id="995036063" visible="true" version="1" changeset="112763380" timestamp="2021-10-20T21:07:02Z" user="Pamalosebi" uid="14321673">
  <nd ref="1481256602"/>
  <nd ref="9188448235"/>
  <nd ref="9188448236"/>
  <nd ref="1481256667"/>
  <nd ref="1481256602"/>
  <tag k="amenity" v="parking_space"/>
  <tag k="capacity" v="1"/>
  <tag k="parking_space" v="normal"/>
  <tag k="surface" v="paving_stones"/>
 </way>
 <way id="995036064" visible="true" version="1" changeset="112763380" timestamp="2021-10-20T21:07:02Z" user="Pamalosebi" uid="14321673">
  <nd ref="9188448237"/>
  <nd ref="9188448238"/>
  <nd ref="9188448239"/>
  <nd ref="9188448240"/>
  <nd ref="9188448237"/>
  <tag k="amenity" v="parking_space"/>
  <tag k="capacity" v="1"/>
  <tag k="parking_space" v="normal"/>
  <tag k="surface" v="paving_stones"/>
 </way>
 <way id="995036065" visible="true" version="1" changeset="112763380" timestamp="2021-10-20T21:07:02Z" user="Pamalosebi" uid="14321673">
  <nd ref="9188448238"/>
  <nd ref="1481256687"/>
  <nd ref="1481256706"/>
  <nd ref="6498653935"/>
  <nd ref="9188448239"/>
  <nd ref="9188448238"/>
  <tag k="amenity" v="parking_space"/>
  <tag k="capacity" v="1"/>
  <tag k="parking_space" v="normal"/>
  <tag k="surface" v="paving_stones"/>
 </way>
 <way id="995036066" visible="true" version="1" changeset="112763380" timestamp="2021-10-20T21:07:02Z" user="Pamalosebi" uid="14321673">
  <nd ref="9188448241"/>
  <nd ref="9188448237"/>
  <nd ref="9188448240"/>
  <nd ref="9188448242"/>
  <nd ref="9188448241"/>
  <tag k="amenity" v="parking_space"/>
  <tag k="capacity" v="1"/>
  <tag k="parking_space" v="normal"/>
  <tag k="surface" v="paving_stones"/>
 </way>
 <way id="995036067" visible="true" version="1" changeset="112763380" timestamp="2021-10-20T21:07:02Z" user="Pamalosebi" uid="14321673">
  <nd ref="1481256807"/>
  <nd ref="9188448241"/>
  <nd ref="9188448242"/>
  <nd ref="1481256789"/>
  <nd ref="1481256807"/>
  <tag k="amenity" v="parking_space"/>
  <tag k="capacity" v="1"/>
  <tag k="parking_space" v="normal"/>
  <tag k="surface" v="paving_stones"/>
 </way>
 <way id="995036070" visible="true" version="1" changeset="112763380" timestamp="2021-10-20T21:07:02Z" user="Pamalosebi" uid="14321673">
  <nd ref="9188448245"/>
  <nd ref="9188448247"/>
  <nd ref="9188448248"/>
  <nd ref="9188448246"/>
  <nd ref="9188448245"/>
  <tag k="amenity" v="parking_space"/>
  <tag k="capacity" v="1"/>
  <tag k="parking_space" v="normal"/>
  <tag k="surface" v="paving_stones"/>
 </way>
 <way id="995036071" visible="true" version="1" changeset="112763380" timestamp="2021-10-20T21:07:02Z" user="Pamalosebi" uid="14321673">
  <nd ref="9188448247"/>
  <nd ref="9188448249"/>
  <nd ref="9188448250"/>
  <nd ref="9188448248"/>
  <nd ref="9188448247"/>
  <tag k="amenity" v="parking_space"/>
  <tag k="capacity" v="1"/>
  <tag k="parking_space" v="normal"/>
  <tag k="surface" v="paving_stones"/>
 </way>
 <way id="995036072" visible="true" version="2" changeset="123604525" timestamp="2022-07-14T11:16:47Z" user="Pamalosebi" uid="14321673">
  <nd ref="9188448249"/>
  <nd ref="9887088266"/>
  <nd ref="9188448252"/>
  <nd ref="9188448250"/>
  <nd ref="9188448249"/>
  <tag k="amenity" v="parking_space"/>
  <tag k="capacity" v="1"/>
  <tag k="parking_space" v="normal"/>
  <tag k="surface" v="paving_stones"/>
 </way>
 <way id="995036073" visible="true" version="3" changeset="148706988" timestamp="2024-03-15T20:41:26Z" user="Rainero" uid="137242">
  <nd ref="9887088266"/>
  <nd ref="11735086098"/>
  <nd ref="9887088265"/>
  <nd ref="9887088263"/>
  <nd ref="9188448254"/>
  <nd ref="9188448252"/>
  <nd ref="9887088266"/>
  <tag k="amenity" v="parking_space"/>
  <tag k="capacity" v="1"/>
  <tag k="parking_space" v="normal"/>
  <tag k="surface" v="paving_stones"/>
 </way>
 <way id="995036074" visible="true" version="3" changeset="148706988" timestamp="2024-03-15T20:41:26Z" user="Rainero" uid="137242">
  <nd ref="9887088263"/>
  <nd ref="1481256616"/>
  <nd ref="9887088262"/>
  <nd ref="1481256608"/>
  <nd ref="1481256679"/>
  <nd ref="11735086099"/>
  <nd ref="9188448254"/>
  <nd ref="9887088263"/>
  <tag k="amenity" v="parking_space"/>
  <tag k="capacity" v="1"/>
  <tag k="parking_space" v="normal"/>
  <tag k="surface" v="paving_stones"/>
 </way>
 <way id="1004985516" visible="true" version="3" changeset="148706988" timestamp="2024-03-15T20:41:26Z" user="Rainero" uid="137242">
  <nd ref="1478909844"/>
  <nd ref="9272337451"/>
  <nd ref="9272337450"/>
  <nd ref="9272337449"/>
  <nd ref="9272337448"/>
  <nd ref="9272337447"/>
  <nd ref="9272337446"/>
  <nd ref="9272337445"/>
  <nd ref="9272337444"/>
  <nd ref="9272337443"/>
  <nd ref="4663553546"/>
  <nd ref="4663553545"/>
  <nd ref="4663553543"/>
  <nd ref="9141347442"/>
  <nd ref="4663553544"/>
  <nd ref="10839193212"/>
  <nd ref="10839193215"/>
  <nd ref="10839193218"/>
  <nd ref="10839193221"/>
  <nd ref="10839193224"/>
  <nd ref="10839193227"/>
  <nd ref="10839193230"/>
  <nd ref="10839193233"/>
  <nd ref="10839193236"/>
  <nd ref="1478909868"/>
  <nd ref="1478909854"/>
  <nd ref="1371512858"/>
  <nd ref="1371512850"/>
  <nd ref="1478909844"/>
  <tag k="landuse" v="grass"/>
 </way>
 <way id="1080893429" visible="true" version="1" changeset="124000665" timestamp="2022-07-24T08:42:30Z" user="mapper999" uid="165061">
  <nd ref="9907154995"/>
  <nd ref="9907154994"/>
  <nd ref="9907154993"/>
  <nd ref="9907154992"/>
  <nd ref="9907154995"/>
  <tag k="leisure" v="pitch"/>
  <tag k="sport" v="table_tennis"/>
  <tag k="surface" v="concrete"/>
 </way>
 <way id="1080893430" visible="true" version="1" changeset="124000665" timestamp="2022-07-24T08:42:30Z" user="mapper999" uid="165061">
  <nd ref="9907154999"/>
  <nd ref="9907154998"/>
  <nd ref="9907154997"/>
  <nd ref="9907154996"/>
  <nd ref="9907154999"/>
  <tag k="leisure" v="pitch"/>
  <tag k="sport" v="table_tennis"/>
  <tag k="surface" v="concrete"/>
 </way>
 <way id="1080893431" visible="true" version="1" changeset="124000665" timestamp="2022-07-24T08:42:30Z" user="mapper999" uid="165061">
  <nd ref="9907155003"/>
  <nd ref="9907155002"/>
  <nd ref="9907155001"/>
  <nd ref="9907155000"/>
  <nd ref="1482236559"/>
  <tag k="highway" v="path"/>
  <tag k="smoothness" v="bad"/>
  <tag k="surface" v="ground"/>
  <tag k="trail_visibility" v="excellent"/>
 </way>
 <way id="1097828386" visible="true" version="5" changeset="180175906" timestamp="2026-03-20T19:57:45Z" user="Lycentzia" uid="23939269">
  <nd ref="1481256981"/>
  <nd ref="1820693770"/>
  <nd ref="1820693762"/>
  <tag k="bicycle" v="no"/>
  <tag k="foot" v="designated"/>
  <tag k="footway" v="sidewalk"/>
  <tag k="highway" v="footway"/>
  <tag k="lit" v="yes"/>
  <tag k="smoothness" v="good"/>
  <tag k="surface" v="asphalt"/>
 </way>
 <way id="1119196728" visible="true" version="1" changeset="129682337" timestamp="2022-12-03T16:28:27Z" user="soyesi5722" uid="17785221">
  <nd ref="10235832649"/>
  <nd ref="10235832650"/>
  <nd ref="10235832651"/>
  <nd ref="10235832652"/>
  <nd ref="10235832653"/>
  <nd ref="10235832649"/>
  <tag k="access" v="private"/>
  <tag k="garden:type" v="private"/>
  <tag k="leisure" v="garden"/>
 </way>
 <way id="1436701116" visible="true" version="1" changeset="173053772" timestamp="2025-10-09T14:23:14Z" user="gerjor" uid="22883170">
  <nd ref="12827103469"/>
  <nd ref="1186232844"/>
  <nd ref="1186232870"/>
  <nd ref="13204957092"/>
  <nd ref="6415925645"/>
  <tag k="barrier" v="fence"/>
  <tag k="fence_type" v="metal"/>
  <tag k="height" v="2m"/>
  <tag k="material" v="metal"/>
 </way>
 <relation id="17839" visible="true" version="75" changeset="176704103" timestamp="2026-01-01T13:49:48Z" user="Senihtu" uid="18511019">
  <member type="relation" ref="165332" role=""/>
  <member type="relation" ref="165331" role=""/>
  <member type="relation" ref="3874520" role=""/>
  <member type="relation" ref="5976396" role=""/>
  <member type="relation" ref="5976397" role=""/>
  <member type="relation" ref="5976398" role=""/>
  <tag k="colour" v="#996633"/>
  <tag k="from" v="Tivoli"/>
  <tag k="name" v="Straßenbahn 3: Daxlanden &lt;&gt; Rintheim"/>
  <tag k="network" v="Karlsruher Verkehrsverbund"/>
  <tag k="network:short" v="KVV"/>
  <tag k="network:wikidata" v="Q1733986"/>
  <tag k="operator" v="Verkehrsbetriebe Karlsruhe GmbH"/>
  <tag k="operator:wikidata" v="Q644958"/>
  <tag k="preferred_color" v="brown"/>
  <tag k="ref" v="3"/>
  <tag k="route_master" v="tram"/>
  <tag k="text_color" v="#FFFFFF"/>
  <tag k="to" v="Mühlburger Tor"/>
  <tag k="type" v="route_master"/>
  <tag k="wikidata" v="Q121359743"/>
 </relation>
 <relation id="63396" visible="true" version="10" changeset="165133041" timestamp="2025-04-18T22:32:47Z" user="welzheimerwald" uid="4454169">
  <member type="way" ref="29499062" role="outer"/>
  <member type="way" ref="29499067" role="outer"/>
  <member type="way" ref="559772823" role="outer"/>
  <member type="way" ref="134201055" role="outer"/>
  <member type="way" ref="1378757691" role="outer"/>
  <member type="way" ref="29499089" role="outer"/>
  <member type="way" ref="559912764" role="outer"/>
  <member type="way" ref="559816997" role="outer"/>
  <member type="way" ref="559816998" role="outer"/>
  <tag k="admin_level" v="10"/>
  <tag k="boundary" v="administrative"/>
  <tag k="de:Stadtteilnummer" v="17"/>
  <tag k="name" v="Rintheim"/>
  <tag k="source" v="http://www.nobbi.com/download/Karlsruhe%20Stadtteile.kmz"/>
  <tag k="type" v="boundary"/>
  <tag k="wikidata" v="Q2154300"/>
 </relation>
 <relation id="63401" visible="true" version="14" changeset="165400429" timestamp="2025-04-24T22:52:42Z" user="welzheimerwald" uid="4454169">
  <member type="way" ref="134201055" role="outer"/>
  <member type="way" ref="559912766" role="outer"/>
  <member type="way" ref="559901722" role="outer"/>
  <member type="way" ref="29499087" role="outer"/>
  <member type="way" ref="559862544" role="outer"/>
  <member type="way" ref="559816991" role="outer"/>
  <member type="way" ref="559862543" role="outer"/>
  <member type="way" ref="134631792" role="outer"/>
  <member type="way" ref="559821457" role="outer"/>
  <member type="way" ref="29499060" role="outer"/>
  <member type="way" ref="29499058" role="outer"/>
  <member type="way" ref="29499056" role="outer"/>
  <member type="way" ref="29499054" role="outer"/>
  <member type="way" ref="559816993" role="outer"/>
  <member type="way" ref="559816998" role="outer"/>
  <member type="way" ref="559816997" role="outer"/>
  <tag k="admin_level" v="10"/>
  <tag k="boundary" v="administrative"/>
  <tag k="de:Stadtteilnummer" v="07"/>
  <tag k="name" v="Oststadt"/>
  <tag k="source" v="http://www.nobbi.com/download/Karlsruhe%20Stadtteile.kmz"/>
  <tag k="type" v="boundary"/>
  <tag k="wikidata" v="Q445605"/>
 </relation>
 <relation id="104506" visible="true" version="117" changeset="182417881" timestamp="2026-05-09T10:25:32Z" user="mapper999" uid="165061">
  <member type="way" ref="145959477" role="forward"/>
  <member type="way" ref="848614659" role="forward"/>
  <member type="way" ref="145959493" role="forward"/>
  <member type="way" ref="137957771" role="forward"/>
  <member type="way" ref="300217621" role="forward"/>
  <member type="way" ref="171912821" role="forward"/>
  <member type="way" ref="965332944" role="forward"/>
  <member type="way" ref="684754952" role="forward"/>
  <member type="way" ref="684754951" role="forward"/>
  <member type="way" ref="134650853" role="forward"/>
  <member type="way" ref="684754947" role="forward"/>
  <member type="way" ref="684754948" role="forward"/>
  <member type="way" ref="684754955" role="forward"/>
  <member type="way" ref="684754956" role="forward"/>
  <member type="way" ref="684754958" role="forward"/>
  <member type="way" ref="684754959" role="forward"/>
  <member type="way" ref="684754944" role="forward"/>
  <member type="way" ref="684754946" role="forward"/>
  <member type="way" ref="653530865" role="forward"/>
  <member type="way" ref="134514684" role="forward"/>
  <member type="way" ref="286661978" role="forward"/>
  <member type="way" ref="386625125" role="forward"/>
  <member type="way" ref="386625121" role="forward"/>
  <member type="way" ref="386625122" role="forward"/>
  <member type="way" ref="134200936" role="forward"/>
  <member type="way" ref="687854170" role="forward"/>
  <member type="way" ref="687854169" role="forward"/>
  <member type="way" ref="245985153" role="forward"/>
  <member type="way" ref="134200937" role="forward"/>
  <member type="way" ref="245985154" role="forward"/>
  <member type="way" ref="134547114" role="forward"/>
  <member type="way" ref="134547120" role="forward"/>
  <member type="way" ref="102266519" role="forward"/>
  <member type="way" ref="687811792" role="forward"/>
  <member type="way" ref="687811791" role="forward"/>
  <member type="way" ref="813683742" role="forward"/>
  <member type="way" ref="134200935" role="forward"/>
  <member type="way" ref="386625123" role="forward"/>
  <member type="way" ref="386625124" role="forward"/>
  <member type="way" ref="286661979" role="forward"/>
  <member type="way" ref="134514683" role="forward"/>
  <member type="way" ref="286661977" role="forward"/>
  <member type="way" ref="286661980" role="forward"/>
  <member type="way" ref="428288637" role="forward"/>
  <member type="way" ref="171912819" role="forward"/>
  <member type="way" ref="428288639" role="forward"/>
  <member type="way" ref="134650842" role="forward"/>
  <member type="way" ref="854450511" role="forward"/>
  <member type="way" ref="428288636" role="forward"/>
  <member type="way" ref="242616371" role="forward"/>
  <member type="way" ref="428288638" role="forward"/>
  <member type="way" ref="1112530038" role=""/>
  <member type="way" ref="171907500" role=""/>
  <member type="way" ref="163807963" role=""/>
  <member type="way" ref="848614666" role=""/>
  <member type="way" ref="848614667" role=""/>
  <member type="way" ref="4211627" role=""/>
  <member type="way" ref="163807962" role=""/>
  <member type="way" ref="157016087" role=""/>
  <member type="way" ref="631389230" role=""/>
  <member type="way" ref="631389231" role=""/>
  <member type="way" ref="631389229" role=""/>
  <member type="way" ref="4211628" role="forward"/>
  <member type="way" ref="244832789" role="forward"/>
  <member type="way" ref="385476703" role="forward"/>
  <member type="way" ref="145959489" role="forward"/>
  <member type="way" ref="244832791" role="forward"/>
  <member type="way" ref="4706471" role="forward"/>
  <member type="way" ref="30912712" role="forward"/>
  <member type="way" ref="147413819" role="forward"/>
  <member type="way" ref="534303083" role="forward"/>
  <member type="way" ref="534303085" role="forward"/>
  <member type="way" ref="116947006" role="forward"/>
  <member type="way" ref="171918090" role="forward"/>
  <member type="way" ref="244832790" role="forward"/>
  <member type="way" ref="342811006" role="forward"/>
  <member type="way" ref="247657319" role="forward"/>
  <member type="way" ref="4706470" role="forward"/>
  <member type="way" ref="158930744" role="forward"/>
  <member type="way" ref="145959472" role="forward"/>
  <member type="way" ref="145959470" role="forward"/>
  <member type="way" ref="534303086" role="forward"/>
  <member type="way" ref="296526659" role="forward"/>
  <member type="way" ref="4230640" role="forward"/>
  <member type="way" ref="4211629" role=""/>
  <member type="way" ref="296526663" role=""/>
  <member type="way" ref="296526658" role=""/>
  <member type="way" ref="4298241" role="forward"/>
  <member type="way" ref="296526651" role="forward"/>
  <member type="way" ref="102414994" role="forward"/>
  <member type="way" ref="102414980" role="forward"/>
  <member type="way" ref="30912772" role="forward"/>
  <member type="way" ref="102414449" role="forward"/>
  <member type="way" ref="990743936" role="forward"/>
  <member type="way" ref="158849910" role="forward"/>
  <member type="way" ref="412820209" role="forward"/>
  <member type="way" ref="102414460" role="forward"/>
  <member type="way" ref="296526650" role="forward"/>
  <member type="way" ref="102414986" role="forward"/>
  <member type="way" ref="158849907" role="forward"/>
  <member type="way" ref="102414455" role="forward"/>
  <member type="way" ref="121667699" role="forward"/>
  <member type="way" ref="102414457" role="forward"/>
  <member type="way" ref="102414444" role="forward"/>
  <member type="way" ref="296526664" role="forward"/>
  <member type="way" ref="4298244" role="forward"/>
  <member type="way" ref="102414453" role=""/>
  <member type="way" ref="296526657" role=""/>
  <member type="way" ref="296526649" role=""/>
  <member type="way" ref="146029036" role="forward"/>
  <member type="way" ref="296526652" role="forward"/>
  <member type="way" ref="296526653" role="forward"/>
  <member type="way" ref="4881831" role="forward"/>
  <member type="way" ref="296526699" role="forward"/>
  <member type="way" ref="296526695" role="forward"/>
  <member type="way" ref="296526700" role="forward"/>
  <member type="way" ref="863590245" role="forward"/>
  <member type="way" ref="296526654" role="forward"/>
  <member type="way" ref="296526656" role="forward"/>
  <member type="way" ref="538549990" role="forward"/>
  <member type="way" ref="158749594" role="forward"/>
  <member type="way" ref="158749590" role="forward"/>
  <member type="way" ref="296526661" role="forward"/>
  <member type="way" ref="296526655" role="forward"/>
  <member type="way" ref="296526660" role="forward"/>
  <member type="way" ref="863590246" role="forward"/>
  <member type="way" ref="146029035" role="forward"/>
  <member type="way" ref="146029043" role=""/>
  <member type="way" ref="296526698" role=""/>
  <member type="way" ref="4298243" role=""/>
  <member type="way" ref="4298245" role=""/>
  <member type="way" ref="414803766" role=""/>
  <member type="way" ref="331211976" role=""/>
  <member type="way" ref="405987064" role=""/>
  <member type="way" ref="405987059" role=""/>
  <member type="way" ref="405987066" role=""/>
  <member type="way" ref="507904133" role=""/>
  <member type="way" ref="414803779" role=""/>
  <member type="way" ref="331211977" role=""/>
  <member type="way" ref="259939207" role=""/>
  <member type="way" ref="259939204" role=""/>
  <member type="way" ref="259939208" role=""/>
  <member type="way" ref="414803772" role=""/>
  <member type="way" ref="308179040" role=""/>
  <member type="way" ref="311591983" role=""/>
  <member type="way" ref="121667706" role=""/>
  <member type="way" ref="60794873" role=""/>
  <member type="way" ref="160495015" role=""/>
  <member type="way" ref="311591982" role=""/>
  <member type="way" ref="259939205" role=""/>
  <member type="way" ref="60794872" role=""/>
  <member type="way" ref="259939209" role=""/>
  <member type="way" ref="259939206" role=""/>
  <member type="way" ref="23060172" role=""/>
  <member type="way" ref="23060171" role=""/>
  <member type="way" ref="160616674" role=""/>
  <member type="way" ref="296526697" role=""/>
  <member type="way" ref="412795489" role=""/>
  <member type="way" ref="329025314" role=""/>
  <member type="way" ref="405987063" role=""/>
  <member type="way" ref="507908941" role=""/>
  <member type="way" ref="1099348178" role=""/>
  <member type="way" ref="493492018" role=""/>
  <member type="way" ref="405987073" role=""/>
  <member type="way" ref="160616661" role=""/>
  <member type="way" ref="412795486" role=""/>
  <member type="way" ref="507908942" role=""/>
  <member type="way" ref="160616665" role=""/>
  <member type="way" ref="405987061" role=""/>
  <member type="way" ref="24826449" role=""/>
  <member type="way" ref="24826448" role=""/>
  <member type="way" ref="296526704" role=""/>
  <member type="way" ref="416034716" role=""/>
  <member type="way" ref="412795488" role=""/>
  <member type="way" ref="160616672" role=""/>
  <member type="way" ref="121667707" role=""/>
  <member type="way" ref="329025313" role=""/>
  <member type="way" ref="121667705" role=""/>
  <member type="way" ref="459052144" role=""/>
  <member type="way" ref="296526703" role=""/>
  <member type="way" ref="160616670" role=""/>
  <member type="way" ref="412795487" role=""/>
  <member type="way" ref="160616653" role=""/>
  <member type="way" ref="459052142" role=""/>
  <member type="way" ref="416034717" role=""/>
  <member type="way" ref="459052143" role=""/>
  <member type="way" ref="296526702" role=""/>
  <member type="way" ref="296526696" role=""/>
  <member type="way" ref="136998617" role=""/>
  <member type="way" ref="534887895" role=""/>
  <member type="way" ref="163108542" role=""/>
  <member type="way" ref="25587062" role=""/>
  <member type="way" ref="244596729" role=""/>
  <member type="way" ref="300465453" role=""/>
  <member type="way" ref="158927435" role=""/>
  <member type="way" ref="158927437" role=""/>
  <member type="way" ref="158927436" role=""/>
  <member type="way" ref="244596728" role=""/>
  <member type="way" ref="244596730" role=""/>
  <member type="way" ref="1428461242" role=""/>
  <member type="way" ref="244596726" role=""/>
  <member type="way" ref="829389188" role=""/>
  <member type="way" ref="1182449456" role=""/>
  <member type="way" ref="92738118" role=""/>
  <member type="way" ref="154471430" role=""/>
  <member type="way" ref="154471429" role=""/>
  <member type="way" ref="242690226" role=""/>
  <member type="way" ref="198047538" role=""/>
  <member type="way" ref="92738122" role=""/>
  <member type="way" ref="242690225" role=""/>
  <member type="way" ref="242690224" role=""/>
  <member type="way" ref="322761397" role=""/>
  <member type="way" ref="92738119" role=""/>
  <member type="way" ref="371635271" role=""/>
  <member type="way" ref="25692812" role=""/>
  <member type="way" ref="215254808" role=""/>
  <member type="way" ref="215254805" role=""/>
  <member type="way" ref="25692811" role=""/>
  <member type="way" ref="215254797" role=""/>
  <member type="way" ref="85524649" role=""/>
  <member type="way" ref="85524652" role=""/>
  <member type="way" ref="43125703" role=""/>
  <member type="way" ref="54265814" role=""/>
  <member type="way" ref="85524647" role=""/>
  <member type="way" ref="215254799" role=""/>
  <member type="way" ref="131549733" role=""/>
  <member type="way" ref="215254802" role=""/>
  <member type="way" ref="154475420" role=""/>
  <member type="way" ref="154475419" role=""/>
  <member type="way" ref="308636249" role=""/>
  <member type="way" ref="92738089" role=""/>
  <member type="way" ref="242687760" role=""/>
  <member type="way" ref="302513706" role=""/>
  <member type="way" ref="242687759" role=""/>
  <member type="way" ref="85028339" role=""/>
  <member type="way" ref="85028342" role=""/>
  <member type="way" ref="534316267" role=""/>
  <member type="way" ref="85028338" role=""/>
  <member type="way" ref="242654626" role=""/>
  <member type="way" ref="317010773" role=""/>
  <member type="way" ref="92738126" role=""/>
  <member type="way" ref="22924055" role=""/>
  <member type="way" ref="223862960" role=""/>
  <member type="way" ref="41932788" role=""/>
  <member type="way" ref="223862961" role=""/>
  <member type="way" ref="56045970" role=""/>
  <member type="way" ref="56045968" role=""/>
  <member type="way" ref="41932787" role=""/>
  <member type="way" ref="242616370" role=""/>
  <member type="way" ref="92738114" role=""/>
  <member type="way" ref="4768618" role=""/>
  <member type="way" ref="236859441" role=""/>
  <member type="way" ref="358676387" role=""/>
  <member type="way" ref="236859444" role=""/>
  <member type="way" ref="192061513" role=""/>
  <member type="way" ref="72036151" role=""/>
  <member type="way" ref="342312079" role=""/>
  <member type="way" ref="236859443" role=""/>
  <member type="way" ref="174727696" role=""/>
  <member type="way" ref="236859442" role=""/>
  <member type="way" ref="355361556" role=""/>
  <member type="way" ref="54485891" role=""/>
  <member type="way" ref="125647291" role=""/>
  <member type="way" ref="125647296" role=""/>
  <member type="way" ref="26968733" role=""/>
  <member type="way" ref="26968732" role=""/>
  <member type="way" ref="267227382" role=""/>
  <member type="way" ref="150763495" role=""/>
  <member type="way" ref="215459482" role=""/>
  <member type="way" ref="150763490" role=""/>
  <member type="way" ref="115753104" role=""/>
  <member type="way" ref="215459480" role=""/>
  <member type="way" ref="267227381" role=""/>
  <member type="way" ref="92738127" role=""/>
  <member type="way" ref="4725917" role=""/>
  <member type="way" ref="119325854" role=""/>
  <member type="way" ref="1428238097" role=""/>
  <member type="way" ref="358676388" role=""/>
  <member type="way" ref="150763494" role=""/>
  <member type="way" ref="88376393" role=""/>
  <member type="way" ref="215459478" role=""/>
  <member type="way" ref="92738096" role=""/>
  <member type="way" ref="88376399" role=""/>
  <member type="way" ref="229794830" role=""/>
  <member type="way" ref="332744199" role=""/>
  <member type="way" ref="229794824" role=""/>
  <member type="way" ref="229794826" role=""/>
  <member type="way" ref="92738108" role=""/>
  <member type="way" ref="358676389" role=""/>
  <member type="way" ref="4749784" role=""/>
  <member type="way" ref="4734935" role=""/>
  <member type="way" ref="265458136" role=""/>
  <member type="way" ref="229794822" role=""/>
  <member type="way" ref="92738113" role=""/>
  <member type="way" ref="332744198" role=""/>
  <member type="way" ref="232039729" role=""/>
  <member type="way" ref="4734936" role=""/>
  <member type="way" ref="4734933" role=""/>
  <member type="way" ref="384589663" role=""/>
  <member type="way" ref="192239198" role=""/>
  <member type="way" ref="264342501" role=""/>
  <member type="way" ref="1510918425" role=""/>
  <member type="way" ref="69715529" role=""/>
  <member type="way" ref="192239201" role=""/>
  <tag k="operator" v="Baden-Württemberg"/>
  <tag k="ref" v="L 560"/>
  <tag k="route" v="road"/>
  <tag k="TMC:cid_58:tabcd_1:Class" v="Road"/>
  <tag k="TMC:cid_58:tabcd_1:LCLversion" v="8.00"/>
  <tag k="TMC:cid_58:tabcd_1:LocationCode" v="56830"/>
  <tag k="type" v="route"/>
 </relation>
 <relation id="165331" visible="true" version="239" changeset="177356330" timestamp="2026-01-18T00:05:40Z" user="MitteloberrheinischerWaldameisenschreck" uid="5934860">
  <member type="node" ref="25420900" role="stop"/>
  <member type="way" ref="159071064" role="platform"/>
  <member type="node" ref="1478909513" role="stop"/>
  <member type="way" ref="497755228" role="platform"/>
  <member type="node" ref="4065875741" role="stop"/>
  <member type="way" ref="404309945" role="platform"/>
  <member type="node" ref="1906744514" role="stop"/>
  <member type="way" ref="134650835" role="platform"/>
  <member type="node" ref="1480008139" role="stop"/>
  <member type="way" ref="134650834" role="platform"/>
  <member type="node" ref="31263712" role="stop"/>
  <member type="way" ref="172133013" role="platform"/>
  <member type="node" ref="6126664124" role="stop"/>
  <member type="way" ref="627247618" role="platform"/>
  <member type="node" ref="1125645835" role="stop"/>
  <member type="way" ref="162257669" role="platform"/>
  <member type="node" ref="2509332322" role="stop"/>
  <member type="way" ref="247200157" role="platform"/>
  <member type="node" ref="1633043184" role="stop"/>
  <member type="way" ref="98309821" role="platform"/>
  <member type="node" ref="1727482374" role="stop"/>
  <member type="way" ref="160708971" role="platform"/>
  <member type="node" ref="1633042846" role="stop"/>
  <member type="way" ref="150386194" role="platform"/>
  <member type="node" ref="655291802" role="stop"/>
  <member type="way" ref="50233829" role="platform"/>
  <member type="node" ref="25033878" role="stop"/>
  <member type="way" ref="447038905" role="platform"/>
  <member type="node" ref="1600680322" role="stop"/>
  <member type="way" ref="34628533" role="platform"/>
  <member type="node" ref="1587601553" role="stop"/>
  <member type="way" ref="145344299" role="platform"/>
  <member type="node" ref="2552588542" role="stop"/>
  <member type="way" ref="264603484" role="platform"/>
  <member type="node" ref="1787493456" role="stop"/>
  <member type="way" ref="167351409" role="platform"/>
  <member type="node" ref="3181300893" role="stop"/>
  <member type="way" ref="312276685" role="platform"/>
  <member type="node" ref="3170124330" role="stop"/>
  <member type="way" ref="311375937" role="platform"/>
  <member type="node" ref="30030050" role="stop"/>
  <member type="way" ref="150939265" role="platform"/>
  <member type="node" ref="28782022" role="stop"/>
  <member type="way" ref="35978347" role="platform"/>
  <member type="node" ref="31991824" role="stop"/>
  <member type="way" ref="35978345" role="platform"/>
  <member type="node" ref="26468393" role="stop"/>
  <member type="way" ref="149713578" role="platform"/>
  <member type="node" ref="1153791890" role="stop"/>
  <member type="way" ref="35979607" role="platform"/>
  <member type="node" ref="256570806" role="stop"/>
  <member type="way" ref="35979603" role="platform"/>
  <member type="node" ref="26468475" role="stop"/>
  <member type="way" ref="35979259" role="platform"/>
  <member type="node" ref="1747700862" role="stop"/>
  <member type="way" ref="11018334" role="platform"/>
  <member type="way" ref="1467901689" role="platform"/>
  <member type="node" ref="1747735512" role="stop"/>
  <member type="node" ref="13306201810" role="platform"/>
  <member type="node" ref="13306201809" role="platform"/>
  <member type="node" ref="1747799102" role="stop_exit_only"/>
  <member type="way" ref="1447172915" role="platform_exit_only"/>
  <member type="node" ref="1747821679" role="stop"/>
  <member type="node" ref="4066625698" role="platform"/>
  <member type="node" ref="256572194" role="stop"/>
  <member type="way" ref="35979254" role="platform"/>
  <member type="way" ref="439209790" role=""/>
  <member type="way" ref="645946805" role=""/>
  <member type="way" ref="645946801" role=""/>
  <member type="way" ref="645946798" role=""/>
  <member type="way" ref="134514630" role=""/>
  <member type="way" ref="655262626" role=""/>
  <member type="way" ref="655262620" role=""/>
  <member type="way" ref="655262619" role=""/>
  <member type="way" ref="655262628" role=""/>
  <member type="way" ref="540029318" role=""/>
  <member type="way" ref="317084707" role=""/>
  <member type="way" ref="180237887" role=""/>
  <member type="way" ref="397803942" role=""/>
  <member type="way" ref="655262608" role=""/>
  <member type="way" ref="655262596" role=""/>
  <member type="way" ref="234094237" role=""/>
  <member type="way" ref="180237888" role=""/>
  <member type="way" ref="134631655" role=""/>
  <member type="way" ref="309250643" role=""/>
  <member type="way" ref="239456815" role=""/>
  <member type="way" ref="150385932" role=""/>
  <member type="way" ref="1011837438" role=""/>
  <member type="way" ref="1218030363" role=""/>
  <member type="way" ref="191735770" role=""/>
  <member type="way" ref="169119615" role=""/>
  <member type="way" ref="409035877" role=""/>
  <member type="way" ref="1363840160" role=""/>
  <member type="way" ref="181744422" role=""/>
  <member type="way" ref="1013194697" role=""/>
  <member type="way" ref="404025465" role=""/>
  <member type="way" ref="1371103596" role=""/>
  <member type="way" ref="234094226" role=""/>
  <member type="way" ref="1218031190" role=""/>
  <member type="way" ref="1365979266" role=""/>
  <member type="way" ref="621963469" role=""/>
  <member type="way" ref="722347528" role=""/>
  <member type="way" ref="722347526" role=""/>
  <member type="way" ref="239456810" role=""/>
  <member type="way" ref="219438649" role=""/>
  <member type="way" ref="621963464" role=""/>
  <member type="way" ref="150385926" role=""/>
  <member type="way" ref="1218031583" role=""/>
  <member type="way" ref="1371145929" role=""/>
  <member type="way" ref="250368138" role=""/>
  <member type="way" ref="278360937" role=""/>
  <member type="way" ref="405742847" role=""/>
  <member type="way" ref="405742846" role=""/>
  <member type="way" ref="239456816" role=""/>
  <member type="way" ref="405742848" role=""/>
  <member type="way" ref="1374085221" role=""/>
  <member type="way" ref="405742849" role=""/>
  <member type="way" ref="243287248" role=""/>
  <member type="way" ref="167086212" role=""/>
  <member type="way" ref="243287249" role=""/>
  <member type="way" ref="1371147762" role=""/>
  <member type="way" ref="1217870314" role=""/>
  <member type="way" ref="150386093" role=""/>
  <member type="way" ref="51351569" role=""/>
  <member type="way" ref="137313796" role=""/>
  <member type="way" ref="355558508" role=""/>
  <member type="way" ref="252774861" role=""/>
  <member type="way" ref="1371150015" role=""/>
  <member type="way" ref="171246128" role=""/>
  <member type="way" ref="1217864355" role=""/>
  <member type="way" ref="473860584" role=""/>
  <member type="way" ref="1371150194" role=""/>
  <member type="way" ref="404479256" role=""/>
  <member type="way" ref="1217864357" role=""/>
  <member type="way" ref="1321805909" role=""/>
  <member type="way" ref="404384687" role=""/>
  <member type="way" ref="621963460" role=""/>
  <member type="way" ref="247422100" role=""/>
  <member type="way" ref="145735253" role=""/>
  <member type="way" ref="247250156" role=""/>
  <member type="way" ref="794058366" role=""/>
  <member type="way" ref="1011837426" role=""/>
  <member type="way" ref="4935800" role=""/>
  <member type="way" ref="928488840" role=""/>
  <member type="way" ref="1011837435" role=""/>
  <member type="way" ref="248464617" role=""/>
  <member type="way" ref="1371151987" role=""/>
  <member type="way" ref="1387882142" role=""/>
  <member type="way" ref="167081402" role=""/>
  <member type="way" ref="1215561653" role=""/>
  <member type="way" ref="1371151985" role=""/>
  <member type="way" ref="150939178" role=""/>
  <member type="way" ref="167081407" role=""/>
  <member type="way" ref="528496970" role=""/>
  <member type="way" ref="1353705063" role=""/>
  <member type="way" ref="173057995" role=""/>
  <member type="way" ref="1353132368" role=""/>
  <member type="way" ref="532049280" role=""/>
  <member type="way" ref="412543351" role=""/>
  <member type="way" ref="532049279" role=""/>
  <member type="way" ref="431622274" role=""/>
  <member type="way" ref="1259164461" role=""/>
  <member type="way" ref="150939199" role=""/>
  <member type="way" ref="1198069949" role=""/>
  <member type="way" ref="397798531" role=""/>
  <member type="way" ref="1259164773" role=""/>
  <member type="way" ref="1198069948" role=""/>
  <member type="way" ref="1198069947" role=""/>
  <member type="way" ref="150939183" role=""/>
  <member type="way" ref="397794061" role=""/>
  <member type="way" ref="1374082708" role=""/>
  <member type="way" ref="536712964" role=""/>
  <member type="way" ref="397798523" role=""/>
  <member type="way" ref="1374082257" role=""/>
  <member type="way" ref="1374082256" role=""/>
  <member type="way" ref="150939179" role=""/>
  <member type="way" ref="1374079904" role=""/>
  <member type="way" ref="1374079903" role=""/>
  <member type="way" ref="439218415" role=""/>
  <member type="way" ref="1180463232" role=""/>
  <member type="way" ref="404384681" role=""/>
  <member type="way" ref="397790487" role=""/>
  <member type="way" ref="534965704" role=""/>
  <member type="way" ref="101453931" role=""/>
  <member type="way" ref="444299757" role=""/>
  <member type="way" ref="101453936" role=""/>
  <member type="way" ref="99802939" role=""/>
  <member type="way" ref="1217868567" role=""/>
  <member type="way" ref="99802929" role=""/>
  <member type="way" ref="162984837" role=""/>
  <member type="way" ref="162984839" role=""/>
  <member type="way" ref="439218421" role=""/>
  <member type="way" ref="4300800" role=""/>
  <member type="way" ref="439218417" role=""/>
  <member type="way" ref="1450853368" role=""/>
  <member type="way" ref="269175974" role=""/>
  <member type="way" ref="1451174090" role=""/>
  <member type="way" ref="439218424" role=""/>
  <member type="way" ref="439282530" role=""/>
  <member type="way" ref="163002755" role=""/>
  <member type="way" ref="163002759" role=""/>
  <member type="way" ref="439292732" role=""/>
  <member type="way" ref="1218255248" role=""/>
  <member type="way" ref="35782254" role=""/>
  <member type="way" ref="439218418" role=""/>
  <member type="way" ref="101456844" role=""/>
  <member type="way" ref="1218254988" role=""/>
  <tag k="colour" v="#947139"/>
  <tag k="from" v="Rintheim"/>
  <tag k="headway" v="10"/>
  <tag k="name" v="Straßenbahn 3: Rintheim =&gt; Daxlanden/Rappenwört"/>
  <tag k="network" v="Karlsruher Verkehrsverbund"/>
  <tag k="network:short" v="KVV"/>
  <tag k="network:wikidata" v="Q1733986"/>
  <tag k="operator" v="Verkehrsbetriebe Karlsruhe GmbH"/>
  <tag k="operator:wikidata" v="Q644958"/>
  <tag k="public_transport:version" v="2"/>
  <tag k="ref" v="3"/>
  <tag k="route" v="tram"/>
  <tag k="to" v="Daxlanden/Rappenwört"/>
  <tag k="type" v="route"/>
  <tag k="wikidata" v="Q121359743"/>
 </relation>
 <relation id="165332" visible="true" version="251" changeset="177329491" timestamp="2026-01-17T10:17:58Z" user="osm-pt-account 😎" uid="12419182">
  <member type="node" ref="256572194" role="stop"/>
  <member type="way" ref="35979254" role="platform"/>
  <member type="node" ref="1747735607" role="stop"/>
  <member type="way" ref="35979257" role="platform"/>
  <member type="node" ref="12786231848" role="platform"/>
  <member type="node" ref="1747735513" role="stop"/>
  <member type="way" ref="35979258" role="platform"/>
  <member type="node" ref="1747735512" role="stop"/>
  <member type="node" ref="4066625699" role="platform"/>
  <member type="node" ref="1747700868" role="stop"/>
  <member type="way" ref="659889618" role="platform"/>
  <member type="node" ref="1155496366" role="stop"/>
  <member type="way" ref="1223444045" role="platform"/>
  <member type="node" ref="1155496435" role="stop"/>
  <member type="way" ref="35979602" role="platform"/>
  <member type="node" ref="26468446" role="stop"/>
  <member type="way" ref="35979606" role="platform"/>
  <member type="node" ref="1744226202" role="stop"/>
  <member type="way" ref="149713579" role="platform"/>
  <member type="node" ref="1744228270" role="stop"/>
  <member type="way" ref="35978346" role="platform"/>
  <member type="node" ref="1744235502" role="stop"/>
  <member type="way" ref="35978348" role="platform"/>
  <member type="node" ref="1637997552" role="stop"/>
  <member type="way" ref="150939252" role="platform"/>
  <member type="node" ref="1637996711" role="stop"/>
  <member type="way" ref="221060836" role="platform"/>
  <member type="node" ref="3181300892" role="stop"/>
  <member type="way" ref="312276686" role="platform"/>
  <member type="node" ref="1124168178" role="stop"/>
  <member type="way" ref="167351410" role="platform"/>
  <member type="node" ref="2702674060" role="stop"/>
  <member type="way" ref="248466784" role="platform"/>
  <member type="node" ref="1587601550" role="stop"/>
  <member type="way" ref="145344300" role="platform"/>
  <member type="node" ref="1600680321" role="stop"/>
  <member type="way" ref="34628532" role="platform"/>
  <member type="node" ref="660327501" role="stop"/>
  <member type="way" ref="447038910" role="platform"/>
  <member type="node" ref="655291807" role="stop"/>
  <member type="way" ref="50233830" role="platform"/>
  <member type="node" ref="1633042885" role="stop"/>
  <member type="way" ref="150386191" role="platform"/>
  <member type="node" ref="402533399" role="stop"/>
  <member type="way" ref="160708973" role="platform"/>
  <member type="node" ref="2023224149" role="stop"/>
  <member type="way" ref="98309823" role="platform"/>
  <member type="node" ref="2509332326" role="stop"/>
  <member type="way" ref="247200143" role="platform"/>
  <member type="node" ref="25033857" role="stop"/>
  <member type="way" ref="355540569" role="platform"/>
  <member type="node" ref="6037870927" role="stop"/>
  <member type="way" ref="627247617" role="platform"/>
  <member type="node" ref="1144940824" role="stop"/>
  <member type="way" ref="172133015" role="platform"/>
  <member type="node" ref="1480007541" role="stop"/>
  <member type="way" ref="134631650" role="platform"/>
  <member type="node" ref="1480157146" role="stop"/>
  <member type="way" ref="134650836" role="platform"/>
  <member type="node" ref="1143095809" role="stop"/>
  <member type="way" ref="497762852" role="platform"/>
  <member type="node" ref="1478909514" role="stop"/>
  <member type="way" ref="416450450" role="platform"/>
  <member type="node" ref="25420900" role="stop"/>
  <member type="way" ref="159071064" role="platform"/>
  <member type="way" ref="1218254987" role=""/>
  <member type="way" ref="1218254986" role=""/>
  <member type="way" ref="160605640" role=""/>
  <member type="way" ref="1218254984" role=""/>
  <member type="way" ref="100007393" role=""/>
  <member type="way" ref="439292735" role=""/>
  <member type="way" ref="35782254" role=""/>
  <member type="way" ref="1218255248" role=""/>
  <member type="way" ref="439218420" role=""/>
  <member type="way" ref="163002762" role=""/>
  <member type="way" ref="162990538" role=""/>
  <member type="way" ref="162990539" role=""/>
  <member type="way" ref="439218422" role=""/>
  <member type="way" ref="291740749" role=""/>
  <member type="way" ref="1450853368" role=""/>
  <member type="way" ref="439218417" role=""/>
  <member type="way" ref="4300800" role=""/>
  <member type="way" ref="439218423" role=""/>
  <member type="way" ref="162984840" role=""/>
  <member type="way" ref="162984838" role=""/>
  <member type="way" ref="99962704" role=""/>
  <member type="way" ref="1217868566" role=""/>
  <member type="way" ref="99802945" role=""/>
  <member type="way" ref="99802933" role=""/>
  <member type="way" ref="101453941" role=""/>
  <member type="way" ref="531061120" role=""/>
  <member type="way" ref="397790488" role=""/>
  <member type="way" ref="404384682" role=""/>
  <member type="way" ref="1180463233" role=""/>
  <member type="way" ref="439218416" role=""/>
  <member type="way" ref="1374079902" role=""/>
  <member type="way" ref="1374079901" role=""/>
  <member type="way" ref="150939180" role=""/>
  <member type="way" ref="1374082255" role=""/>
  <member type="way" ref="1374082254" role=""/>
  <member type="way" ref="397798530" role=""/>
  <member type="way" ref="150939198" role=""/>
  <member type="way" ref="1374082709" role=""/>
  <member type="way" ref="536716575" role=""/>
  <member type="way" ref="1259166023" role=""/>
  <member type="way" ref="165380096" role=""/>
  <member type="way" ref="1259166022" role=""/>
  <member type="way" ref="150939195" role=""/>
  <member type="way" ref="1198069952" role=""/>
  <member type="way" ref="1198069951" role=""/>
  <member type="way" ref="1198069950" role=""/>
  <member type="way" ref="397798529" role=""/>
  <member type="way" ref="438021816" role=""/>
  <member type="way" ref="419030769" role=""/>
  <member type="way" ref="438021817" role=""/>
  <member type="way" ref="419030770" role=""/>
  <member type="way" ref="531061132" role=""/>
  <member type="way" ref="1353132369" role=""/>
  <member type="way" ref="412543354" role=""/>
  <member type="way" ref="1353705062" role=""/>
  <member type="way" ref="419030768" role=""/>
  <member type="way" ref="308727888" role=""/>
  <member type="way" ref="167081409" role=""/>
  <member type="way" ref="1013196764" role=""/>
  <member type="way" ref="1371151986" role=""/>
  <member type="way" ref="309066201" role=""/>
  <member type="way" ref="4256612" role=""/>
  <member type="way" ref="180236100" role=""/>
  <member type="way" ref="1371151988" role=""/>
  <member type="way" ref="1387882143" role=""/>
  <member type="way" ref="397840194" role=""/>
  <member type="way" ref="793869266" role=""/>
  <member type="way" ref="928488839" role=""/>
  <member type="way" ref="1011837434" role=""/>
  <member type="way" ref="1011837427" role=""/>
  <member type="way" ref="1371150748" role=""/>
  <member type="way" ref="794058365" role=""/>
  <member type="way" ref="248465924" role=""/>
  <member type="way" ref="163243136" role=""/>
  <member type="way" ref="167081410" role=""/>
  <member type="way" ref="621971829" role=""/>
  <member type="way" ref="404384686" role=""/>
  <member type="way" ref="1321805910" role=""/>
  <member type="way" ref="1217864356" role=""/>
  <member type="way" ref="247422101" role=""/>
  <member type="way" ref="171246129" role=""/>
  <member type="way" ref="1371150192" role=""/>
  <member type="way" ref="1371150193" role=""/>
  <member type="way" ref="473860583" role=""/>
  <member type="way" ref="171246127" role=""/>
  <member type="way" ref="170767525" role=""/>
  <member type="way" ref="165709018" role=""/>
  <member type="way" ref="150386176" role=""/>
  <member type="way" ref="1371150014" role=""/>
  <member type="way" ref="366564241" role=""/>
  <member type="way" ref="366564249" role=""/>
  <member type="way" ref="51351570" role=""/>
  <member type="way" ref="1217865620" role=""/>
  <member type="way" ref="150386097" role=""/>
  <member type="way" ref="1371147764" role=""/>
  <member type="way" ref="265020381" role=""/>
  <member type="way" ref="250368139" role=""/>
  <member type="way" ref="1441490783" role=""/>
  <member type="way" ref="1217865619" role=""/>
  <member type="way" ref="1374085220" role=""/>
  <member type="way" ref="405742845" role=""/>
  <member type="way" ref="405742844" role=""/>
  <member type="way" ref="407178389" role=""/>
  <member type="way" ref="150385913" role=""/>
  <member type="way" ref="247200150" role=""/>
  <member type="way" ref="1371145930" role=""/>
  <member type="way" ref="1217866997" role=""/>
  <member type="way" ref="1217866996" role=""/>
  <member type="way" ref="853227296" role=""/>
  <member type="way" ref="169013998" role=""/>
  <member type="way" ref="219438647" role=""/>
  <member type="way" ref="317084708" role=""/>
  <member type="way" ref="243287246" role=""/>
  <member type="way" ref="722347527" role=""/>
  <member type="way" ref="722347523" role=""/>
  <member type="way" ref="1365979267" role=""/>
  <member type="way" ref="1371103597" role=""/>
  <member type="way" ref="247200145" role=""/>
  <member type="way" ref="223073282" role=""/>
  <member type="way" ref="1363840159" role=""/>
  <member type="way" ref="1363840158" role=""/>
  <member type="way" ref="411096157" role=""/>
  <member type="way" ref="620119349" role=""/>
  <member type="way" ref="191735766" role=""/>
  <member type="way" ref="1011837437" role=""/>
  <member type="way" ref="191735761" role=""/>
  <member type="way" ref="134499487" role=""/>
  <member type="way" ref="504304869" role=""/>
  <member type="way" ref="191735765" role=""/>
  <member type="way" ref="1216037205" role=""/>
  <member type="way" ref="638610484" role=""/>
  <member type="way" ref="141198181" role=""/>
  <member type="way" ref="655262595" role=""/>
  <member type="way" ref="655262607" role=""/>
  <member type="way" ref="180237886" role=""/>
  <member type="way" ref="246322943" role=""/>
  <member type="way" ref="397803943" role=""/>
  <member type="way" ref="652094873" role=""/>
  <member type="way" ref="180237899" role=""/>
  <member type="way" ref="246322941" role=""/>
  <member type="way" ref="540029317" role=""/>
  <member type="way" ref="246322946" role=""/>
  <member type="way" ref="655262618" role=""/>
  <member type="way" ref="655262617" role=""/>
  <member type="way" ref="655262627" role=""/>
  <member type="way" ref="655262625" role=""/>
  <member type="way" ref="246322945" role=""/>
  <member type="way" ref="645946794" role=""/>
  <member type="way" ref="645946790" role=""/>
  <member type="way" ref="403367373" role=""/>
  <member type="way" ref="403367372" role=""/>
  <tag k="colour" v="#947139"/>
  <tag k="from" v="Rappenwört/Daxlanden"/>
  <tag k="headway" v="10"/>
  <tag k="name" v="Straßenbahn 3: Rappenwört/Daxlanden =&gt; Rintheim"/>
  <tag k="network" v="Karlsruher Verkehrsverbund"/>
  <tag k="network:short" v="KVV"/>
  <tag k="network:wikidata" v="Q1733986"/>
  <tag k="operator" v="Verkehrsbetriebe Karlsruhe GmbH"/>
  <tag k="operator:wikidata" v="Q644958"/>
  <tag k="public_transport:version" v="2"/>
  <tag k="ref" v="3"/>
  <tag k="route" v="tram"/>
  <tag k="to" v="Rintheim"/>
  <tag k="type" v="route"/>
  <tag k="wikidata" v="Q121359743"/>
 </relation>
 <relation id="3874520" visible="true" version="123" changeset="177356330" timestamp="2026-01-18T00:05:40Z" user="MitteloberrheinischerWaldameisenschreck" uid="5934860">
  <member type="node" ref="25420900" role="stop"/>
  <member type="way" ref="159071064" role="platform"/>
  <member type="node" ref="1478909513" role="stop"/>
  <member type="way" ref="497755228" role="platform"/>
  <member type="node" ref="4065875741" role="stop"/>
  <member type="way" ref="404309945" role="platform"/>
  <member type="node" ref="1906744514" role="stop"/>
  <member type="way" ref="134650835" role="platform"/>
  <member type="node" ref="1480008139" role="stop"/>
  <member type="way" ref="134650834" role="platform"/>
  <member type="node" ref="31263712" role="stop"/>
  <member type="way" ref="172133013" role="platform"/>
  <member type="node" ref="6126664124" role="stop"/>
  <member type="way" ref="627247618" role="platform"/>
  <member type="node" ref="1125645835" role="stop"/>
  <member type="way" ref="162257669" role="platform"/>
  <member type="node" ref="2509332322" role="stop"/>
  <member type="way" ref="247200157" role="platform"/>
  <member type="node" ref="1633043184" role="stop"/>
  <member type="way" ref="98309821" role="platform"/>
  <member type="node" ref="1727482374" role="stop"/>
  <member type="way" ref="160708971" role="platform"/>
  <member type="node" ref="1633042846" role="stop"/>
  <member type="way" ref="150386194" role="platform"/>
  <member type="node" ref="655291802" role="stop"/>
  <member type="way" ref="50233829" role="platform"/>
  <member type="node" ref="25033878" role="stop"/>
  <member type="way" ref="447038905" role="platform"/>
  <member type="node" ref="1600680322" role="stop"/>
  <member type="way" ref="34628533" role="platform"/>
  <member type="node" ref="1587601553" role="stop"/>
  <member type="way" ref="145344299" role="platform"/>
  <member type="node" ref="2552588542" role="stop"/>
  <member type="way" ref="264603484" role="platform"/>
  <member type="node" ref="1787493456" role="stop"/>
  <member type="way" ref="167351409" role="platform"/>
  <member type="node" ref="3181300893" role="stop"/>
  <member type="way" ref="312276685" role="platform"/>
  <member type="node" ref="3170124330" role="stop"/>
  <member type="way" ref="311375937" role="platform"/>
  <member type="node" ref="30030050" role="stop"/>
  <member type="way" ref="150939265" role="platform"/>
  <member type="node" ref="28782022" role="stop"/>
  <member type="way" ref="35978347" role="platform"/>
  <member type="node" ref="31991824" role="stop"/>
  <member type="way" ref="35978345" role="platform"/>
  <member type="node" ref="26468393" role="stop"/>
  <member type="way" ref="149713578" role="platform"/>
  <member type="node" ref="1153791890" role="stop"/>
  <member type="way" ref="35979607" role="platform"/>
  <member type="node" ref="256570806" role="stop"/>
  <member type="way" ref="35979603" role="platform"/>
  <member type="node" ref="26468475" role="stop"/>
  <member type="way" ref="35979259" role="platform"/>
  <member type="node" ref="1747700862" role="stop"/>
  <member type="way" ref="11018334" role="platform"/>
  <member type="way" ref="1467901689" role="platform"/>
  <member type="node" ref="1747735512" role="stop"/>
  <member type="node" ref="13306201810" role="platform"/>
  <member type="node" ref="1747735513" role="stop"/>
  <member type="node" ref="13306201809" role="platform"/>
  <member type="node" ref="1747799102" role="stop_exit_only"/>
  <member type="way" ref="1447172915" role="platform_exit_only"/>
  <member type="way" ref="439209790" role=""/>
  <member type="way" ref="645946805" role=""/>
  <member type="way" ref="645946801" role=""/>
  <member type="way" ref="645946798" role=""/>
  <member type="way" ref="134514630" role=""/>
  <member type="way" ref="655262626" role=""/>
  <member type="way" ref="655262620" role=""/>
  <member type="way" ref="655262619" role=""/>
  <member type="way" ref="655262628" role=""/>
  <member type="way" ref="540029318" role=""/>
  <member type="way" ref="317084707" role=""/>
  <member type="way" ref="180237887" role=""/>
  <member type="way" ref="397803942" role=""/>
  <member type="way" ref="655262608" role=""/>
  <member type="way" ref="655262596" role=""/>
  <member type="way" ref="234094237" role=""/>
  <member type="way" ref="180237888" role=""/>
  <member type="way" ref="134631655" role=""/>
  <member type="way" ref="309250643" role=""/>
  <member type="way" ref="239456815" role=""/>
  <member type="way" ref="150385932" role=""/>
  <member type="way" ref="1011837438" role=""/>
  <member type="way" ref="1218030363" role=""/>
  <member type="way" ref="191735770" role=""/>
  <member type="way" ref="169119615" role=""/>
  <member type="way" ref="409035877" role=""/>
  <member type="way" ref="1363840160" role=""/>
  <member type="way" ref="181744422" role=""/>
  <member type="way" ref="1013194697" role=""/>
  <member type="way" ref="404025465" role=""/>
  <member type="way" ref="1371103596" role=""/>
  <member type="way" ref="234094226" role=""/>
  <member type="way" ref="1218031190" role=""/>
  <member type="way" ref="1365979266" role=""/>
  <member type="way" ref="621963469" role=""/>
  <member type="way" ref="722347528" role=""/>
  <member type="way" ref="722347526" role=""/>
  <member type="way" ref="239456810" role=""/>
  <member type="way" ref="219438649" role=""/>
  <member type="way" ref="621963464" role=""/>
  <member type="way" ref="150385926" role=""/>
  <member type="way" ref="1218031583" role=""/>
  <member type="way" ref="1371145929" role=""/>
  <member type="way" ref="250368138" role=""/>
  <member type="way" ref="278360937" role=""/>
  <member type="way" ref="405742847" role=""/>
  <member type="way" ref="405742846" role=""/>
  <member type="way" ref="239456816" role=""/>
  <member type="way" ref="405742848" role=""/>
  <member type="way" ref="1374085221" role=""/>
  <member type="way" ref="405742849" role=""/>
  <member type="way" ref="243287248" role=""/>
  <member type="way" ref="167086212" role=""/>
  <member type="way" ref="243287249" role=""/>
  <member type="way" ref="1371147762" role=""/>
  <member type="way" ref="1217870314" role=""/>
  <member type="way" ref="150386093" role=""/>
  <member type="way" ref="51351569" role=""/>
  <member type="way" ref="137313796" role=""/>
  <member type="way" ref="355558508" role=""/>
  <member type="way" ref="252774861" role=""/>
  <member type="way" ref="1371150015" role=""/>
  <member type="way" ref="171246128" role=""/>
  <member type="way" ref="1217864355" role=""/>
  <member type="way" ref="473860584" role=""/>
  <member type="way" ref="1371150194" role=""/>
  <member type="way" ref="404479256" role=""/>
  <member type="way" ref="1217864357" role=""/>
  <member type="way" ref="1321805909" role=""/>
  <member type="way" ref="404384687" role=""/>
  <member type="way" ref="621963460" role=""/>
  <member type="way" ref="247422100" role=""/>
  <member type="way" ref="145735253" role=""/>
  <member type="way" ref="247250156" role=""/>
  <member type="way" ref="794058366" role=""/>
  <member type="way" ref="1011837426" role=""/>
  <member type="way" ref="4935800" role=""/>
  <member type="way" ref="928488840" role=""/>
  <member type="way" ref="1011837435" role=""/>
  <member type="way" ref="248464617" role=""/>
  <member type="way" ref="1371151987" role=""/>
  <member type="way" ref="1387882142" role=""/>
  <member type="way" ref="167081402" role=""/>
  <member type="way" ref="1215561653" role=""/>
  <member type="way" ref="1371151985" role=""/>
  <member type="way" ref="150939178" role=""/>
  <member type="way" ref="167081407" role=""/>
  <member type="way" ref="528496970" role=""/>
  <member type="way" ref="1353705063" role=""/>
  <member type="way" ref="173057995" role=""/>
  <member type="way" ref="1353132368" role=""/>
  <member type="way" ref="532049280" role=""/>
  <member type="way" ref="412543351" role=""/>
  <member type="way" ref="532049279" role=""/>
  <member type="way" ref="431622274" role=""/>
  <member type="way" ref="1259164461" role=""/>
  <member type="way" ref="150939199" role=""/>
  <member type="way" ref="1198069949" role=""/>
  <member type="way" ref="397798531" role=""/>
  <member type="way" ref="1259164773" role=""/>
  <member type="way" ref="1198069948" role=""/>
  <member type="way" ref="1198069947" role=""/>
  <member type="way" ref="150939183" role=""/>
  <member type="way" ref="397794061" role=""/>
  <member type="way" ref="1374082708" role=""/>
  <member type="way" ref="536712964" role=""/>
  <member type="way" ref="397798523" role=""/>
  <member type="way" ref="1374082257" role=""/>
  <member type="way" ref="1374082256" role=""/>
  <member type="way" ref="150939179" role=""/>
  <member type="way" ref="1374079904" role=""/>
  <member type="way" ref="1374079903" role=""/>
  <member type="way" ref="439218415" role=""/>
  <member type="way" ref="1180463232" role=""/>
  <member type="way" ref="404384681" role=""/>
  <member type="way" ref="397790487" role=""/>
  <member type="way" ref="534965704" role=""/>
  <member type="way" ref="101453931" role=""/>
  <member type="way" ref="444299757" role=""/>
  <member type="way" ref="101453936" role=""/>
  <member type="way" ref="99802939" role=""/>
  <member type="way" ref="1217868567" role=""/>
  <member type="way" ref="99802929" role=""/>
  <member type="way" ref="162984837" role=""/>
  <member type="way" ref="162984839" role=""/>
  <member type="way" ref="439218421" role=""/>
  <member type="way" ref="4300800" role=""/>
  <member type="way" ref="439218417" role=""/>
  <member type="way" ref="1450853368" role=""/>
  <member type="way" ref="269175974" role=""/>
  <member type="way" ref="1451174090" role=""/>
  <member type="way" ref="439218424" role=""/>
  <member type="way" ref="397806607" role=""/>
  <tag k="alternate" v="no"/>
  <tag k="by_night" v="no"/>
  <tag k="colour" v="#00FF00"/>
  <tag k="from" v="Rintheim"/>
  <tag k="headway" v="10"/>
  <tag k="interval" v="20"/>
  <tag k="interval:note" v="wird Mo-Sa tagsüber zu einem 10min Takt verdichtet durch die Züge bis Rappenwört"/>
  <tag k="name" v="Straßenbahn 3: Rintheim =&gt; Daxlanden"/>
  <tag k="network" v="Karlsruher Verkehrsverbund"/>
  <tag k="network:short" v="KVV"/>
  <tag k="network:wikidata" v="Q1733986"/>
  <tag k="operator" v="Verkehrsbetriebe Karlsruhe GmbH"/>
  <tag k="public_transport:version" v="2"/>
  <tag k="ref" v="3"/>
  <tag k="route" v="tram"/>
  <tag k="text_colour" v="#FFFFFF"/>
  <tag k="to" v="Daxlanden Waidweg"/>
  <tag k="type" v="route"/>
  <tag k="via" v="Hauptfriedhof;Tullastraße;Konzerthaus;Karlstor;Mühlburger Tor;Yorckstraße;Entenfang;Stadtwerke"/>
  <tag k="wikidata" v="Q121359743"/>
 </relation>
 <relation id="4272666" visible="true" version="4" changeset="53377925" timestamp="2017-10-30T19:59:46Z" user="mapper999" uid="165061">
  <member type="node" ref="3233060882" role=""/>
  <member type="node" ref="1478909514" role="stop"/>
  <member type="node" ref="1478909513" role="stop"/>
  <member type="way" ref="416450450" role="platform"/>
  <member type="way" ref="497755228" role="platform"/>
  <tag k="name" v="Forststraße"/>
  <tag k="network" v="Karlsruher Verkehrsverbund"/>
  <tag k="operator" v="Verkehrsbetriebe Karlsruhe GmbH"/>
  <tag k="public_transport" v="stop_area"/>
  <tag k="ref_name" v="Rintheim Forststraße"/>
  <tag k="type" v="public_transport"/>
  <tag k="uic_ref" v="722278"/>
  <tag k="wheelchair" v="yes"/>
 </relation>
 <relation id="7396937" visible="true" version="6" changeset="120949683" timestamp="2022-05-13T18:35:04Z" user="B-Rabbit" uid="952926">
  <member type="way" ref="42272062" role="outer"/>
  <member type="way" ref="507795995" role="inner"/>
  <member type="way" ref="507795994" role="inner"/>
  <tag k="access" v="customers"/>
  <tag k="amenity" v="parking"/>
  <tag k="capacity" v="116"/>
  <tag k="capacity:disabled" v="2"/>
  <tag k="customers" v="Netto Marken-Discount"/>
  <tag k="fee" v="no"/>
  <tag k="lit" v="yes"/>
  <tag k="maxstay" v="120"/>
  <tag k="operator" v="Netto Marken-Discount AG &amp; Co. KG"/>
  <tag k="parking" v="surface"/>
  <tag k="surface" v="paving_stones"/>
  <tag k="type" v="multipolygon"/>
  <tag k="wheelchair" v="yes"/>
 </relation>
 <relation id="8001705" visible="true" version="1" changeset="56191152" timestamp="2018-02-08T17:51:12Z" user="MitteloberrheinischerWaldameisenschreck" uid="5934860">
  <member type="way" ref="559816996" role="outer"/>
  <member type="way" ref="559816997" role="outer"/>
  <tag k="admin_level" v="11"/>
  <tag k="boundary" v="administrative"/>
  <tag k="de:Stadtviertelnummer" v="172"/>
  <tag k="name" v="Rintheimer Feld"/>
  <tag k="type" v="boundary"/>
 </relation>
 <relation id="8001706" visible="true" version="1" changeset="56191152" timestamp="2018-02-08T17:51:12Z" user="MitteloberrheinischerWaldameisenschreck" uid="5934860">
  <member type="way" ref="559816997" role="outer"/>
  <member type="way" ref="559816998" role="outer"/>
  <member type="way" ref="559816993" role="outer"/>
  <member type="way" ref="559816994" role="outer"/>
  <member type="way" ref="559816995" role="outer"/>
  <tag k="admin_level" v="11"/>
  <tag k="boundary" v="administrative"/>
  <tag k="de:Stadtviertelnummer" v="071"/>
  <tag k="name" v="Oststadt Nördlicher Teil"/>
  <tag k="type" v="boundary"/>
 </relation>
 <relation id="8001707" visible="true" version="4" changeset="56199748" timestamp="2018-02-08T23:15:00Z" user="MitteloberrheinischerWaldameisenschreck" uid="5934860">
  <member type="way" ref="559816995" role="outer"/>
  <member type="way" ref="559816992" role="outer"/>
  <member type="way" ref="559816991" role="outer"/>
  <member type="way" ref="559862544" role="outer"/>
  <member type="way" ref="29499087" role="outer"/>
  <member type="way" ref="559901722" role="outer"/>
  <member type="way" ref="559912766" role="outer"/>
  <member type="way" ref="134201055" role="outer"/>
  <tag k="admin_level" v="11"/>
  <tag k="boundary" v="administrative"/>
  <tag k="de:Stadtviertelnummer" v="072"/>
  <tag k="name" v="Oststadt Südlicher Teil"/>
  <tag k="type" v="boundary"/>
 </relation>
 <relation id="8001708" visible="true" version="3" changeset="165133041" timestamp="2025-04-18T22:32:47Z" user="welzheimerwald" uid="4454169">
  <member type="way" ref="29499067" role="outer"/>
  <member type="way" ref="559772823" role="outer"/>
  <member type="way" ref="29499062" role="outer"/>
  <member type="way" ref="559816998" role="outer"/>
  <member type="way" ref="559816996" role="outer"/>
  <member type="way" ref="134201055" role="outer"/>
  <member type="way" ref="1378757691" role="outer"/>
  <member type="way" ref="29499089" role="outer"/>
  <member type="way" ref="559912764" role="outer"/>
  <tag k="admin_level" v="11"/>
  <tag k="boundary" v="administrative"/>
  <tag k="de:Stadtviertelnummer" v="171"/>
  <tag k="name" v="Alt-Rintheim"/>
  <tag k="type" v="boundary"/>
 </relation>
 <relation id="9289272" visible="true" version="1" changeset="66866967" timestamp="2019-02-02T23:10:13Z" user="mapper999" uid="165061">
  <member type="way" ref="122835718" role="inner"/>
  <member type="way" ref="667958074" role="outer"/>
  <tag k="addr:city" v="Karlsruhe"/>
  <tag k="addr:country" v="DE"/>
  <tag k="addr:housenumber" v="4"/>
  <tag k="addr:postcode" v="76131"/>
  <tag k="addr:street" v="Ostring"/>
  <tag k="building" v="yes"/>
  <tag k="source:outline" v="Maps4BW (LGL-BW, www.lgl-bw.de)"/>
  <tag k="type" v="multipolygon"/>
 </relation>
 <relation id="9289273" visible="true" version="1" changeset="66866967" timestamp="2019-02-02T23:10:13Z" user="mapper999" uid="165061">
  <member type="way" ref="413980128" role="from"/>
  <member type="node" ref="25928872" role="intersection"/>
  <member type="way" ref="638610458" role="to"/>
  <tag k="colour:arrow" v="black"/>
  <tag k="colour:back" v="white"/>
  <tag k="colour:text" v="black"/>
  <tag k="destination" v="Sporthalle"/>
  <tag k="type" v="destination_sign"/>
 </relation>
</osm>
